"temperature_C_cat","rainfall_mm_cat","fertiliser_kgha_cat","chem_weed_control_kgha_cat","soil_organic_matter_cat","region","irrigation","seed_brand","tractor_brand","temperature_mean","rainfall_mean","fertiliser_mean","chem_weed_control_mean","soil_organic_matter_mean","temperature_C_z","rainfall_mm_z","fertiliser_kgha_z","chem_weed_control_kgha_z","soil_organic_matter_z","yield_tha"
"Low","Low","Low","Low","Low","Free State","Rainfed","Pannar","John Deere",19.9113432835821,408,135.153059701493,144.721044776119,3.38760447761194,-1.15771721515279,-1.18155572794745,-1.11851500073808,-1.16038181241284,-1.18148746836324,5.0402061168818
"Low","Low","Low","Low","Low","Mpumalanga","Rainfed","Pannar","John Deere",19.9113432835821,408,135.153059701493,144.721044776119,3.38760447761194,-1.15771721515279,-1.18155572794745,-1.11851500073808,-1.16038181241284,-1.18148746836324,5.19989841827333
"Low","Low","Low","Low","Low","North West","Rainfed","Pannar","John Deere",19.9113432835821,408,135.153059701493,144.721044776119,3.38760447761194,-1.15771721515279,-1.18155572794745,-1.11851500073808,-1.16038181241284,-1.18148746836324,4.24854694601138
"Low","Low","Low","Low","Low","Free State","Irrigated","Pannar","John Deere",19.9113432835821,408,135.153059701493,144.721044776119,3.38760447761194,-1.15771721515279,-1.18155572794745,-1.11851500073808,-1.16038181241284,-1.18148746836324,4.36991471727889
"Low","Low","Low","Low","Low","Mpumalanga","Irrigated","Pannar","John Deere",19.9113432835821,408,135.153059701493,144.721044776119,3.38760447761194,-1.15771721515279,-1.18155572794745,-1.11851500073808,-1.16038181241284,-1.18148746836324,6.13019752072773
"Low","Low","Low","Low","Low","North West","Irrigated","Pannar","John Deere",19.9113432835821,408,135.153059701493,144.721044776119,3.38760447761194,-1.15771721515279,-1.18155572794745,-1.11851500073808,-1.16038181241284,-1.18148746836324,5.18182598398022
"Low","Low","Low","Low","Low","Free State","Rainfed","Dekalb","John Deere",19.9113432835821,408,135.153059701493,144.721044776119,3.38760447761194,-1.15771721515279,-1.18155572794745,-1.11851500073808,-1.16038181241284,-1.18148746836324,5.00486671402315
"Low","Low","Low","Low","Low","Mpumalanga","Rainfed","Dekalb","John Deere",19.9113432835821,408,135.153059701493,144.721044776119,3.38760447761194,-1.15771721515279,-1.18155572794745,-1.11851500073808,-1.16038181241284,-1.18148746836324,5.24281587718386
"Low","Low","Low","Low","Low","North West","Rainfed","Dekalb","John Deere",19.9113432835821,408,135.153059701493,144.721044776119,3.38760447761194,-1.15771721515279,-1.18155572794745,-1.11851500073808,-1.16038181241284,-1.18148746836324,5.03767221895335
"Low","Low","Low","Low","Low","Free State","Irrigated","Dekalb","John Deere",19.9113432835821,408,135.153059701493,144.721044776119,3.38760447761194,-1.15771721515279,-1.18155572794745,-1.11851500073808,-1.16038181241284,-1.18148746836324,6.19190296913028
"Low","Low","Low","Low","Low","Mpumalanga","Irrigated","Dekalb","John Deere",19.9113432835821,408,135.153059701493,144.721044776119,3.38760447761194,-1.15771721515279,-1.18155572794745,-1.11851500073808,-1.16038181241284,-1.18148746836324,6.03263945071797
"Low","Low","Low","Low","Low","North West","Irrigated","Dekalb","John Deere",19.9113432835821,408,135.153059701493,144.721044776119,3.38760447761194,-1.15771721515279,-1.18155572794745,-1.11851500073808,-1.16038181241284,-1.18148746836324,6.82123691331585
"Low","Low","Low","Low","Low","Free State","Rainfed","Pioneer","John Deere",19.9113432835821,408,135.153059701493,144.721044776119,3.38760447761194,-1.15771721515279,-1.18155572794745,-1.11851500073808,-1.16038181241284,-1.18148746836324,4.08088875481332
"Low","Low","Low","Low","Low","Mpumalanga","Rainfed","Pioneer","John Deere",19.9113432835821,408,135.153059701493,144.721044776119,3.38760447761194,-1.15771721515279,-1.18155572794745,-1.11851500073808,-1.16038181241284,-1.18148746836324,4.58527673222016
"Low","Low","Low","Low","Low","North West","Rainfed","Pioneer","John Deere",19.9113432835821,408,135.153059701493,144.721044776119,3.38760447761194,-1.15771721515279,-1.18155572794745,-1.11851500073808,-1.16038181241284,-1.18148746836324,5.00128672777391
"Low","Low","Low","Low","Low","Free State","Irrigated","Pioneer","John Deere",19.9113432835821,408,135.153059701493,144.721044776119,3.38760447761194,-1.15771721515279,-1.18155572794745,-1.11851500073808,-1.16038181241284,-1.18148746836324,6.23468260160316
"Low","Low","Low","Low","Low","Mpumalanga","Irrigated","Pioneer","John Deere",19.9113432835821,408,135.153059701493,144.721044776119,3.38760447761194,-1.15771721515279,-1.18155572794745,-1.11851500073808,-1.16038181241284,-1.18148746836324,4.89544139179026
"Low","Low","Low","Low","Low","North West","Irrigated","Pioneer","John Deere",19.9113432835821,408,135.153059701493,144.721044776119,3.38760447761194,-1.15771721515279,-1.18155572794745,-1.11851500073808,-1.16038181241284,-1.18148746836324,5.41456374844181
"Low","Low","Low","Low","Low","Free State","Rainfed","Pannar","New Holland",19.9113432835821,408,135.153059701493,144.721044776119,3.38760447761194,-1.15771721515279,-1.18155572794745,-1.11851500073808,-1.16038181241284,-1.18148746836324,4.34952513376267
"Low","Low","Low","Low","Low","Mpumalanga","Rainfed","Pannar","New Holland",19.9113432835821,408,135.153059701493,144.721044776119,3.38760447761194,-1.15771721515279,-1.18155572794745,-1.11851500073808,-1.16038181241284,-1.18148746836324,3.75977918577692
"Low","Low","Low","Low","Medium","Free State","Rainfed","Pannar","John Deere",19.9113432835821,408,135.153059701493,144.721044776119,3.64706015037594,-1.15771721515279,-1.18155572794745,-1.11851500073808,-1.16038181241284,0.0101803691264333,4.32873178965792
"Low","Low","Low","Low","Medium","Mpumalanga","Rainfed","Pannar","John Deere",19.9113432835821,408,135.153059701493,144.721044776119,3.64706015037594,-1.15771721515279,-1.18155572794745,-1.11851500073808,-1.16038181241284,0.0101803691264333,4.27858287795574
"Low","Low","Low","Low","Medium","North West","Rainfed","Pannar","John Deere",19.9113432835821,408,135.153059701493,144.721044776119,3.64706015037594,-1.15771721515279,-1.18155572794745,-1.11851500073808,-1.16038181241284,0.0101803691264333,3.96837509189416
"Low","Low","Low","Low","Medium","Free State","Irrigated","Pannar","John Deere",19.9113432835821,408,135.153059701493,144.721044776119,3.64706015037594,-1.15771721515279,-1.18155572794745,-1.11851500073808,-1.16038181241284,0.0101803691264333,5.38332187546754
"Low","Low","Low","Low","Medium","Mpumalanga","Irrigated","Pannar","John Deere",19.9113432835821,408,135.153059701493,144.721044776119,3.64706015037594,-1.15771721515279,-1.18155572794745,-1.11851500073808,-1.16038181241284,0.0101803691264333,5.3471370276853
"Low","Low","Low","Low","Medium","North West","Irrigated","Pannar","John Deere",19.9113432835821,408,135.153059701493,144.721044776119,3.64706015037594,-1.15771721515279,-1.18155572794745,-1.11851500073808,-1.16038181241284,0.0101803691264333,5.63077616986566
"Low","Low","Low","Low","Medium","Free State","Rainfed","Dekalb","John Deere",19.9113432835821,408,135.153059701493,144.721044776119,3.64706015037594,-1.15771721515279,-1.18155572794745,-1.11851500073808,-1.16038181241284,0.0101803691264333,6.02550424764971
"Low","Low","Low","Low","Medium","Mpumalanga","Rainfed","Dekalb","John Deere",19.9113432835821,408,135.153059701493,144.721044776119,3.64706015037594,-1.15771721515279,-1.18155572794745,-1.11851500073808,-1.16038181241284,0.0101803691264333,4.42554900522036
"Low","Low","Low","Low","Medium","North West","Rainfed","Dekalb","John Deere",19.9113432835821,408,135.153059701493,144.721044776119,3.64706015037594,-1.15771721515279,-1.18155572794745,-1.11851500073808,-1.16038181241284,0.0101803691264333,5.18886152298689
"Low","Low","Low","Low","Medium","Free State","Irrigated","Dekalb","John Deere",19.9113432835821,408,135.153059701493,144.721044776119,3.64706015037594,-1.15771721515279,-1.18155572794745,-1.11851500073808,-1.16038181241284,0.0101803691264333,5.24260103080443
"Low","Low","Low","Low","Medium","Mpumalanga","Irrigated","Dekalb","John Deere",19.9113432835821,408,135.153059701493,144.721044776119,3.64706015037594,-1.15771721515279,-1.18155572794745,-1.11851500073808,-1.16038181241284,0.0101803691264333,5.87542206497689
"Low","Low","Low","Low","Medium","North West","Irrigated","Dekalb","John Deere",19.9113432835821,408,135.153059701493,144.721044776119,3.64706015037594,-1.15771721515279,-1.18155572794745,-1.11851500073808,-1.16038181241284,0.0101803691264333,6.28902051626197
"Low","Low","Low","Low","Medium","Free State","Rainfed","Pioneer","John Deere",19.9113432835821,408,135.153059701493,144.721044776119,3.64706015037594,-1.15771721515279,-1.18155572794745,-1.11851500073808,-1.16038181241284,0.0101803691264333,5.06217031109985
"Low","Low","Low","Low","Medium","Mpumalanga","Rainfed","Pioneer","John Deere",19.9113432835821,408,135.153059701493,144.721044776119,3.64706015037594,-1.15771721515279,-1.18155572794745,-1.11851500073808,-1.16038181241284,0.0101803691264333,4.83244301323563
"Low","Low","Low","Low","Medium","North West","Rainfed","Pioneer","John Deere",19.9113432835821,408,135.153059701493,144.721044776119,3.64706015037594,-1.15771721515279,-1.18155572794745,-1.11851500073808,-1.16038181241284,0.0101803691264333,4.69333719958844
"Low","Low","Low","Low","Medium","Free State","Irrigated","Pioneer","John Deere",19.9113432835821,408,135.153059701493,144.721044776119,3.64706015037594,-1.15771721515279,-1.18155572794745,-1.11851500073808,-1.16038181241284,0.0101803691264333,5.5470073663706
"Low","Low","Low","Low","Medium","Mpumalanga","Irrigated","Pioneer","John Deere",19.9113432835821,408,135.153059701493,144.721044776119,3.64706015037594,-1.15771721515279,-1.18155572794745,-1.11851500073808,-1.16038181241284,0.0101803691264333,5.9502372310731
"Low","Low","Low","Low","Medium","North West","Irrigated","Pioneer","John Deere",19.9113432835821,408,135.153059701493,144.721044776119,3.64706015037594,-1.15771721515279,-1.18155572794745,-1.11851500073808,-1.16038181241284,0.0101803691264333,5.97778289047204
"Low","Low","Low","Low","Medium","Free State","Rainfed","Pannar","New Holland",19.9113432835821,408,135.153059701493,144.721044776119,3.64706015037594,-1.15771721515279,-1.18155572794745,-1.11851500073808,-1.16038181241284,0.0101803691264333,4.86270396594861
"Low","Low","Low","Low","Medium","Mpumalanga","Rainfed","Pannar","New Holland",19.9113432835821,408,135.153059701493,144.721044776119,3.64706015037594,-1.15771721515279,-1.18155572794745,-1.11851500073808,-1.16038181241284,0.0101803691264333,5.22417664716671
"Low","Low","Low","Low","High","Free State","Rainfed","Pannar","John Deere",19.9113432835821,408,135.153059701493,144.721044776119,3.92764661654135,-1.15771721515279,-1.18155572794745,-1.11851500073808,-1.16038181241284,1.2989009578967,5.01987467807561
"Low","Low","Low","Low","High","Mpumalanga","Rainfed","Pannar","John Deere",19.9113432835821,408,135.153059701493,144.721044776119,3.92764661654135,-1.15771721515279,-1.18155572794745,-1.11851500073808,-1.16038181241284,1.2989009578967,5.7288260505592
"Low","Low","Low","Low","High","North West","Rainfed","Pannar","John Deere",19.9113432835821,408,135.153059701493,144.721044776119,3.92764661654135,-1.15771721515279,-1.18155572794745,-1.11851500073808,-1.16038181241284,1.2989009578967,4.49368590110894
"Low","Low","Low","Low","High","Free State","Irrigated","Pannar","John Deere",19.9113432835821,408,135.153059701493,144.721044776119,3.92764661654135,-1.15771721515279,-1.18155572794745,-1.11851500073808,-1.16038181241284,1.2989009578967,5.53138838392052
"Low","Low","Low","Low","High","Mpumalanga","Irrigated","Pannar","John Deere",19.9113432835821,408,135.153059701493,144.721044776119,3.92764661654135,-1.15771721515279,-1.18155572794745,-1.11851500073808,-1.16038181241284,1.2989009578967,4.48765190293531
"Low","Low","Low","Low","High","North West","Irrigated","Pannar","John Deere",19.9113432835821,408,135.153059701493,144.721044776119,3.92764661654135,-1.15771721515279,-1.18155572794745,-1.11851500073808,-1.16038181241284,1.2989009578967,5.62855867525725
"Low","Low","Low","Low","High","Free State","Rainfed","Dekalb","John Deere",19.9113432835821,408,135.153059701493,144.721044776119,3.92764661654135,-1.15771721515279,-1.18155572794745,-1.11851500073808,-1.16038181241284,1.2989009578967,4.33866624220301
"Low","Low","Low","Low","High","Mpumalanga","Rainfed","Dekalb","John Deere",19.9113432835821,408,135.153059701493,144.721044776119,3.92764661654135,-1.15771721515279,-1.18155572794745,-1.11851500073808,-1.16038181241284,1.2989009578967,5.38356527327337
"Low","Low","Low","Low","High","North West","Rainfed","Dekalb","John Deere",19.9113432835821,408,135.153059701493,144.721044776119,3.92764661654135,-1.15771721515279,-1.18155572794745,-1.11851500073808,-1.16038181241284,1.2989009578967,5.56546182781625
"Low","Low","Low","Low","High","Free State","Irrigated","Dekalb","John Deere",19.9113432835821,408,135.153059701493,144.721044776119,3.92764661654135,-1.15771721515279,-1.18155572794745,-1.11851500073808,-1.16038181241284,1.2989009578967,6.17872493962683
"Low","Low","Low","Low","High","Mpumalanga","Irrigated","Dekalb","John Deere",19.9113432835821,408,135.153059701493,144.721044776119,3.92764661654135,-1.15771721515279,-1.18155572794745,-1.11851500073808,-1.16038181241284,1.2989009578967,5.62864408002855
"Low","Low","Low","Low","High","North West","Irrigated","Dekalb","John Deere",19.9113432835821,408,135.153059701493,144.721044776119,3.92764661654135,-1.15771721515279,-1.18155572794745,-1.11851500073808,-1.16038181241284,1.2989009578967,5.64446288568134
"Low","Low","Low","Low","High","Free State","Rainfed","Pioneer","John Deere",19.9113432835821,408,135.153059701493,144.721044776119,3.92764661654135,-1.15771721515279,-1.18155572794745,-1.11851500073808,-1.16038181241284,1.2989009578967,5.02655016399079
"Low","Low","Low","Low","High","Mpumalanga","Rainfed","Pioneer","John Deere",19.9113432835821,408,135.153059701493,144.721044776119,3.92764661654135,-1.15771721515279,-1.18155572794745,-1.11851500073808,-1.16038181241284,1.2989009578967,4.71665579084408
"Low","Low","Low","Low","High","North West","Rainfed","Pioneer","John Deere",19.9113432835821,408,135.153059701493,144.721044776119,3.92764661654135,-1.15771721515279,-1.18155572794745,-1.11851500073808,-1.16038181241284,1.2989009578967,5.24063918716752
"Low","Low","Low","Low","High","Free State","Irrigated","Pioneer","John Deere",19.9113432835821,408,135.153059701493,144.721044776119,3.92764661654135,-1.15771721515279,-1.18155572794745,-1.11851500073808,-1.16038181241284,1.2989009578967,5.92438216368462
"Low","Low","Low","Low","High","Mpumalanga","Irrigated","Pioneer","John Deere",19.9113432835821,408,135.153059701493,144.721044776119,3.92764661654135,-1.15771721515279,-1.18155572794745,-1.11851500073808,-1.16038181241284,1.2989009578967,5.03934002016468
"Low","Low","Low","Low","High","North West","Irrigated","Pioneer","John Deere",19.9113432835821,408,135.153059701493,144.721044776119,3.92764661654135,-1.15771721515279,-1.18155572794745,-1.11851500073808,-1.16038181241284,1.2989009578967,5.49082635324661
"Low","Low","Low","Low","High","Free State","Rainfed","Pannar","New Holland",19.9113432835821,408,135.153059701493,144.721044776119,3.92764661654135,-1.15771721515279,-1.18155572794745,-1.11851500073808,-1.16038181241284,1.2989009578967,5.41464824720682
"Low","Low","Low","Low","High","Mpumalanga","Rainfed","Pannar","New Holland",19.9113432835821,408,135.153059701493,144.721044776119,3.92764661654135,-1.15771721515279,-1.18155572794745,-1.11851500073808,-1.16038181241284,1.2989009578967,4.5387955245154
"Low","Low","Low","Medium","Medium","Free State","Rainfed","Pannar","John Deere",19.9113432835821,408,135.153059701493,200.322781954887,3.64706015037594,-1.15771721515279,-1.18155572794745,-1.11851500073808,-0.189510256158578,0.0101803691264333,4.74720281145018
"Low","Low","Low","Medium","Medium","Mpumalanga","Rainfed","Pannar","John Deere",19.9113432835821,408,135.153059701493,200.322781954887,3.64706015037594,-1.15771721515279,-1.18155572794745,-1.11851500073808,-0.189510256158578,0.0101803691264333,5.5441460503336
"Low","Low","Low","Medium","Medium","North West","Rainfed","Pannar","John Deere",19.9113432835821,408,135.153059701493,200.322781954887,3.64706015037594,-1.15771721515279,-1.18155572794745,-1.11851500073808,-0.189510256158578,0.0101803691264333,4.43748882332042
"Low","Low","Low","Medium","Medium","Free State","Irrigated","Pannar","John Deere",19.9113432835821,408,135.153059701493,200.322781954887,3.64706015037594,-1.15771721515279,-1.18155572794745,-1.11851500073808,-0.189510256158578,0.0101803691264333,5.25783517555022
"Low","Low","Low","Medium","Medium","Mpumalanga","Irrigated","Pannar","John Deere",19.9113432835821,408,135.153059701493,200.322781954887,3.64706015037594,-1.15771721515279,-1.18155572794745,-1.11851500073808,-0.189510256158578,0.0101803691264333,5.13134357957083
"Low","Low","Low","Medium","Medium","North West","Irrigated","Pannar","John Deere",19.9113432835821,408,135.153059701493,200.322781954887,3.64706015037594,-1.15771721515279,-1.18155572794745,-1.11851500073808,-0.189510256158578,0.0101803691264333,4.70749486068716
"Low","Low","Low","Medium","Medium","Free State","Rainfed","Dekalb","John Deere",19.9113432835821,408,135.153059701493,200.322781954887,3.64706015037594,-1.15771721515279,-1.18155572794745,-1.11851500073808,-0.189510256158578,0.0101803691264333,5.46172240525765
"Low","Low","Low","Medium","Medium","Mpumalanga","Rainfed","Dekalb","John Deere",19.9113432835821,408,135.153059701493,200.322781954887,3.64706015037594,-1.15771721515279,-1.18155572794745,-1.11851500073808,-0.189510256158578,0.0101803691264333,5.69534307665249
"Low","Low","Low","Medium","Medium","North West","Rainfed","Dekalb","John Deere",19.9113432835821,408,135.153059701493,200.322781954887,3.64706015037594,-1.15771721515279,-1.18155572794745,-1.11851500073808,-0.189510256158578,0.0101803691264333,5.25551447517001
"Low","Low","Low","Medium","Medium","Free State","Irrigated","Dekalb","John Deere",19.9113432835821,408,135.153059701493,200.322781954887,3.64706015037594,-1.15771721515279,-1.18155572794745,-1.11851500073808,-0.189510256158578,0.0101803691264333,5.9415491347271
"Low","Low","Low","Medium","Medium","Mpumalanga","Irrigated","Dekalb","John Deere",19.9113432835821,408,135.153059701493,200.322781954887,3.64706015037594,-1.15771721515279,-1.18155572794745,-1.11851500073808,-0.189510256158578,0.0101803691264333,6.21270216097338
"Low","Low","Low","Medium","Medium","North West","Irrigated","Dekalb","John Deere",19.9113432835821,408,135.153059701493,200.322781954887,3.64706015037594,-1.15771721515279,-1.18155572794745,-1.11851500073808,-0.189510256158578,0.0101803691264333,6.09697802763611
"Low","Low","Low","Medium","Medium","Free State","Rainfed","Pioneer","John Deere",19.9113432835821,408,135.153059701493,200.322781954887,3.64706015037594,-1.15771721515279,-1.18155572794745,-1.11851500073808,-0.189510256158578,0.0101803691264333,4.79146420393264
"Low","Low","Low","Medium","Medium","Mpumalanga","Rainfed","Pioneer","John Deere",19.9113432835821,408,135.153059701493,200.322781954887,3.64706015037594,-1.15771721515279,-1.18155572794745,-1.11851500073808,-0.189510256158578,0.0101803691264333,4.65574512157075
"Low","Low","Low","Medium","Medium","North West","Rainfed","Pioneer","John Deere",19.9113432835821,408,135.153059701493,200.322781954887,3.64706015037594,-1.15771721515279,-1.18155572794745,-1.11851500073808,-0.189510256158578,0.0101803691264333,5.26186907144728
"Low","Low","Low","Medium","Medium","Free State","Irrigated","Pioneer","John Deere",19.9113432835821,408,135.153059701493,200.322781954887,3.64706015037594,-1.15771721515279,-1.18155572794745,-1.11851500073808,-0.189510256158578,0.0101803691264333,6.18781801447515
"Low","Low","Low","Medium","Medium","Mpumalanga","Irrigated","Pioneer","John Deere",19.9113432835821,408,135.153059701493,200.322781954887,3.64706015037594,-1.15771721515279,-1.18155572794745,-1.11851500073808,-0.189510256158578,0.0101803691264333,5.62813960470532
"Low","Low","Low","Medium","Medium","North West","Irrigated","Pioneer","John Deere",19.9113432835821,408,135.153059701493,200.322781954887,3.64706015037594,-1.15771721515279,-1.18155572794745,-1.11851500073808,-0.189510256158578,0.0101803691264333,5.19578293337331
"Low","Low","Low","Medium","Medium","Free State","Rainfed","Pannar","New Holland",19.9113432835821,408,135.153059701493,200.322781954887,3.64706015037594,-1.15771721515279,-1.18155572794745,-1.11851500073808,-0.189510256158578,0.0101803691264333,3.68928190299734
"Low","Low","Low","Medium","Medium","Mpumalanga","Rainfed","Pannar","New Holland",19.9113432835821,408,135.153059701493,200.322781954887,3.64706015037594,-1.15771721515279,-1.18155572794745,-1.11851500073808,-0.189510256158578,0.0101803691264333,4.31840153262989
"Low","Low","Low","Medium","High","Free State","Rainfed","Pannar","John Deere",19.9113432835821,408,135.153059701493,200.322781954887,3.92764661654135,-1.15771721515279,-1.18155572794745,-1.11851500073808,-0.189510256158578,1.2989009578967,4.84470927390018
"Low","Low","Low","Medium","High","Mpumalanga","Rainfed","Pannar","John Deere",19.9113432835821,408,135.153059701493,200.322781954887,3.92764661654135,-1.15771721515279,-1.18155572794745,-1.11851500073808,-0.189510256158578,1.2989009578967,5.79326736253737
"Low","Low","Low","Medium","High","North West","Rainfed","Pannar","John Deere",19.9113432835821,408,135.153059701493,200.322781954887,3.92764661654135,-1.15771721515279,-1.18155572794745,-1.11851500073808,-0.189510256158578,1.2989009578967,5.27890713150287
"Low","Low","Low","Medium","High","Free State","Irrigated","Pannar","John Deere",19.9113432835821,408,135.153059701493,200.322781954887,3.92764661654135,-1.15771721515279,-1.18155572794745,-1.11851500073808,-0.189510256158578,1.2989009578967,5.74679928602455
"Low","Low","Low","Medium","High","Mpumalanga","Irrigated","Pannar","John Deere",19.9113432835821,408,135.153059701493,200.322781954887,3.92764661654135,-1.15771721515279,-1.18155572794745,-1.11851500073808,-0.189510256158578,1.2989009578967,5.6125617408905
"Low","Low","Low","Medium","High","North West","Irrigated","Pannar","John Deere",19.9113432835821,408,135.153059701493,200.322781954887,3.92764661654135,-1.15771721515279,-1.18155572794745,-1.11851500073808,-0.189510256158578,1.2989009578967,5.20145626443305
"Low","Low","Low","Medium","High","Free State","Rainfed","Dekalb","John Deere",19.9113432835821,408,135.153059701493,200.322781954887,3.92764661654135,-1.15771721515279,-1.18155572794745,-1.11851500073808,-0.189510256158578,1.2989009578967,5.97251422851074
"Low","Low","Low","Medium","High","Mpumalanga","Rainfed","Dekalb","John Deere",19.9113432835821,408,135.153059701493,200.322781954887,3.92764661654135,-1.15771721515279,-1.18155572794745,-1.11851500073808,-0.189510256158578,1.2989009578967,5.29757121215833
"Low","Low","Low","Medium","High","North West","Rainfed","Dekalb","John Deere",19.9113432835821,408,135.153059701493,200.322781954887,3.92764661654135,-1.15771721515279,-1.18155572794745,-1.11851500073808,-0.189510256158578,1.2989009578967,6.0568180286162
"Low","Low","Low","Medium","High","Free State","Irrigated","Dekalb","John Deere",19.9113432835821,408,135.153059701493,200.322781954887,3.92764661654135,-1.15771721515279,-1.18155572794745,-1.11851500073808,-0.189510256158578,1.2989009578967,5.65169795258837
"Low","Low","Low","Medium","High","Mpumalanga","Irrigated","Dekalb","John Deere",19.9113432835821,408,135.153059701493,200.322781954887,3.92764661654135,-1.15771721515279,-1.18155572794745,-1.11851500073808,-0.189510256158578,1.2989009578967,6.51029658702216
"Low","Low","Low","Medium","High","North West","Irrigated","Dekalb","John Deere",19.9113432835821,408,135.153059701493,200.322781954887,3.92764661654135,-1.15771721515279,-1.18155572794745,-1.11851500073808,-0.189510256158578,1.2989009578967,6.90220753272076
"Low","Low","Low","Medium","High","Free State","Rainfed","Pioneer","John Deere",19.9113432835821,408,135.153059701493,200.322781954887,3.92764661654135,-1.15771721515279,-1.18155572794745,-1.11851500073808,-0.189510256158578,1.2989009578967,4.58478578178419
"Low","Low","Low","Medium","High","Mpumalanga","Rainfed","Pioneer","John Deere",19.9113432835821,408,135.153059701493,200.322781954887,3.92764661654135,-1.15771721515279,-1.18155572794745,-1.11851500073808,-0.189510256158578,1.2989009578967,4.66121491487373
"Low","Low","Low","Medium","High","North West","Rainfed","Pioneer","John Deere",19.9113432835821,408,135.153059701493,200.322781954887,3.92764661654135,-1.15771721515279,-1.18155572794745,-1.11851500073808,-0.189510256158578,1.2989009578967,5.66182386371857
"Low","Low","Low","Medium","High","Free State","Irrigated","Pioneer","John Deere",19.9113432835821,408,135.153059701493,200.322781954887,3.92764661654135,-1.15771721515279,-1.18155572794745,-1.11851500073808,-0.189510256158578,1.2989009578967,6.74703509618908
"Low","Low","Low","Medium","High","Mpumalanga","Irrigated","Pioneer","John Deere",19.9113432835821,408,135.153059701493,200.322781954887,3.92764661654135,-1.15771721515279,-1.18155572794745,-1.11851500073808,-0.189510256158578,1.2989009578967,5.58160599442026
"Low","Low","Low","Medium","High","North West","Irrigated","Pioneer","John Deere",19.9113432835821,408,135.153059701493,200.322781954887,3.92764661654135,-1.15771721515279,-1.18155572794745,-1.11851500073808,-0.189510256158578,1.2989009578967,5.36573543898189
"Low","Low","Low","Medium","High","Free State","Rainfed","Pannar","New Holland",19.9113432835821,408,135.153059701493,200.322781954887,3.92764661654135,-1.15771721515279,-1.18155572794745,-1.11851500073808,-0.189510256158578,1.2989009578967,5.23353198333679
"Low","Low","Low","Medium","High","Mpumalanga","Rainfed","Pannar","New Holland",19.9113432835821,408,135.153059701493,200.322781954887,3.92764661654135,-1.15771721515279,-1.18155572794745,-1.11851500073808,-0.189510256158578,1.2989009578967,5.65946631217661
"Low","Low","Low","High","Low","Free State","Rainfed","Pannar","John Deere",19.9113432835821,408,135.153059701493,285.840977443609,3.38760447761194,-1.15771721515279,-1.18155572794745,-1.11851500073808,1.30373775649338,-1.18148746836324,4.95417280699277
"Low","Low","Low","High","Low","Mpumalanga","Rainfed","Pannar","John Deere",19.9113432835821,408,135.153059701493,285.840977443609,3.38760447761194,-1.15771721515279,-1.18155572794745,-1.11851500073808,1.30373775649338,-1.18148746836324,5.30116643637927
"Low","Low","Low","High","Low","North West","Rainfed","Pannar","John Deere",19.9113432835821,408,135.153059701493,285.840977443609,3.38760447761194,-1.15771721515279,-1.18155572794745,-1.11851500073808,1.30373775649338,-1.18148746836324,5.03481337734498
"Low","Low","Low","High","Low","Free State","Irrigated","Pannar","John Deere",19.9113432835821,408,135.153059701493,285.840977443609,3.38760447761194,-1.15771721515279,-1.18155572794745,-1.11851500073808,1.30373775649338,-1.18148746836324,6.03391588500036
"Low","Low","Low","High","Low","Mpumalanga","Irrigated","Pannar","John Deere",19.9113432835821,408,135.153059701493,285.840977443609,3.38760447761194,-1.15771721515279,-1.18155572794745,-1.11851500073808,1.30373775649338,-1.18148746836324,5.6732089507709
"Low","Low","Low","High","Low","North West","Irrigated","Pannar","John Deere",19.9113432835821,408,135.153059701493,285.840977443609,3.38760447761194,-1.15771721515279,-1.18155572794745,-1.11851500073808,1.30373775649338,-1.18148746836324,6.06541101965712
"Low","Low","Low","High","Low","Free State","Rainfed","Dekalb","John Deere",19.9113432835821,408,135.153059701493,285.840977443609,3.38760447761194,-1.15771721515279,-1.18155572794745,-1.11851500073808,1.30373775649338,-1.18148746836324,5.77561094663756
"Low","Low","Low","High","Low","Mpumalanga","Rainfed","Dekalb","John Deere",19.9113432835821,408,135.153059701493,285.840977443609,3.38760447761194,-1.15771721515279,-1.18155572794745,-1.11851500073808,1.30373775649338,-1.18148746836324,5.88681616693389
"Low","Low","Low","High","Low","North West","Rainfed","Dekalb","John Deere",19.9113432835821,408,135.153059701493,285.840977443609,3.38760447761194,-1.15771721515279,-1.18155572794745,-1.11851500073808,1.30373775649338,-1.18148746836324,6.22046903994581
"Low","Low","Low","High","Low","Free State","Irrigated","Dekalb","John Deere",19.9113432835821,408,135.153059701493,285.840977443609,3.38760447761194,-1.15771721515279,-1.18155572794745,-1.11851500073808,1.30373775649338,-1.18148746836324,5.81098161914432
"Low","Low","Low","High","Low","Mpumalanga","Irrigated","Dekalb","John Deere",19.9113432835821,408,135.153059701493,285.840977443609,3.38760447761194,-1.15771721515279,-1.18155572794745,-1.11851500073808,1.30373775649338,-1.18148746836324,6.49855883075796
"Low","Low","Low","High","Low","North West","Irrigated","Dekalb","John Deere",19.9113432835821,408,135.153059701493,285.840977443609,3.38760447761194,-1.15771721515279,-1.18155572794745,-1.11851500073808,1.30373775649338,-1.18148746836324,5.32190607261509
"Low","Low","Low","High","Low","Free State","Rainfed","Pioneer","John Deere",19.9113432835821,408,135.153059701493,285.840977443609,3.38760447761194,-1.15771721515279,-1.18155572794745,-1.11851500073808,1.30373775649338,-1.18148746836324,5.50508638766417
"Low","Low","Low","High","Low","Mpumalanga","Rainfed","Pioneer","John Deere",19.9113432835821,408,135.153059701493,285.840977443609,3.38760447761194,-1.15771721515279,-1.18155572794745,-1.11851500073808,1.30373775649338,-1.18148746836324,5.65850761431009
"Low","Low","Low","High","Low","North West","Rainfed","Pioneer","John Deere",19.9113432835821,408,135.153059701493,285.840977443609,3.38760447761194,-1.15771721515279,-1.18155572794745,-1.11851500073808,1.30373775649338,-1.18148746836324,5.24937610694317
"Low","Low","Low","High","Low","Free State","Irrigated","Pioneer","John Deere",19.9113432835821,408,135.153059701493,285.840977443609,3.38760447761194,-1.15771721515279,-1.18155572794745,-1.11851500073808,1.30373775649338,-1.18148746836324,6.18151379584342
"Low","Low","Low","High","Low","Mpumalanga","Irrigated","Pioneer","John Deere",19.9113432835821,408,135.153059701493,285.840977443609,3.38760447761194,-1.15771721515279,-1.18155572794745,-1.11851500073808,1.30373775649338,-1.18148746836324,6.19105056945644
"Low","Low","Low","High","Low","North West","Irrigated","Pioneer","John Deere",19.9113432835821,408,135.153059701493,285.840977443609,3.38760447761194,-1.15771721515279,-1.18155572794745,-1.11851500073808,1.30373775649338,-1.18148746836324,5.21612881174197
"Low","Low","Low","High","Low","Free State","Rainfed","Pannar","New Holland",19.9113432835821,408,135.153059701493,285.840977443609,3.38760447761194,-1.15771721515279,-1.18155572794745,-1.11851500073808,1.30373775649338,-1.18148746836324,5.11230856036412
"Low","Low","Low","High","Low","Mpumalanga","Rainfed","Pannar","New Holland",19.9113432835821,408,135.153059701493,285.840977443609,3.38760447761194,-1.15771721515279,-1.18155572794745,-1.11851500073808,1.30373775649338,-1.18148746836324,5.37926596499983
"Low","Low","Low","High","High","Free State","Rainfed","Pannar","John Deere",19.9113432835821,408,135.153059701493,285.840977443609,3.92764661654135,-1.15771721515279,-1.18155572794745,-1.11851500073808,1.30373775649338,1.2989009578967,5.83652046459071
"Low","Low","Low","High","High","Mpumalanga","Rainfed","Pannar","John Deere",19.9113432835821,408,135.153059701493,285.840977443609,3.92764661654135,-1.15771721515279,-1.18155572794745,-1.11851500073808,1.30373775649338,1.2989009578967,5.34308633516059
"Low","Low","Low","High","High","North West","Rainfed","Pannar","John Deere",19.9113432835821,408,135.153059701493,285.840977443609,3.92764661654135,-1.15771721515279,-1.18155572794745,-1.11851500073808,1.30373775649338,1.2989009578967,5.22531720428525
"Low","Low","Low","High","High","Free State","Irrigated","Pannar","John Deere",19.9113432835821,408,135.153059701493,285.840977443609,3.92764661654135,-1.15771721515279,-1.18155572794745,-1.11851500073808,1.30373775649338,1.2989009578967,5.55159022000144
"Low","Low","Low","High","High","Mpumalanga","Irrigated","Pannar","John Deere",19.9113432835821,408,135.153059701493,285.840977443609,3.92764661654135,-1.15771721515279,-1.18155572794745,-1.11851500073808,1.30373775649338,1.2989009578967,5.20909038473653
"Low","Low","Low","High","High","North West","Irrigated","Pannar","John Deere",19.9113432835821,408,135.153059701493,285.840977443609,3.92764661654135,-1.15771721515279,-1.18155572794745,-1.11851500073808,1.30373775649338,1.2989009578967,5.78780125467919
"Low","Low","Low","High","High","Free State","Rainfed","Dekalb","John Deere",19.9113432835821,408,135.153059701493,285.840977443609,3.92764661654135,-1.15771721515279,-1.18155572794745,-1.11851500073808,1.30373775649338,1.2989009578967,6.28685566278651
"Low","Low","Low","High","High","Mpumalanga","Rainfed","Dekalb","John Deere",19.9113432835821,408,135.153059701493,285.840977443609,3.92764661654135,-1.15771721515279,-1.18155572794745,-1.11851500073808,1.30373775649338,1.2989009578967,7.16726570501378
"Low","Low","Low","High","High","North West","Rainfed","Dekalb","John Deere",19.9113432835821,408,135.153059701493,285.840977443609,3.92764661654135,-1.15771721515279,-1.18155572794745,-1.11851500073808,1.30373775649338,1.2989009578967,5.63696410756284
"Low","Low","Low","High","High","Free State","Irrigated","Dekalb","John Deere",19.9113432835821,408,135.153059701493,285.840977443609,3.92764661654135,-1.15771721515279,-1.18155572794745,-1.11851500073808,1.30373775649338,1.2989009578967,5.72142905392527
"Low","Low","Low","High","High","Mpumalanga","Irrigated","Dekalb","John Deere",19.9113432835821,408,135.153059701493,285.840977443609,3.92764661654135,-1.15771721515279,-1.18155572794745,-1.11851500073808,1.30373775649338,1.2989009578967,7.53355749483501
"Low","Low","Low","High","High","North West","Irrigated","Dekalb","John Deere",19.9113432835821,408,135.153059701493,285.840977443609,3.92764661654135,-1.15771721515279,-1.18155572794745,-1.11851500073808,1.30373775649338,1.2989009578967,6.99142174977782
"Low","Low","Low","High","High","Free State","Rainfed","Pioneer","John Deere",19.9113432835821,408,135.153059701493,285.840977443609,3.92764661654135,-1.15771721515279,-1.18155572794745,-1.11851500073808,1.30373775649338,1.2989009578967,5.46353972694743
"Low","Low","Low","High","High","Mpumalanga","Rainfed","Pioneer","John Deere",19.9113432835821,408,135.153059701493,285.840977443609,3.92764661654135,-1.15771721515279,-1.18155572794745,-1.11851500073808,1.30373775649338,1.2989009578967,5.85334957237446
"Low","Low","Low","High","High","North West","Rainfed","Pioneer","John Deere",19.9113432835821,408,135.153059701493,285.840977443609,3.92764661654135,-1.15771721515279,-1.18155572794745,-1.11851500073808,1.30373775649338,1.2989009578967,5.83598282754305
"Low","Low","Low","High","High","Free State","Irrigated","Pioneer","John Deere",19.9113432835821,408,135.153059701493,285.840977443609,3.92764661654135,-1.15771721515279,-1.18155572794745,-1.11851500073808,1.30373775649338,1.2989009578967,6.24039196053823
"Low","Low","Low","High","High","Mpumalanga","Irrigated","Pioneer","John Deere",19.9113432835821,408,135.153059701493,285.840977443609,3.92764661654135,-1.15771721515279,-1.18155572794745,-1.11851500073808,1.30373775649338,1.2989009578967,6.74579083418524
"Low","Low","Low","High","High","North West","Irrigated","Pioneer","John Deere",19.9113432835821,408,135.153059701493,285.840977443609,3.92764661654135,-1.15771721515279,-1.18155572794745,-1.11851500073808,1.30373775649338,1.2989009578967,6.11021541682336
"Low","Low","Low","High","High","Free State","Rainfed","Pannar","New Holland",19.9113432835821,408,135.153059701493,285.840977443609,3.92764661654135,-1.15771721515279,-1.18155572794745,-1.11851500073808,1.30373775649338,1.2989009578967,5.51044332109148
"Low","Low","Low","High","High","Mpumalanga","Rainfed","Pannar","New Holland",19.9113432835821,408,135.153059701493,285.840977443609,3.92764661654135,-1.15771721515279,-1.18155572794745,-1.11851500073808,1.30373775649338,1.2989009578967,5.95636804806075
"Low","Low","Medium","Low","Low","Free State","Rainfed","Pannar","John Deere",19.9113432835821,408,194.092857142857,144.721044776119,3.38760447761194,-1.15771721515279,-1.18155572794745,-0.237733972419121,-1.16038181241284,-1.18148746836324,4.34693701709234
"Low","Low","Medium","Low","Low","Mpumalanga","Rainfed","Pannar","John Deere",19.9113432835821,408,194.092857142857,144.721044776119,3.38760447761194,-1.15771721515279,-1.18155572794745,-0.237733972419121,-1.16038181241284,-1.18148746836324,4.25617541869029
"Low","Low","Medium","Low","Low","North West","Rainfed","Pannar","John Deere",19.9113432835821,408,194.092857142857,144.721044776119,3.38760447761194,-1.15771721515279,-1.18155572794745,-0.237733972419121,-1.16038181241284,-1.18148746836324,5.7549148649199
"Low","Low","Medium","Low","Low","Free State","Irrigated","Pannar","John Deere",19.9113432835821,408,194.092857142857,144.721044776119,3.38760447761194,-1.15771721515279,-1.18155572794745,-0.237733972419121,-1.16038181241284,-1.18148746836324,5.99371400188305
"Low","Low","Medium","Low","Low","Mpumalanga","Irrigated","Pannar","John Deere",19.9113432835821,408,194.092857142857,144.721044776119,3.38760447761194,-1.15771721515279,-1.18155572794745,-0.237733972419121,-1.16038181241284,-1.18148746836324,5.65220350994446
"Low","Low","Medium","Low","Low","North West","Irrigated","Pannar","John Deere",19.9113432835821,408,194.092857142857,144.721044776119,3.38760447761194,-1.15771721515279,-1.18155572794745,-0.237733972419121,-1.16038181241284,-1.18148746836324,5.37920588772746
"Low","Low","Medium","Low","Low","Free State","Rainfed","Dekalb","John Deere",19.9113432835821,408,194.092857142857,144.721044776119,3.38760447761194,-1.15771721515279,-1.18155572794745,-0.237733972419121,-1.16038181241284,-1.18148746836324,5.98637641222966
"Low","Low","Medium","Low","Low","Mpumalanga","Rainfed","Dekalb","John Deere",19.9113432835821,408,194.092857142857,144.721044776119,3.38760447761194,-1.15771721515279,-1.18155572794745,-0.237733972419121,-1.16038181241284,-1.18148746836324,4.80120563460245
"Low","Low","Medium","Low","Low","North West","Rainfed","Dekalb","John Deere",19.9113432835821,408,194.092857142857,144.721044776119,3.38760447761194,-1.15771721515279,-1.18155572794745,-0.237733972419121,-1.16038181241284,-1.18148746836324,5.41973499908301
"Low","Low","Medium","Low","Low","Free State","Irrigated","Dekalb","John Deere",19.9113432835821,408,194.092857142857,144.721044776119,3.38760447761194,-1.15771721515279,-1.18155572794745,-0.237733972419121,-1.16038181241284,-1.18148746836324,5.57783490040128
"Low","Low","Medium","Low","Low","Mpumalanga","Irrigated","Dekalb","John Deere",19.9113432835821,408,194.092857142857,144.721044776119,3.38760447761194,-1.15771721515279,-1.18155572794745,-0.237733972419121,-1.16038181241284,-1.18148746836324,7.14174463295507
"Low","Low","Medium","Low","Low","North West","Irrigated","Dekalb","John Deere",19.9113432835821,408,194.092857142857,144.721044776119,3.38760447761194,-1.15771721515279,-1.18155572794745,-0.237733972419121,-1.16038181241284,-1.18148746836324,5.47631931504428
"Low","Low","Medium","Low","Low","Free State","Rainfed","Pioneer","John Deere",19.9113432835821,408,194.092857142857,144.721044776119,3.38760447761194,-1.15771721515279,-1.18155572794745,-0.237733972419121,-1.16038181241284,-1.18148746836324,4.87965091057921
"Low","Low","Medium","Low","Low","Mpumalanga","Rainfed","Pioneer","John Deere",19.9113432835821,408,194.092857142857,144.721044776119,3.38760447761194,-1.15771721515279,-1.18155572794745,-0.237733972419121,-1.16038181241284,-1.18148746836324,4.74595529143743
"Low","Low","Medium","Low","Low","North West","Rainfed","Pioneer","John Deere",19.9113432835821,408,194.092857142857,144.721044776119,3.38760447761194,-1.15771721515279,-1.18155572794745,-0.237733972419121,-1.16038181241284,-1.18148746836324,4.39641211758097
"Low","Low","Medium","Low","Low","Free State","Irrigated","Pioneer","John Deere",19.9113432835821,408,194.092857142857,144.721044776119,3.38760447761194,-1.15771721515279,-1.18155572794745,-0.237733972419121,-1.16038181241284,-1.18148746836324,5.97177112185704
"Low","Low","Medium","Low","Low","Mpumalanga","Irrigated","Pioneer","John Deere",19.9113432835821,408,194.092857142857,144.721044776119,3.38760447761194,-1.15771721515279,-1.18155572794745,-0.237733972419121,-1.16038181241284,-1.18148746836324,6.36683309749606
"Low","Low","Medium","Low","Low","North West","Irrigated","Pioneer","John Deere",19.9113432835821,408,194.092857142857,144.721044776119,3.38760447761194,-1.15771721515279,-1.18155572794745,-0.237733972419121,-1.16038181241284,-1.18148746836324,5.85954408904555
"Low","Low","Medium","Low","Low","Free State","Rainfed","Pannar","New Holland",19.9113432835821,408,194.092857142857,144.721044776119,3.38760447761194,-1.15771721515279,-1.18155572794745,-0.237733972419121,-1.16038181241284,-1.18148746836324,5.97658727714085
"Low","Low","Medium","Low","Low","Mpumalanga","Rainfed","Pannar","New Holland",19.9113432835821,408,194.092857142857,144.721044776119,3.38760447761194,-1.15771721515279,-1.18155572794745,-0.237733972419121,-1.16038181241284,-1.18148746836324,4.00635404664792
"Low","Low","Medium","Low","High","Free State","Rainfed","Pannar","John Deere",19.9113432835821,408,194.092857142857,144.721044776119,3.92764661654135,-1.15771721515279,-1.18155572794745,-0.237733972419121,-1.16038181241284,1.2989009578967,5.43363280283566
"Low","Low","Medium","Low","High","Mpumalanga","Rainfed","Pannar","John Deere",19.9113432835821,408,194.092857142857,144.721044776119,3.92764661654135,-1.15771721515279,-1.18155572794745,-0.237733972419121,-1.16038181241284,1.2989009578967,5.26777187161911
"Low","Low","Medium","Low","High","North West","Rainfed","Pannar","John Deere",19.9113432835821,408,194.092857142857,144.721044776119,3.92764661654135,-1.15771721515279,-1.18155572794745,-0.237733972419121,-1.16038181241284,1.2989009578967,6.10856907190682
"Low","Low","Medium","Low","High","Free State","Irrigated","Pannar","John Deere",19.9113432835821,408,194.092857142857,144.721044776119,3.92764661654135,-1.15771721515279,-1.18155572794745,-0.237733972419121,-1.16038181241284,1.2989009578967,5.81263825324832
"Low","Low","Medium","Low","High","Mpumalanga","Irrigated","Pannar","John Deere",19.9113432835821,408,194.092857142857,144.721044776119,3.92764661654135,-1.15771721515279,-1.18155572794745,-0.237733972419121,-1.16038181241284,1.2989009578967,5.24132905983061
"Low","Low","Medium","Low","High","North West","Irrigated","Pannar","John Deere",19.9113432835821,408,194.092857142857,144.721044776119,3.92764661654135,-1.15771721515279,-1.18155572794745,-0.237733972419121,-1.16038181241284,1.2989009578967,5.89502948987016
"Low","Low","Medium","Low","High","Free State","Rainfed","Dekalb","John Deere",19.9113432835821,408,194.092857142857,144.721044776119,3.92764661654135,-1.15771721515279,-1.18155572794745,-0.237733972419121,-1.16038181241284,1.2989009578967,5.81527607062858
"Low","Low","Medium","Low","High","Mpumalanga","Rainfed","Dekalb","John Deere",19.9113432835821,408,194.092857142857,144.721044776119,3.92764661654135,-1.15771721515279,-1.18155572794745,-0.237733972419121,-1.16038181241284,1.2989009578967,5.99752409320104
"Low","Low","Medium","Low","High","North West","Rainfed","Dekalb","John Deere",19.9113432835821,408,194.092857142857,144.721044776119,3.92764661654135,-1.15771721515279,-1.18155572794745,-0.237733972419121,-1.16038181241284,1.2989009578967,5.1785435110746
"Low","Low","Medium","Low","High","Free State","Irrigated","Dekalb","John Deere",19.9113432835821,408,194.092857142857,144.721044776119,3.92764661654135,-1.15771721515279,-1.18155572794745,-0.237733972419121,-1.16038181241284,1.2989009578967,6.59094466005457
"Low","Low","Medium","Low","High","Mpumalanga","Irrigated","Dekalb","John Deere",19.9113432835821,408,194.092857142857,144.721044776119,3.92764661654135,-1.15771721515279,-1.18155572794745,-0.237733972419121,-1.16038181241284,1.2989009578967,7.15756673822131
"Low","Low","Medium","Low","High","North West","Irrigated","Dekalb","John Deere",19.9113432835821,408,194.092857142857,144.721044776119,3.92764661654135,-1.15771721515279,-1.18155572794745,-0.237733972419121,-1.16038181241284,1.2989009578967,6.14592916397787
"Low","Low","Medium","Low","High","Free State","Rainfed","Pioneer","John Deere",19.9113432835821,408,194.092857142857,144.721044776119,3.92764661654135,-1.15771721515279,-1.18155572794745,-0.237733972419121,-1.16038181241284,1.2989009578967,6.08295728536119
"Low","Low","Medium","Low","High","Mpumalanga","Rainfed","Pioneer","John Deere",19.9113432835821,408,194.092857142857,144.721044776119,3.92764661654135,-1.15771721515279,-1.18155572794745,-0.237733972419121,-1.16038181241284,1.2989009578967,6.23030115381335
"Low","Low","Medium","Low","High","North West","Rainfed","Pioneer","John Deere",19.9113432835821,408,194.092857142857,144.721044776119,3.92764661654135,-1.15771721515279,-1.18155572794745,-0.237733972419121,-1.16038181241284,1.2989009578967,6.00779271370646
"Low","Low","Medium","Low","High","Free State","Irrigated","Pioneer","John Deere",19.9113432835821,408,194.092857142857,144.721044776119,3.92764661654135,-1.15771721515279,-1.18155572794745,-0.237733972419121,-1.16038181241284,1.2989009578967,5.82740369996172
"Low","Low","Medium","Low","High","Mpumalanga","Irrigated","Pioneer","John Deere",19.9113432835821,408,194.092857142857,144.721044776119,3.92764661654135,-1.15771721515279,-1.18155572794745,-0.237733972419121,-1.16038181241284,1.2989009578967,4.94255032583086
"Low","Low","Medium","Low","High","North West","Irrigated","Pioneer","John Deere",19.9113432835821,408,194.092857142857,144.721044776119,3.92764661654135,-1.15771721515279,-1.18155572794745,-0.237733972419121,-1.16038181241284,1.2989009578967,6.65870809156964
"Low","Low","Medium","Low","High","Free State","Rainfed","Pannar","New Holland",19.9113432835821,408,194.092857142857,144.721044776119,3.92764661654135,-1.15771721515279,-1.18155572794745,-0.237733972419121,-1.16038181241284,1.2989009578967,4.9898449278857
"Low","Low","Medium","Low","High","Mpumalanga","Rainfed","Pannar","New Holland",19.9113432835821,408,194.092857142857,144.721044776119,3.92764661654135,-1.15771721515279,-1.18155572794745,-0.237733972419121,-1.16038181241284,1.2989009578967,5.10997209693549
"Low","Low","Medium","Medium","Low","Free State","Rainfed","Pannar","John Deere",19.9113432835821,408,194.092857142857,200.322781954887,3.38760447761194,-1.15771721515279,-1.18155572794745,-0.237733972419121,-0.189510256158578,-1.18148746836324,5.22310585140007
"Low","Low","Medium","Medium","Low","Mpumalanga","Rainfed","Pannar","John Deere",19.9113432835821,408,194.092857142857,200.322781954887,3.38760447761194,-1.15771721515279,-1.18155572794745,-0.237733972419121,-0.189510256158578,-1.18148746836324,5.3098312688249
"Low","Low","Medium","Medium","Low","North West","Rainfed","Pannar","John Deere",19.9113432835821,408,194.092857142857,200.322781954887,3.38760447761194,-1.15771721515279,-1.18155572794745,-0.237733972419121,-0.189510256158578,-1.18148746836324,4.67288148029446
"Low","Low","Medium","Medium","Low","Free State","Irrigated","Pannar","John Deere",19.9113432835821,408,194.092857142857,200.322781954887,3.38760447761194,-1.15771721515279,-1.18155572794745,-0.237733972419121,-0.189510256158578,-1.18148746836324,5.72971309385838
"Low","Low","Medium","Medium","Low","Mpumalanga","Irrigated","Pannar","John Deere",19.9113432835821,408,194.092857142857,200.322781954887,3.38760447761194,-1.15771721515279,-1.18155572794745,-0.237733972419121,-0.189510256158578,-1.18148746836324,5.52905611075428
"Low","Low","Medium","Medium","Low","North West","Irrigated","Pannar","John Deere",19.9113432835821,408,194.092857142857,200.322781954887,3.38760447761194,-1.15771721515279,-1.18155572794745,-0.237733972419121,-0.189510256158578,-1.18148746836324,5.94436532145586
"Low","Low","Medium","Medium","Low","Free State","Rainfed","Dekalb","John Deere",19.9113432835821,408,194.092857142857,200.322781954887,3.38760447761194,-1.15771721515279,-1.18155572794745,-0.237733972419121,-0.189510256158578,-1.18148746836324,4.85899866705639
"Low","Low","Medium","Medium","Low","Mpumalanga","Rainfed","Dekalb","John Deere",19.9113432835821,408,194.092857142857,200.322781954887,3.38760447761194,-1.15771721515279,-1.18155572794745,-0.237733972419121,-0.189510256158578,-1.18148746836324,5.19221231126703
"Low","Low","Medium","Medium","Low","North West","Rainfed","Dekalb","John Deere",19.9113432835821,408,194.092857142857,200.322781954887,3.38760447761194,-1.15771721515279,-1.18155572794745,-0.237733972419121,-0.189510256158578,-1.18148746836324,5.83622022082311
"Low","Low","Medium","Medium","Low","Free State","Irrigated","Dekalb","John Deere",19.9113432835821,408,194.092857142857,200.322781954887,3.38760447761194,-1.15771721515279,-1.18155572794745,-0.237733972419121,-0.189510256158578,-1.18148746836324,6.15438012063699
"Low","Low","Medium","Medium","Low","Mpumalanga","Irrigated","Dekalb","John Deere",19.9113432835821,408,194.092857142857,200.322781954887,3.38760447761194,-1.15771721515279,-1.18155572794745,-0.237733972419121,-0.189510256158578,-1.18148746836324,6.11486076388619
"Low","Low","Medium","Medium","Low","North West","Irrigated","Dekalb","John Deere",19.9113432835821,408,194.092857142857,200.322781954887,3.38760447761194,-1.15771721515279,-1.18155572794745,-0.237733972419121,-0.189510256158578,-1.18148746836324,6.91441557571479
"Low","Low","Medium","Medium","Low","Free State","Rainfed","Pioneer","John Deere",19.9113432835821,408,194.092857142857,200.322781954887,3.38760447761194,-1.15771721515279,-1.18155572794745,-0.237733972419121,-0.189510256158578,-1.18148746836324,5.33731226489633
"Low","Low","Medium","Medium","Low","Mpumalanga","Rainfed","Pioneer","John Deere",19.9113432835821,408,194.092857142857,200.322781954887,3.38760447761194,-1.15771721515279,-1.18155572794745,-0.237733972419121,-0.189510256158578,-1.18148746836324,5.32961680407201
"Low","Low","Medium","Medium","Low","North West","Rainfed","Pioneer","John Deere",19.9113432835821,408,194.092857142857,200.322781954887,3.38760447761194,-1.15771721515279,-1.18155572794745,-0.237733972419121,-0.189510256158578,-1.18148746836324,4.97945821017569
"Low","Low","Medium","Medium","Low","Free State","Irrigated","Pioneer","John Deere",19.9113432835821,408,194.092857142857,200.322781954887,3.38760447761194,-1.15771721515279,-1.18155572794745,-0.237733972419121,-0.189510256158578,-1.18148746836324,5.83094192724142
"Low","Low","Medium","Medium","Low","Mpumalanga","Irrigated","Pioneer","John Deere",19.9113432835821,408,194.092857142857,200.322781954887,3.38760447761194,-1.15771721515279,-1.18155572794745,-0.237733972419121,-0.189510256158578,-1.18148746836324,6.69002666600442
"Low","Low","Medium","Medium","Low","North West","Irrigated","Pioneer","John Deere",19.9113432835821,408,194.092857142857,200.322781954887,3.38760447761194,-1.15771721515279,-1.18155572794745,-0.237733972419121,-0.189510256158578,-1.18148746836324,7.03755941525857
"Low","Low","Medium","Medium","Low","Free State","Rainfed","Pannar","New Holland",19.9113432835821,408,194.092857142857,200.322781954887,3.38760447761194,-1.15771721515279,-1.18155572794745,-0.237733972419121,-0.189510256158578,-1.18148746836324,5.89989065444794
"Low","Low","Medium","Medium","Low","Mpumalanga","Rainfed","Pannar","New Holland",19.9113432835821,408,194.092857142857,200.322781954887,3.38760447761194,-1.15771721515279,-1.18155572794745,-0.237733972419121,-0.189510256158578,-1.18148746836324,4.75113513611029
"Low","Low","Medium","Medium","Medium","Free State","Rainfed","Pannar","John Deere",19.9113432835821,408,194.092857142857,200.322781954887,3.64706015037594,-1.15771721515279,-1.18155572794745,-0.237733972419121,-0.189510256158578,0.0101803691264333,5.95981935754448
"Low","Low","Medium","Medium","Medium","Mpumalanga","Rainfed","Pannar","John Deere",19.9113432835821,408,194.092857142857,200.322781954887,3.64706015037594,-1.15771721515279,-1.18155572794745,-0.237733972419121,-0.189510256158578,0.0101803691264333,4.74322000181611
"Low","Low","Medium","Medium","Medium","North West","Rainfed","Pannar","John Deere",19.9113432835821,408,194.092857142857,200.322781954887,3.64706015037594,-1.15771721515279,-1.18155572794745,-0.237733972419121,-0.189510256158578,0.0101803691264333,4.99098319246341
"Low","Low","Medium","Medium","Medium","Free State","Irrigated","Pannar","John Deere",19.9113432835821,408,194.092857142857,200.322781954887,3.64706015037594,-1.15771721515279,-1.18155572794745,-0.237733972419121,-0.189510256158578,0.0101803691264333,5.96941263921042
"Low","Low","Medium","Medium","Medium","Mpumalanga","Irrigated","Pannar","John Deere",19.9113432835821,408,194.092857142857,200.322781954887,3.64706015037594,-1.15771721515279,-1.18155572794745,-0.237733972419121,-0.189510256158578,0.0101803691264333,6.78248106623674
"Low","Low","Medium","Medium","Medium","North West","Irrigated","Pannar","John Deere",19.9113432835821,408,194.092857142857,200.322781954887,3.64706015037594,-1.15771721515279,-1.18155572794745,-0.237733972419121,-0.189510256158578,0.0101803691264333,5.84595035428887
"Low","Low","Medium","Medium","Medium","Free State","Rainfed","Dekalb","John Deere",19.9113432835821,408,194.092857142857,200.322781954887,3.64706015037594,-1.15771721515279,-1.18155572794745,-0.237733972419121,-0.189510256158578,0.0101803691264333,6.46596552333664
"Low","Low","Medium","Medium","Medium","Mpumalanga","Rainfed","Dekalb","John Deere",19.9113432835821,408,194.092857142857,200.322781954887,3.64706015037594,-1.15771721515279,-1.18155572794745,-0.237733972419121,-0.189510256158578,0.0101803691264333,5.90772938849726
"Low","Low","Medium","Medium","Medium","North West","Rainfed","Dekalb","John Deere",19.9113432835821,408,194.092857142857,200.322781954887,3.64706015037594,-1.15771721515279,-1.18155572794745,-0.237733972419121,-0.189510256158578,0.0101803691264333,5.94714641334399
"Low","Low","Medium","Medium","Medium","Free State","Irrigated","Dekalb","John Deere",19.9113432835821,408,194.092857142857,200.322781954887,3.64706015037594,-1.15771721515279,-1.18155572794745,-0.237733972419121,-0.189510256158578,0.0101803691264333,6.55226057177414
"Low","Low","Medium","Medium","Medium","Mpumalanga","Irrigated","Dekalb","John Deere",19.9113432835821,408,194.092857142857,200.322781954887,3.64706015037594,-1.15771721515279,-1.18155572794745,-0.237733972419121,-0.189510256158578,0.0101803691264333,7.1542027699016
"Low","Low","Medium","Medium","Medium","North West","Irrigated","Dekalb","John Deere",19.9113432835821,408,194.092857142857,200.322781954887,3.64706015037594,-1.15771721515279,-1.18155572794745,-0.237733972419121,-0.189510256158578,0.0101803691264333,5.95197653211578
"Low","Low","Medium","Medium","Medium","Free State","Rainfed","Pioneer","John Deere",19.9113432835821,408,194.092857142857,200.322781954887,3.64706015037594,-1.15771721515279,-1.18155572794745,-0.237733972419121,-0.189510256158578,0.0101803691264333,5.47193040305169
"Low","Low","Medium","Medium","Medium","Mpumalanga","Rainfed","Pioneer","John Deere",19.9113432835821,408,194.092857142857,200.322781954887,3.64706015037594,-1.15771721515279,-1.18155572794745,-0.237733972419121,-0.189510256158578,0.0101803691264333,5.75445550346241
"Low","Low","Medium","Medium","Medium","North West","Rainfed","Pioneer","John Deere",19.9113432835821,408,194.092857142857,200.322781954887,3.64706015037594,-1.15771721515279,-1.18155572794745,-0.237733972419121,-0.189510256158578,0.0101803691264333,5.63253918681727
"Low","Low","Medium","Medium","Medium","Free State","Irrigated","Pioneer","John Deere",19.9113432835821,408,194.092857142857,200.322781954887,3.64706015037594,-1.15771721515279,-1.18155572794745,-0.237733972419121,-0.189510256158578,0.0101803691264333,5.6313664628541
"Low","Low","Medium","Medium","Medium","Mpumalanga","Irrigated","Pioneer","John Deere",19.9113432835821,408,194.092857142857,200.322781954887,3.64706015037594,-1.15771721515279,-1.18155572794745,-0.237733972419121,-0.189510256158578,0.0101803691264333,6.18516691633094
"Low","Low","Medium","Medium","Medium","North West","Irrigated","Pioneer","John Deere",19.9113432835821,408,194.092857142857,200.322781954887,3.64706015037594,-1.15771721515279,-1.18155572794745,-0.237733972419121,-0.189510256158578,0.0101803691264333,6.58924505068978
"Low","Low","Medium","Medium","Medium","Free State","Rainfed","Pannar","New Holland",19.9113432835821,408,194.092857142857,200.322781954887,3.64706015037594,-1.15771721515279,-1.18155572794745,-0.237733972419121,-0.189510256158578,0.0101803691264333,5.12222569474836
"Low","Low","Medium","Medium","Medium","Mpumalanga","Rainfed","Pannar","New Holland",19.9113432835821,408,194.092857142857,200.322781954887,3.64706015037594,-1.15771721515279,-1.18155572794745,-0.237733972419121,-0.189510256158578,0.0101803691264333,5.25652878401356
"Low","Low","Medium","High","Low","Free State","Rainfed","Pannar","John Deere",19.9113432835821,408,194.092857142857,285.840977443609,3.38760447761194,-1.15771721515279,-1.18155572794745,-0.237733972419121,1.30373775649338,-1.18148746836324,4.92709075633206
"Low","Low","Medium","High","Low","Mpumalanga","Rainfed","Pannar","John Deere",19.9113432835821,408,194.092857142857,285.840977443609,3.38760447761194,-1.15771721515279,-1.18155572794745,-0.237733972419121,1.30373775649338,-1.18148746836324,5.36493998421203
"Low","Low","Medium","High","Low","North West","Rainfed","Pannar","John Deere",19.9113432835821,408,194.092857142857,285.840977443609,3.38760447761194,-1.15771721515279,-1.18155572794745,-0.237733972419121,1.30373775649338,-1.18148746836324,5.19325976835402
"Low","Low","Medium","High","Low","Free State","Irrigated","Pannar","John Deere",19.9113432835821,408,194.092857142857,285.840977443609,3.38760447761194,-1.15771721515279,-1.18155572794745,-0.237733972419121,1.30373775649338,-1.18148746836324,6.14168104474264
"Low","Low","Medium","High","Low","Mpumalanga","Irrigated","Pannar","John Deere",19.9113432835821,408,194.092857142857,285.840977443609,3.38760447761194,-1.15771721515279,-1.18155572794745,-0.237733972419121,1.30373775649338,-1.18148746836324,5.78667774631167
"Low","Low","Medium","High","Low","North West","Irrigated","Pannar","John Deere",19.9113432835821,408,194.092857142857,285.840977443609,3.38760447761194,-1.15771721515279,-1.18155572794745,-0.237733972419121,1.30373775649338,-1.18148746836324,5.72638019120826
"Low","Low","Medium","High","Low","Free State","Rainfed","Dekalb","John Deere",19.9113432835821,408,194.092857142857,285.840977443609,3.38760447761194,-1.15771721515279,-1.18155572794745,-0.237733972419121,1.30373775649338,-1.18148746836324,6.56368007767373
"Low","Low","Medium","High","Low","Mpumalanga","Rainfed","Dekalb","John Deere",19.9113432835821,408,194.092857142857,285.840977443609,3.38760447761194,-1.15771721515279,-1.18155572794745,-0.237733972419121,1.30373775649338,-1.18148746836324,6.11931752107295
"Low","Low","Medium","High","Low","North West","Rainfed","Dekalb","John Deere",19.9113432835821,408,194.092857142857,285.840977443609,3.38760447761194,-1.15771721515279,-1.18155572794745,-0.237733972419121,1.30373775649338,-1.18148746836324,7.11482471209146
"Low","Low","Medium","High","Low","Free State","Irrigated","Dekalb","John Deere",19.9113432835821,408,194.092857142857,285.840977443609,3.38760447761194,-1.15771721515279,-1.18155572794745,-0.237733972419121,1.30373775649338,-1.18148746836324,5.53335792571865
"Low","Low","Medium","High","Low","Mpumalanga","Irrigated","Dekalb","John Deere",19.9113432835821,408,194.092857142857,285.840977443609,3.38760447761194,-1.15771721515279,-1.18155572794745,-0.237733972419121,1.30373775649338,-1.18148746836324,7.05977032338698
"Low","Low","Medium","High","Low","North West","Irrigated","Dekalb","John Deere",19.9113432835821,408,194.092857142857,285.840977443609,3.38760447761194,-1.15771721515279,-1.18155572794745,-0.237733972419121,1.30373775649338,-1.18148746836324,6.62978948794214
"Low","Low","Medium","High","Low","Free State","Rainfed","Pioneer","John Deere",19.9113432835821,408,194.092857142857,285.840977443609,3.38760447761194,-1.15771721515279,-1.18155572794745,-0.237733972419121,1.30373775649338,-1.18148746836324,5.16190648659366
"Low","Low","Medium","High","Low","Mpumalanga","Rainfed","Pioneer","John Deere",19.9113432835821,408,194.092857142857,285.840977443609,3.38760447761194,-1.15771721515279,-1.18155572794745,-0.237733972419121,1.30373775649338,-1.18148746836324,5.87323227875379
"Low","Low","Medium","High","Low","North West","Rainfed","Pioneer","John Deere",19.9113432835821,408,194.092857142857,285.840977443609,3.38760447761194,-1.15771721515279,-1.18155572794745,-0.237733972419121,1.30373775649338,-1.18148746836324,5.88483241235367
"Low","Low","Medium","High","Low","Free State","Irrigated","Pioneer","John Deere",19.9113432835821,408,194.092857142857,285.840977443609,3.38760447761194,-1.15771721515279,-1.18155572794745,-0.237733972419121,1.30373775649338,-1.18148746836324,6.31859302060628
"Low","Low","Medium","High","Low","Mpumalanga","Irrigated","Pioneer","John Deere",19.9113432835821,408,194.092857142857,285.840977443609,3.38760447761194,-1.15771721515279,-1.18155572794745,-0.237733972419121,1.30373775649338,-1.18148746836324,6.44211497939309
"Low","Low","Medium","High","Low","North West","Irrigated","Pioneer","John Deere",19.9113432835821,408,194.092857142857,285.840977443609,3.38760447761194,-1.15771721515279,-1.18155572794745,-0.237733972419121,1.30373775649338,-1.18148746836324,7.04792516153681
"Low","Low","Medium","High","Low","Free State","Rainfed","Pannar","New Holland",19.9113432835821,408,194.092857142857,285.840977443609,3.38760447761194,-1.15771721515279,-1.18155572794745,-0.237733972419121,1.30373775649338,-1.18148746836324,5.58563744258041
"Low","Low","Medium","High","Low","Mpumalanga","Rainfed","Pannar","New Holland",19.9113432835821,408,194.092857142857,285.840977443609,3.38760447761194,-1.15771721515279,-1.18155572794745,-0.237733972419121,1.30373775649338,-1.18148746836324,4.85498545995218
"Low","Low","Medium","High","High","Free State","Rainfed","Pannar","John Deere",19.9113432835821,408,194.092857142857,285.840977443609,3.92764661654135,-1.15771721515279,-1.18155572794745,-0.237733972419121,1.30373775649338,1.2989009578967,5.43011147822016
"Low","Low","Medium","High","High","Mpumalanga","Rainfed","Pannar","John Deere",19.9113432835821,408,194.092857142857,285.840977443609,3.92764661654135,-1.15771721515279,-1.18155572794745,-0.237733972419121,1.30373775649338,1.2989009578967,4.7382596418909
"Low","Low","Medium","High","High","North West","Rainfed","Pannar","John Deere",19.9113432835821,408,194.092857142857,285.840977443609,3.92764661654135,-1.15771721515279,-1.18155572794745,-0.237733972419121,1.30373775649338,1.2989009578967,6.14213754149784
"Low","Low","Medium","High","High","Free State","Irrigated","Pannar","John Deere",19.9113432835821,408,194.092857142857,285.840977443609,3.92764661654135,-1.15771721515279,-1.18155572794745,-0.237733972419121,1.30373775649338,1.2989009578967,6.07601841792133
"Low","Low","Medium","High","High","Mpumalanga","Irrigated","Pannar","John Deere",19.9113432835821,408,194.092857142857,285.840977443609,3.92764661654135,-1.15771721515279,-1.18155572794745,-0.237733972419121,1.30373775649338,1.2989009578967,6.41097521194024
"Low","Low","Medium","High","High","North West","Irrigated","Pannar","John Deere",19.9113432835821,408,194.092857142857,285.840977443609,3.92764661654135,-1.15771721515279,-1.18155572794745,-0.237733972419121,1.30373775649338,1.2989009578967,6.35404416845471
"Low","Low","Medium","High","High","Free State","Rainfed","Dekalb","John Deere",19.9113432835821,408,194.092857142857,285.840977443609,3.92764661654135,-1.15771721515279,-1.18155572794745,-0.237733972419121,1.30373775649338,1.2989009578967,6.04526359405864
"Low","Low","Medium","High","High","Mpumalanga","Rainfed","Dekalb","John Deere",19.9113432835821,408,194.092857142857,285.840977443609,3.92764661654135,-1.15771721515279,-1.18155572794745,-0.237733972419121,1.30373775649338,1.2989009578967,6.32183445370805
"Low","Low","Medium","High","High","North West","Rainfed","Dekalb","John Deere",19.9113432835821,408,194.092857142857,285.840977443609,3.92764661654135,-1.15771721515279,-1.18155572794745,-0.237733972419121,1.30373775649338,1.2989009578967,6.8483288643749
"Low","Low","Medium","High","High","Free State","Irrigated","Dekalb","John Deere",19.9113432835821,408,194.092857142857,285.840977443609,3.92764661654135,-1.15771721515279,-1.18155572794745,-0.237733972419121,1.30373775649338,1.2989009578967,6.54810118208915
"Low","Low","Medium","High","High","Mpumalanga","Irrigated","Dekalb","John Deere",19.9113432835821,408,194.092857142857,285.840977443609,3.92764661654135,-1.15771721515279,-1.18155572794745,-0.237733972419121,1.30373775649338,1.2989009578967,6.92483691467382
"Low","Low","Medium","High","High","North West","Irrigated","Dekalb","John Deere",19.9113432835821,408,194.092857142857,285.840977443609,3.92764661654135,-1.15771721515279,-1.18155572794745,-0.237733972419121,1.30373775649338,1.2989009578967,6.7961322362778
"Low","Low","Medium","High","High","Free State","Rainfed","Pioneer","John Deere",19.9113432835821,408,194.092857142857,285.840977443609,3.92764661654135,-1.15771721515279,-1.18155572794745,-0.237733972419121,1.30373775649338,1.2989009578967,4.94478592509743
"Low","Low","Medium","High","High","Mpumalanga","Rainfed","Pioneer","John Deere",19.9113432835821,408,194.092857142857,285.840977443609,3.92764661654135,-1.15771721515279,-1.18155572794745,-0.237733972419121,1.30373775649338,1.2989009578967,5.34259186651026
"Low","Low","Medium","High","High","North West","Rainfed","Pioneer","John Deere",19.9113432835821,408,194.092857142857,285.840977443609,3.92764661654135,-1.15771721515279,-1.18155572794745,-0.237733972419121,1.30373775649338,1.2989009578967,5.5140186002708
"Low","Low","Medium","High","High","Free State","Irrigated","Pioneer","John Deere",19.9113432835821,408,194.092857142857,285.840977443609,3.92764661654135,-1.15771721515279,-1.18155572794745,-0.237733972419121,1.30373775649338,1.2989009578967,7.21949023698601
"Low","Low","Medium","High","High","Mpumalanga","Irrigated","Pioneer","John Deere",19.9113432835821,408,194.092857142857,285.840977443609,3.92764661654135,-1.15771721515279,-1.18155572794745,-0.237733972419121,1.30373775649338,1.2989009578967,6.26857676084319
"Low","Low","Medium","High","High","North West","Irrigated","Pioneer","John Deere",19.9113432835821,408,194.092857142857,285.840977443609,3.92764661654135,-1.15771721515279,-1.18155572794745,-0.237733972419121,1.30373775649338,1.2989009578967,6.4289774328514
"Low","Low","Medium","High","High","Free State","Rainfed","Pannar","New Holland",19.9113432835821,408,194.092857142857,285.840977443609,3.92764661654135,-1.15771721515279,-1.18155572794745,-0.237733972419121,1.30373775649338,1.2989009578967,6.04729844954217
"Low","Low","Medium","High","High","Mpumalanga","Rainfed","Pannar","New Holland",19.9113432835821,408,194.092857142857,285.840977443609,3.92764661654135,-1.15771721515279,-1.18155572794745,-0.237733972419121,1.30373775649338,1.2989009578967,5.8687547634972
"Low","Low","High","Low","Low","Free State","Rainfed","Pannar","John Deere",19.9113432835821,408,296.555789473684,144.721044776119,3.38760447761194,-1.15771721515279,-1.18155572794745,1.29344548222192,-1.16038181241284,-1.18148746836324,5.35908299646167
"Low","Low","High","Low","Low","Mpumalanga","Rainfed","Pannar","John Deere",19.9113432835821,408,296.555789473684,144.721044776119,3.38760447761194,-1.15771721515279,-1.18155572794745,1.29344548222192,-1.16038181241284,-1.18148746836324,4.47425458785496
"Low","Low","High","Low","Low","North West","Rainfed","Pannar","John Deere",19.9113432835821,408,296.555789473684,144.721044776119,3.38760447761194,-1.15771721515279,-1.18155572794745,1.29344548222192,-1.16038181241284,-1.18148746836324,6.1237404777758
"Low","Low","High","Low","Low","Free State","Irrigated","Pannar","John Deere",19.9113432835821,408,296.555789473684,144.721044776119,3.38760447761194,-1.15771721515279,-1.18155572794745,1.29344548222192,-1.16038181241284,-1.18148746836324,4.75436912273923
"Low","Low","High","Low","Low","Mpumalanga","Irrigated","Pannar","John Deere",19.9113432835821,408,296.555789473684,144.721044776119,3.38760447761194,-1.15771721515279,-1.18155572794745,1.29344548222192,-1.16038181241284,-1.18148746836324,6.51169475388027
"Low","Low","High","Low","Low","North West","Irrigated","Pannar","John Deere",19.9113432835821,408,296.555789473684,144.721044776119,3.38760447761194,-1.15771721515279,-1.18155572794745,1.29344548222192,-1.16038181241284,-1.18148746836324,6.15989235169896
"Low","Low","High","Low","Low","Free State","Rainfed","Dekalb","John Deere",19.9113432835821,408,296.555789473684,144.721044776119,3.38760447761194,-1.15771721515279,-1.18155572794745,1.29344548222192,-1.16038181241284,-1.18148746836324,6.33486964191394
"Low","Low","High","Low","Low","Mpumalanga","Rainfed","Dekalb","John Deere",19.9113432835821,408,296.555789473684,144.721044776119,3.38760447761194,-1.15771721515279,-1.18155572794745,1.29344548222192,-1.16038181241284,-1.18148746836324,6.26234449454114
"Low","Low","High","Low","Low","North West","Rainfed","Dekalb","John Deere",19.9113432835821,408,296.555789473684,144.721044776119,3.38760447761194,-1.15771721515279,-1.18155572794745,1.29344548222192,-1.16038181241284,-1.18148746836324,6.63729219089471
"Low","Low","High","Low","Low","Free State","Irrigated","Dekalb","John Deere",19.9113432835821,408,296.555789473684,144.721044776119,3.38760447761194,-1.15771721515279,-1.18155572794745,1.29344548222192,-1.16038181241284,-1.18148746836324,7.81736382384337
"Low","Low","High","Low","Low","Mpumalanga","Irrigated","Dekalb","John Deere",19.9113432835821,408,296.555789473684,144.721044776119,3.38760447761194,-1.15771721515279,-1.18155572794745,1.29344548222192,-1.16038181241284,-1.18148746836324,6.82803003547749
"Low","Low","High","Low","Low","North West","Irrigated","Dekalb","John Deere",19.9113432835821,408,296.555789473684,144.721044776119,3.38760447761194,-1.15771721515279,-1.18155572794745,1.29344548222192,-1.16038181241284,-1.18148746836324,7.52756251976779
"Low","Low","High","Low","Low","Free State","Rainfed","Pioneer","John Deere",19.9113432835821,408,296.555789473684,144.721044776119,3.38760447761194,-1.15771721515279,-1.18155572794745,1.29344548222192,-1.16038181241284,-1.18148746836324,6.70430813676576
"Low","Low","High","Low","Low","Mpumalanga","Rainfed","Pioneer","John Deere",19.9113432835821,408,296.555789473684,144.721044776119,3.38760447761194,-1.15771721515279,-1.18155572794745,1.29344548222192,-1.16038181241284,-1.18148746836324,6.11103536402774
"Low","Low","High","Low","Low","North West","Rainfed","Pioneer","John Deere",19.9113432835821,408,296.555789473684,144.721044776119,3.38760447761194,-1.15771721515279,-1.18155572794745,1.29344548222192,-1.16038181241284,-1.18148746836324,5.80977883965538
"Low","Low","High","Low","Low","Free State","Irrigated","Pioneer","John Deere",19.9113432835821,408,296.555789473684,144.721044776119,3.38760447761194,-1.15771721515279,-1.18155572794745,1.29344548222192,-1.16038181241284,-1.18148746836324,6.92010664471779
"Low","Low","High","Low","Low","Mpumalanga","Irrigated","Pioneer","John Deere",19.9113432835821,408,296.555789473684,144.721044776119,3.38760447761194,-1.15771721515279,-1.18155572794745,1.29344548222192,-1.16038181241284,-1.18148746836324,7.51038073035079
"Low","Low","High","Low","Low","North West","Irrigated","Pioneer","John Deere",19.9113432835821,408,296.555789473684,144.721044776119,3.38760447761194,-1.15771721515279,-1.18155572794745,1.29344548222192,-1.16038181241284,-1.18148746836324,6.67789275472907
"Low","Low","High","Low","Low","Free State","Rainfed","Pannar","New Holland",19.9113432835821,408,296.555789473684,144.721044776119,3.38760447761194,-1.15771721515279,-1.18155572794745,1.29344548222192,-1.16038181241284,-1.18148746836324,5.49434395079874
"Low","Low","High","Low","Low","Mpumalanga","Rainfed","Pannar","New Holland",19.9113432835821,408,296.555789473684,144.721044776119,3.38760447761194,-1.15771721515279,-1.18155572794745,1.29344548222192,-1.16038181241284,-1.18148746836324,5.22733566294557
"Low","Low","High","Low","High","Free State","Rainfed","Pannar","John Deere",19.9113432835821,408,296.555789473684,144.721044776119,3.92764661654135,-1.15771721515279,-1.18155572794745,1.29344548222192,-1.16038181241284,1.2989009578967,5.74634754595537
"Low","Low","High","Low","High","Mpumalanga","Rainfed","Pannar","John Deere",19.9113432835821,408,296.555789473684,144.721044776119,3.92764661654135,-1.15771721515279,-1.18155572794745,1.29344548222192,-1.16038181241284,1.2989009578967,5.57094122077433
"Low","Low","High","Low","High","North West","Rainfed","Pannar","John Deere",19.9113432835821,408,296.555789473684,144.721044776119,3.92764661654135,-1.15771721515279,-1.18155572794745,1.29344548222192,-1.16038181241284,1.2989009578967,5.62876641403355
"Low","Low","High","Low","High","Free State","Irrigated","Pannar","John Deere",19.9113432835821,408,296.555789473684,144.721044776119,3.92764661654135,-1.15771721515279,-1.18155572794745,1.29344548222192,-1.16038181241284,1.2989009578967,6.52363153741624
"Low","Low","High","Low","High","Mpumalanga","Irrigated","Pannar","John Deere",19.9113432835821,408,296.555789473684,144.721044776119,3.92764661654135,-1.15771721515279,-1.18155572794745,1.29344548222192,-1.16038181241284,1.2989009578967,5.37591518641564
"Low","Low","High","Low","High","North West","Irrigated","Pannar","John Deere",19.9113432835821,408,296.555789473684,144.721044776119,3.92764661654135,-1.15771721515279,-1.18155572794745,1.29344548222192,-1.16038181241284,1.2989009578967,7.39472632709513
"Low","Low","High","Low","High","Free State","Rainfed","Dekalb","John Deere",19.9113432835821,408,296.555789473684,144.721044776119,3.92764661654135,-1.15771721515279,-1.18155572794745,1.29344548222192,-1.16038181241284,1.2989009578967,6.52624362972146
"Low","Low","High","Low","High","Mpumalanga","Rainfed","Dekalb","John Deere",19.9113432835821,408,296.555789473684,144.721044776119,3.92764661654135,-1.15771721515279,-1.18155572794745,1.29344548222192,-1.16038181241284,1.2989009578967,6.78980822615787
"Low","Low","High","Low","High","North West","Rainfed","Dekalb","John Deere",19.9113432835821,408,296.555789473684,144.721044776119,3.92764661654135,-1.15771721515279,-1.18155572794745,1.29344548222192,-1.16038181241284,1.2989009578967,6.70468049600782
"Low","Low","High","Low","High","Free State","Irrigated","Dekalb","John Deere",19.9113432835821,408,296.555789473684,144.721044776119,3.92764661654135,-1.15771721515279,-1.18155572794745,1.29344548222192,-1.16038181241284,1.2989009578967,7.12776960578954
"Low","Low","High","Low","High","Mpumalanga","Irrigated","Dekalb","John Deere",19.9113432835821,408,296.555789473684,144.721044776119,3.92764661654135,-1.15771721515279,-1.18155572794745,1.29344548222192,-1.16038181241284,1.2989009578967,7.07058593673383
"Low","Low","High","Low","High","North West","Irrigated","Dekalb","John Deere",19.9113432835821,408,296.555789473684,144.721044776119,3.92764661654135,-1.15771721515279,-1.18155572794745,1.29344548222192,-1.16038181241284,1.2989009578967,7.55116713835745
"Low","Low","High","Low","High","Free State","Rainfed","Pioneer","John Deere",19.9113432835821,408,296.555789473684,144.721044776119,3.92764661654135,-1.15771721515279,-1.18155572794745,1.29344548222192,-1.16038181241284,1.2989009578967,6.12816035441343
"Low","Low","High","Low","High","Mpumalanga","Rainfed","Pioneer","John Deere",19.9113432835821,408,296.555789473684,144.721044776119,3.92764661654135,-1.15771721515279,-1.18155572794745,1.29344548222192,-1.16038181241284,1.2989009578967,7.42827789964862
"Low","Low","High","Low","High","North West","Rainfed","Pioneer","John Deere",19.9113432835821,408,296.555789473684,144.721044776119,3.92764661654135,-1.15771721515279,-1.18155572794745,1.29344548222192,-1.16038181241284,1.2989009578967,6.56341892335875
"Low","Low","High","Low","High","Free State","Irrigated","Pioneer","John Deere",19.9113432835821,408,296.555789473684,144.721044776119,3.92764661654135,-1.15771721515279,-1.18155572794745,1.29344548222192,-1.16038181241284,1.2989009578967,6.88894338246428
"Low","Low","High","Low","High","Mpumalanga","Irrigated","Pioneer","John Deere",19.9113432835821,408,296.555789473684,144.721044776119,3.92764661654135,-1.15771721515279,-1.18155572794745,1.29344548222192,-1.16038181241284,1.2989009578967,7.78074851959104
"Low","Low","High","Low","High","North West","Irrigated","Pioneer","John Deere",19.9113432835821,408,296.555789473684,144.721044776119,3.92764661654135,-1.15771721515279,-1.18155572794745,1.29344548222192,-1.16038181241284,1.2989009578967,7.19791666807294
"Low","Low","High","Low","High","Free State","Rainfed","Pannar","New Holland",19.9113432835821,408,296.555789473684,144.721044776119,3.92764661654135,-1.15771721515279,-1.18155572794745,1.29344548222192,-1.16038181241284,1.2989009578967,5.21829909053193
"Low","Low","High","Low","High","Mpumalanga","Rainfed","Pannar","New Holland",19.9113432835821,408,296.555789473684,144.721044776119,3.92764661654135,-1.15771721515279,-1.18155572794745,1.29344548222192,-1.16038181241284,1.2989009578967,4.48762775005946
"Low","Low","High","Medium","Medium","Free State","Rainfed","Pannar","John Deere",19.9113432835821,408,296.555789473684,200.322781954887,3.64706015037594,-1.15771721515279,-1.18155572794745,1.29344548222192,-0.189510256158578,0.0101803691264333,5.99946948215989
"Low","Low","High","Medium","Medium","Mpumalanga","Rainfed","Pannar","John Deere",19.9113432835821,408,296.555789473684,200.322781954887,3.64706015037594,-1.15771721515279,-1.18155572794745,1.29344548222192,-0.189510256158578,0.0101803691264333,6.51437640125191
"Low","Low","High","Medium","Medium","North West","Rainfed","Pannar","John Deere",19.9113432835821,408,296.555789473684,200.322781954887,3.64706015037594,-1.15771721515279,-1.18155572794745,1.29344548222192,-0.189510256158578,0.0101803691264333,5.45324392400702
"Low","Low","High","Medium","Medium","Free State","Irrigated","Pannar","John Deere",19.9113432835821,408,296.555789473684,200.322781954887,3.64706015037594,-1.15771721515279,-1.18155572794745,1.29344548222192,-0.189510256158578,0.0101803691264333,5.1317647299329
"Low","Low","High","Medium","Medium","Mpumalanga","Irrigated","Pannar","John Deere",19.9113432835821,408,296.555789473684,200.322781954887,3.64706015037594,-1.15771721515279,-1.18155572794745,1.29344548222192,-0.189510256158578,0.0101803691264333,6.92079734902369
"Low","Low","High","Medium","Medium","North West","Irrigated","Pannar","John Deere",19.9113432835821,408,296.555789473684,200.322781954887,3.64706015037594,-1.15771721515279,-1.18155572794745,1.29344548222192,-0.189510256158578,0.0101803691264333,6.19370308171144
"Low","Low","High","Medium","Medium","Free State","Rainfed","Dekalb","John Deere",19.9113432835821,408,296.555789473684,200.322781954887,3.64706015037594,-1.15771721515279,-1.18155572794745,1.29344548222192,-0.189510256158578,0.0101803691264333,5.75997921466298
"Low","Low","High","Medium","Medium","Mpumalanga","Rainfed","Dekalb","John Deere",19.9113432835821,408,296.555789473684,200.322781954887,3.64706015037594,-1.15771721515279,-1.18155572794745,1.29344548222192,-0.189510256158578,0.0101803691264333,6.55019603129326
"Low","Low","High","Medium","Medium","North West","Rainfed","Dekalb","John Deere",19.9113432835821,408,296.555789473684,200.322781954887,3.64706015037594,-1.15771721515279,-1.18155572794745,1.29344548222192,-0.189510256158578,0.0101803691264333,6.23625096011859
"Low","Low","High","Medium","Medium","Free State","Irrigated","Dekalb","John Deere",19.9113432835821,408,296.555789473684,200.322781954887,3.64706015037594,-1.15771721515279,-1.18155572794745,1.29344548222192,-0.189510256158578,0.0101803691264333,6.67053839141574
"Low","Low","High","Medium","Medium","Mpumalanga","Irrigated","Dekalb","John Deere",19.9113432835821,408,296.555789473684,200.322781954887,3.64706015037594,-1.15771721515279,-1.18155572794745,1.29344548222192,-0.189510256158578,0.0101803691264333,6.12827934429219
"Low","Low","High","Medium","Medium","North West","Irrigated","Dekalb","John Deere",19.9113432835821,408,296.555789473684,200.322781954887,3.64706015037594,-1.15771721515279,-1.18155572794745,1.29344548222192,-0.189510256158578,0.0101803691264333,7.6247541714422
"Low","Low","High","Medium","Medium","Free State","Rainfed","Pioneer","John Deere",19.9113432835821,408,296.555789473684,200.322781954887,3.64706015037594,-1.15771721515279,-1.18155572794745,1.29344548222192,-0.189510256158578,0.0101803691264333,6.29130074724241
"Low","Low","High","Medium","Medium","Mpumalanga","Rainfed","Pioneer","John Deere",19.9113432835821,408,296.555789473684,200.322781954887,3.64706015037594,-1.15771721515279,-1.18155572794745,1.29344548222192,-0.189510256158578,0.0101803691264333,6.7627748577196
"Low","Low","High","Medium","Medium","North West","Rainfed","Pioneer","John Deere",19.9113432835821,408,296.555789473684,200.322781954887,3.64706015037594,-1.15771721515279,-1.18155572794745,1.29344548222192,-0.189510256158578,0.0101803691264333,7.21165621253757
"Low","Low","High","Medium","Medium","Free State","Irrigated","Pioneer","John Deere",19.9113432835821,408,296.555789473684,200.322781954887,3.64706015037594,-1.15771721515279,-1.18155572794745,1.29344548222192,-0.189510256158578,0.0101803691264333,6.52896671928088
"Low","Low","High","Medium","Medium","Mpumalanga","Irrigated","Pioneer","John Deere",19.9113432835821,408,296.555789473684,200.322781954887,3.64706015037594,-1.15771721515279,-1.18155572794745,1.29344548222192,-0.189510256158578,0.0101803691264333,7.04273548427466
"Low","Low","High","Medium","Medium","North West","Irrigated","Pioneer","John Deere",19.9113432835821,408,296.555789473684,200.322781954887,3.64706015037594,-1.15771721515279,-1.18155572794745,1.29344548222192,-0.189510256158578,0.0101803691264333,7.67027038256087
"Low","Low","High","Medium","Medium","Free State","Rainfed","Pannar","New Holland",19.9113432835821,408,296.555789473684,200.322781954887,3.64706015037594,-1.15771721515279,-1.18155572794745,1.29344548222192,-0.189510256158578,0.0101803691264333,4.97362466129893
"Low","Low","High","Medium","Medium","Mpumalanga","Rainfed","Pannar","New Holland",19.9113432835821,408,296.555789473684,200.322781954887,3.64706015037594,-1.15771721515279,-1.18155572794745,1.29344548222192,-0.189510256158578,0.0101803691264333,6.41198766437457
"Low","Low","High","Medium","High","Free State","Rainfed","Pannar","John Deere",19.9113432835821,408,296.555789473684,200.322781954887,3.92764661654135,-1.15771721515279,-1.18155572794745,1.29344548222192,-0.189510256158578,1.2989009578967,6.43584184396917
"Low","Low","High","Medium","High","Mpumalanga","Rainfed","Pannar","John Deere",19.9113432835821,408,296.555789473684,200.322781954887,3.92764661654135,-1.15771721515279,-1.18155572794745,1.29344548222192,-0.189510256158578,1.2989009578967,5.5818361533725
"Low","Low","High","Medium","High","North West","Rainfed","Pannar","John Deere",19.9113432835821,408,296.555789473684,200.322781954887,3.92764661654135,-1.15771721515279,-1.18155572794745,1.29344548222192,-0.189510256158578,1.2989009578967,4.95278720031349
"Low","Low","High","Medium","High","Free State","Irrigated","Pannar","John Deere",19.9113432835821,408,296.555789473684,200.322781954887,3.92764661654135,-1.15771721515279,-1.18155572794745,1.29344548222192,-0.189510256158578,1.2989009578967,5.79255816240715
"Low","Low","High","Medium","High","Mpumalanga","Irrigated","Pannar","John Deere",19.9113432835821,408,296.555789473684,200.322781954887,3.92764661654135,-1.15771721515279,-1.18155572794745,1.29344548222192,-0.189510256158578,1.2989009578967,6.55193339658678
"Low","Low","High","Medium","High","North West","Irrigated","Pannar","John Deere",19.9113432835821,408,296.555789473684,200.322781954887,3.92764661654135,-1.15771721515279,-1.18155572794745,1.29344548222192,-0.189510256158578,1.2989009578967,6.52823714540666
"Low","Low","High","Medium","High","Free State","Rainfed","Dekalb","John Deere",19.9113432835821,408,296.555789473684,200.322781954887,3.92764661654135,-1.15771721515279,-1.18155572794745,1.29344548222192,-0.189510256158578,1.2989009578967,5.50494967574017
"Low","Low","High","Medium","High","Mpumalanga","Rainfed","Dekalb","John Deere",19.9113432835821,408,296.555789473684,200.322781954887,3.92764661654135,-1.15771721515279,-1.18155572794745,1.29344548222192,-0.189510256158578,1.2989009578967,7.53819005284284
"Low","Low","High","Medium","High","North West","Rainfed","Dekalb","John Deere",19.9113432835821,408,296.555789473684,200.322781954887,3.92764661654135,-1.15771721515279,-1.18155572794745,1.29344548222192,-0.189510256158578,1.2989009578967,6.76009788052663
"Low","Low","High","Medium","High","Free State","Irrigated","Dekalb","John Deere",19.9113432835821,408,296.555789473684,200.322781954887,3.92764661654135,-1.15771721515279,-1.18155572794745,1.29344548222192,-0.189510256158578,1.2989009578967,6.38917226148599
"Low","Low","High","Medium","High","Mpumalanga","Irrigated","Dekalb","John Deere",19.9113432835821,408,296.555789473684,200.322781954887,3.92764661654135,-1.15771721515279,-1.18155572794745,1.29344548222192,-0.189510256158578,1.2989009578967,6.52441912965621
"Low","Low","High","Medium","High","North West","Irrigated","Dekalb","John Deere",19.9113432835821,408,296.555789473684,200.322781954887,3.92764661654135,-1.15771721515279,-1.18155572794745,1.29344548222192,-0.189510256158578,1.2989009578967,7.49874361653889
"Low","Low","High","Medium","High","Free State","Rainfed","Pioneer","John Deere",19.9113432835821,408,296.555789473684,200.322781954887,3.92764661654135,-1.15771721515279,-1.18155572794745,1.29344548222192,-0.189510256158578,1.2989009578967,6.41201689126062
"Low","Low","High","Medium","High","Mpumalanga","Rainfed","Pioneer","John Deere",19.9113432835821,408,296.555789473684,200.322781954887,3.92764661654135,-1.15771721515279,-1.18155572794745,1.29344548222192,-0.189510256158578,1.2989009578967,7.35447377187683
"Low","Low","High","Medium","High","North West","Rainfed","Pioneer","John Deere",19.9113432835821,408,296.555789473684,200.322781954887,3.92764661654135,-1.15771721515279,-1.18155572794745,1.29344548222192,-0.189510256158578,1.2989009578967,6.14421826677138
"Low","Low","High","Medium","High","Free State","Irrigated","Pioneer","John Deere",19.9113432835821,408,296.555789473684,200.322781954887,3.92764661654135,-1.15771721515279,-1.18155572794745,1.29344548222192,-0.189510256158578,1.2989009578967,7.52265669584619
"Low","Low","High","Medium","High","Mpumalanga","Irrigated","Pioneer","John Deere",19.9113432835821,408,296.555789473684,200.322781954887,3.92764661654135,-1.15771721515279,-1.18155572794745,1.29344548222192,-0.189510256158578,1.2989009578967,7.83550235387011
"Low","Low","High","Medium","High","North West","Irrigated","Pioneer","John Deere",19.9113432835821,408,296.555789473684,200.322781954887,3.92764661654135,-1.15771721515279,-1.18155572794745,1.29344548222192,-0.189510256158578,1.2989009578967,6.88789685075064
"Low","Low","High","Medium","High","Free State","Rainfed","Pannar","New Holland",19.9113432835821,408,296.555789473684,200.322781954887,3.92764661654135,-1.15771721515279,-1.18155572794745,1.29344548222192,-0.189510256158578,1.2989009578967,6.12823175997185
"Low","Low","High","Medium","High","Mpumalanga","Rainfed","Pannar","New Holland",19.9113432835821,408,296.555789473684,200.322781954887,3.92764661654135,-1.15771721515279,-1.18155572794745,1.29344548222192,-0.189510256158578,1.2989009578967,5.59412276491447
"Low","Low","High","High","Low","Free State","Rainfed","Pannar","John Deere",19.9113432835821,408,296.555789473684,285.840977443609,3.38760447761194,-1.15771721515279,-1.18155572794745,1.29344548222192,1.30373775649338,-1.18148746836324,6.95218281089037
"Low","Low","High","High","Low","Mpumalanga","Rainfed","Pannar","John Deere",19.9113432835821,408,296.555789473684,285.840977443609,3.38760447761194,-1.15771721515279,-1.18155572794745,1.29344548222192,1.30373775649338,-1.18148746836324,6.46579528971472
"Low","Low","High","High","Low","North West","Rainfed","Pannar","John Deere",19.9113432835821,408,296.555789473684,285.840977443609,3.38760447761194,-1.15771721515279,-1.18155572794745,1.29344548222192,1.30373775649338,-1.18148746836324,6.3829107565073
"Low","Low","High","High","Low","Free State","Irrigated","Pannar","John Deere",19.9113432835821,408,296.555789473684,285.840977443609,3.38760447761194,-1.15771721515279,-1.18155572794745,1.29344548222192,1.30373775649338,-1.18148746836324,6.78579650290041
"Low","Low","High","High","Low","Mpumalanga","Irrigated","Pannar","John Deere",19.9113432835821,408,296.555789473684,285.840977443609,3.38760447761194,-1.15771721515279,-1.18155572794745,1.29344548222192,1.30373775649338,-1.18148746836324,6.06533995719815
"Low","Low","High","High","Low","North West","Irrigated","Pannar","John Deere",19.9113432835821,408,296.555789473684,285.840977443609,3.38760447761194,-1.15771721515279,-1.18155572794745,1.29344548222192,1.30373775649338,-1.18148746836324,6.79702785278022
"Low","Low","High","High","Low","Free State","Rainfed","Dekalb","John Deere",19.9113432835821,408,296.555789473684,285.840977443609,3.38760447761194,-1.15771721515279,-1.18155572794745,1.29344548222192,1.30373775649338,-1.18148746836324,7.62635771023477
"Low","Low","High","High","Low","Mpumalanga","Rainfed","Dekalb","John Deere",19.9113432835821,408,296.555789473684,285.840977443609,3.38760447761194,-1.15771721515279,-1.18155572794745,1.29344548222192,1.30373775649338,-1.18148746836324,6.5870849577923
"Low","Low","High","High","Low","North West","Rainfed","Dekalb","John Deere",19.9113432835821,408,296.555789473684,285.840977443609,3.38760447761194,-1.15771721515279,-1.18155572794745,1.29344548222192,1.30373775649338,-1.18148746836324,7.32075939706881
"Low","Low","High","High","Low","Free State","Irrigated","Dekalb","John Deere",19.9113432835821,408,296.555789473684,285.840977443609,3.38760447761194,-1.15771721515279,-1.18155572794745,1.29344548222192,1.30373775649338,-1.18148746836324,6.73978196847894
"Low","Low","High","High","Low","Mpumalanga","Irrigated","Dekalb","John Deere",19.9113432835821,408,296.555789473684,285.840977443609,3.38760447761194,-1.15771721515279,-1.18155572794745,1.29344548222192,1.30373775649338,-1.18148746836324,6.16484709441091
"Low","Low","High","High","Low","North West","Irrigated","Dekalb","John Deere",19.9113432835821,408,296.555789473684,285.840977443609,3.38760447761194,-1.15771721515279,-1.18155572794745,1.29344548222192,1.30373775649338,-1.18148746836324,6.75080029201546
"Low","Low","High","High","Low","Free State","Rainfed","Pioneer","John Deere",19.9113432835821,408,296.555789473684,285.840977443609,3.38760447761194,-1.15771721515279,-1.18155572794745,1.29344548222192,1.30373775649338,-1.18148746836324,5.74547921788156
"Low","Low","High","High","Low","Mpumalanga","Rainfed","Pioneer","John Deere",19.9113432835821,408,296.555789473684,285.840977443609,3.38760447761194,-1.15771721515279,-1.18155572794745,1.29344548222192,1.30373775649338,-1.18148746836324,6.3516567164748
"Low","Low","High","High","Low","North West","Rainfed","Pioneer","John Deere",19.9113432835821,408,296.555789473684,285.840977443609,3.38760447761194,-1.15771721515279,-1.18155572794745,1.29344548222192,1.30373775649338,-1.18148746836324,6.30801794441582
"Low","Low","High","High","Low","Free State","Irrigated","Pioneer","John Deere",19.9113432835821,408,296.555789473684,285.840977443609,3.38760447761194,-1.15771721515279,-1.18155572794745,1.29344548222192,1.30373775649338,-1.18148746836324,7.18720385765023
"Low","Low","High","High","Low","Mpumalanga","Irrigated","Pioneer","John Deere",19.9113432835821,408,296.555789473684,285.840977443609,3.38760447761194,-1.15771721515279,-1.18155572794745,1.29344548222192,1.30373775649338,-1.18148746836324,6.70499473516207
"Low","Low","High","High","Low","North West","Irrigated","Pioneer","John Deere",19.9113432835821,408,296.555789473684,285.840977443609,3.38760447761194,-1.15771721515279,-1.18155572794745,1.29344548222192,1.30373775649338,-1.18148746836324,8.12736419951338
"Low","Low","High","High","Low","Free State","Rainfed","Pannar","New Holland",19.9113432835821,408,296.555789473684,285.840977443609,3.38760447761194,-1.15771721515279,-1.18155572794745,1.29344548222192,1.30373775649338,-1.18148746836324,5.8576632341193
"Low","Low","High","High","Low","Mpumalanga","Rainfed","Pannar","New Holland",19.9113432835821,408,296.555789473684,285.840977443609,3.38760447761194,-1.15771721515279,-1.18155572794745,1.29344548222192,1.30373775649338,-1.18148746836324,5.69136253041691
"Low","Low","High","High","Medium","Free State","Rainfed","Pannar","John Deere",19.9113432835821,408,296.555789473684,285.840977443609,3.64706015037594,-1.15771721515279,-1.18155572794745,1.29344548222192,1.30373775649338,0.0101803691264333,6.30429281194378
"Low","Low","High","High","Medium","Mpumalanga","Rainfed","Pannar","John Deere",19.9113432835821,408,296.555789473684,285.840977443609,3.64706015037594,-1.15771721515279,-1.18155572794745,1.29344548222192,1.30373775649338,0.0101803691264333,7.06531696286912
"Low","Low","High","High","Medium","North West","Rainfed","Pannar","John Deere",19.9113432835821,408,296.555789473684,285.840977443609,3.64706015037594,-1.15771721515279,-1.18155572794745,1.29344548222192,1.30373775649338,0.0101803691264333,6.59287678651287
"Low","Low","High","High","Medium","Free State","Irrigated","Pannar","John Deere",19.9113432835821,408,296.555789473684,285.840977443609,3.64706015037594,-1.15771721515279,-1.18155572794745,1.29344548222192,1.30373775649338,0.0101803691264333,6.96367365011265
"Low","Low","High","High","Medium","Mpumalanga","Irrigated","Pannar","John Deere",19.9113432835821,408,296.555789473684,285.840977443609,3.64706015037594,-1.15771721515279,-1.18155572794745,1.29344548222192,1.30373775649338,0.0101803691264333,5.977520410029
"Low","Low","High","High","Medium","North West","Irrigated","Pannar","John Deere",19.9113432835821,408,296.555789473684,285.840977443609,3.64706015037594,-1.15771721515279,-1.18155572794745,1.29344548222192,1.30373775649338,0.0101803691264333,6.80377324947573
"Low","Low","High","High","Medium","Free State","Rainfed","Dekalb","John Deere",19.9113432835821,408,296.555789473684,285.840977443609,3.64706015037594,-1.15771721515279,-1.18155572794745,1.29344548222192,1.30373775649338,0.0101803691264333,6.17047545546043
"Low","Low","High","High","Medium","Mpumalanga","Rainfed","Dekalb","John Deere",19.9113432835821,408,296.555789473684,285.840977443609,3.64706015037594,-1.15771721515279,-1.18155572794745,1.29344548222192,1.30373775649338,0.0101803691264333,7.56245467781022
"Low","Low","High","High","Medium","North West","Rainfed","Dekalb","John Deere",19.9113432835821,408,296.555789473684,285.840977443609,3.64706015037594,-1.15771721515279,-1.18155572794745,1.29344548222192,1.30373775649338,0.0101803691264333,7.39622364879576
"Low","Low","High","High","Medium","Free State","Irrigated","Dekalb","John Deere",19.9113432835821,408,296.555789473684,285.840977443609,3.64706015037594,-1.15771721515279,-1.18155572794745,1.29344548222192,1.30373775649338,0.0101803691264333,7.47532869994655
"Low","Low","High","High","Medium","Mpumalanga","Irrigated","Dekalb","John Deere",19.9113432835821,408,296.555789473684,285.840977443609,3.64706015037594,-1.15771721515279,-1.18155572794745,1.29344548222192,1.30373775649338,0.0101803691264333,7.54202765425523
"Low","Low","High","High","Medium","North West","Irrigated","Dekalb","John Deere",19.9113432835821,408,296.555789473684,285.840977443609,3.64706015037594,-1.15771721515279,-1.18155572794745,1.29344548222192,1.30373775649338,0.0101803691264333,6.80684466262035
"Low","Low","High","High","Medium","Free State","Rainfed","Pioneer","John Deere",19.9113432835821,408,296.555789473684,285.840977443609,3.64706015037594,-1.15771721515279,-1.18155572794745,1.29344548222192,1.30373775649338,0.0101803691264333,6.44443941708917
"Low","Low","High","High","Medium","Mpumalanga","Rainfed","Pioneer","John Deere",19.9113432835821,408,296.555789473684,285.840977443609,3.64706015037594,-1.15771721515279,-1.18155572794745,1.29344548222192,1.30373775649338,0.0101803691264333,7.60250999471792
"Low","Low","High","High","Medium","North West","Rainfed","Pioneer","John Deere",19.9113432835821,408,296.555789473684,285.840977443609,3.64706015037594,-1.15771721515279,-1.18155572794745,1.29344548222192,1.30373775649338,0.0101803691264333,6.1826631183228
"Low","Low","High","High","Medium","Free State","Irrigated","Pioneer","John Deere",19.9113432835821,408,296.555789473684,285.840977443609,3.64706015037594,-1.15771721515279,-1.18155572794745,1.29344548222192,1.30373775649338,0.0101803691264333,7.58557598641238
"Low","Low","High","High","Medium","Mpumalanga","Irrigated","Pioneer","John Deere",19.9113432835821,408,296.555789473684,285.840977443609,3.64706015037594,-1.15771721515279,-1.18155572794745,1.29344548222192,1.30373775649338,0.0101803691264333,7.20160854257895
"Low","Low","High","High","Medium","North West","Irrigated","Pioneer","John Deere",19.9113432835821,408,296.555789473684,285.840977443609,3.64706015037594,-1.15771721515279,-1.18155572794745,1.29344548222192,1.30373775649338,0.0101803691264333,7.4466005177624
"Low","Low","High","High","Medium","Free State","Rainfed","Pannar","New Holland",19.9113432835821,408,296.555789473684,285.840977443609,3.64706015037594,-1.15771721515279,-1.18155572794745,1.29344548222192,1.30373775649338,0.0101803691264333,6.53088015942383
"Low","Low","High","High","Medium","Mpumalanga","Rainfed","Pannar","New Holland",19.9113432835821,408,296.555789473684,285.840977443609,3.64706015037594,-1.15771721515279,-1.18155572794745,1.29344548222192,1.30373775649338,0.0101803691264333,6.3343527701078
"Low","Low","High","High","High","Free State","Rainfed","Pannar","John Deere",19.9113432835821,408,296.555789473684,285.840977443609,3.92764661654135,-1.15771721515279,-1.18155572794745,1.29344548222192,1.30373775649338,1.2989009578967,7.43615355395063
"Low","Low","High","High","High","Mpumalanga","Rainfed","Pannar","John Deere",19.9113432835821,408,296.555789473684,285.840977443609,3.92764661654135,-1.15771721515279,-1.18155572794745,1.29344548222192,1.30373775649338,1.2989009578967,6.88919263605027
"Low","Low","High","High","High","North West","Rainfed","Pannar","John Deere",19.9113432835821,408,296.555789473684,285.840977443609,3.92764661654135,-1.15771721515279,-1.18155572794745,1.29344548222192,1.30373775649338,1.2989009578967,6.4316680708659
"Low","Low","High","High","High","Free State","Irrigated","Pannar","John Deere",19.9113432835821,408,296.555789473684,285.840977443609,3.92764661654135,-1.15771721515279,-1.18155572794745,1.29344548222192,1.30373775649338,1.2989009578967,5.62981209511461
"Low","Low","High","High","High","Mpumalanga","Irrigated","Pannar","John Deere",19.9113432835821,408,296.555789473684,285.840977443609,3.92764661654135,-1.15771721515279,-1.18155572794745,1.29344548222192,1.30373775649338,1.2989009578967,6.81270097834935
"Low","Low","High","High","High","North West","Irrigated","Pannar","John Deere",19.9113432835821,408,296.555789473684,285.840977443609,3.92764661654135,-1.15771721515279,-1.18155572794745,1.29344548222192,1.30373775649338,1.2989009578967,7.21419192074341
"Low","Low","High","High","High","Free State","Rainfed","Dekalb","John Deere",19.9113432835821,408,296.555789473684,285.840977443609,3.92764661654135,-1.15771721515279,-1.18155572794745,1.29344548222192,1.30373775649338,1.2989009578967,6.83276129537091
"Low","Low","High","High","High","Mpumalanga","Rainfed","Dekalb","John Deere",19.9113432835821,408,296.555789473684,285.840977443609,3.92764661654135,-1.15771721515279,-1.18155572794745,1.29344548222192,1.30373775649338,1.2989009578967,7.68504343546033
"Low","Low","High","High","High","North West","Rainfed","Dekalb","John Deere",19.9113432835821,408,296.555789473684,285.840977443609,3.92764661654135,-1.15771721515279,-1.18155572794745,1.29344548222192,1.30373775649338,1.2989009578967,7.13093616378059
"Low","Low","High","High","High","Free State","Irrigated","Dekalb","John Deere",19.9113432835821,408,296.555789473684,285.840977443609,3.92764661654135,-1.15771721515279,-1.18155572794745,1.29344548222192,1.30373775649338,1.2989009578967,7.33685024837585
"Low","Low","High","High","High","Mpumalanga","Irrigated","Dekalb","John Deere",19.9113432835821,408,296.555789473684,285.840977443609,3.92764661654135,-1.15771721515279,-1.18155572794745,1.29344548222192,1.30373775649338,1.2989009578967,6.87517695551155
"Low","Low","High","High","High","North West","Irrigated","Dekalb","John Deere",19.9113432835821,408,296.555789473684,285.840977443609,3.92764661654135,-1.15771721515279,-1.18155572794745,1.29344548222192,1.30373775649338,1.2989009578967,6.42947170015478
"Low","Low","High","High","High","Free State","Rainfed","Pioneer","John Deere",19.9113432835821,408,296.555789473684,285.840977443609,3.92764661654135,-1.15771721515279,-1.18155572794745,1.29344548222192,1.30373775649338,1.2989009578967,6.28897435015149
"Low","Low","High","High","High","Mpumalanga","Rainfed","Pioneer","John Deere",19.9113432835821,408,296.555789473684,285.840977443609,3.92764661654135,-1.15771721515279,-1.18155572794745,1.29344548222192,1.30373775649338,1.2989009578967,7.54888283472913
"Low","Low","High","High","High","North West","Rainfed","Pioneer","John Deere",19.9113432835821,408,296.555789473684,285.840977443609,3.92764661654135,-1.15771721515279,-1.18155572794745,1.29344548222192,1.30373775649338,1.2989009578967,7.39935461436701
"Low","Low","High","High","High","Free State","Irrigated","Pioneer","John Deere",19.9113432835821,408,296.555789473684,285.840977443609,3.92764661654135,-1.15771721515279,-1.18155572794745,1.29344548222192,1.30373775649338,1.2989009578967,7.92296493343205
"Low","Low","High","High","High","Mpumalanga","Irrigated","Pioneer","John Deere",19.9113432835821,408,296.555789473684,285.840977443609,3.92764661654135,-1.15771721515279,-1.18155572794745,1.29344548222192,1.30373775649338,1.2989009578967,7.24713355372625
"Low","Low","High","High","High","North West","Irrigated","Pioneer","John Deere",19.9113432835821,408,296.555789473684,285.840977443609,3.92764661654135,-1.15771721515279,-1.18155572794745,1.29344548222192,1.30373775649338,1.2989009578967,7.78343263830291
"Low","Low","High","High","High","Free State","Rainfed","Pannar","New Holland",19.9113432835821,408,296.555789473684,285.840977443609,3.92764661654135,-1.15771721515279,-1.18155572794745,1.29344548222192,1.30373775649338,1.2989009578967,6.03148921413511
"Low","Low","High","High","High","Mpumalanga","Rainfed","Pannar","New Holland",19.9113432835821,408,296.555789473684,285.840977443609,3.92764661654135,-1.15771721515279,-1.18155572794745,1.29344548222192,1.30373775649338,1.2989009578967,6.93774273149907
"Low","Medium","Low","Low","Low","Free State","Rainfed","Pannar","John Deere",19.9113432835821,604.676691729323,135.153059701493,144.721044776119,3.38760447761194,-1.15771721515279,-0.135282631961664,-1.11851500073808,-1.16038181241284,-1.18148746836324,6.12872790474539
"Low","Medium","Low","Low","Low","Mpumalanga","Rainfed","Pannar","John Deere",19.9113432835821,604.676691729323,135.153059701493,144.721044776119,3.38760447761194,-1.15771721515279,-0.135282631961664,-1.11851500073808,-1.16038181241284,-1.18148746836324,5.47975375633381
"Low","Medium","Low","Low","Low","North West","Rainfed","Pannar","John Deere",19.9113432835821,604.676691729323,135.153059701493,144.721044776119,3.38760447761194,-1.15771721515279,-0.135282631961664,-1.11851500073808,-1.16038181241284,-1.18148746836324,4.92535940606242
"Low","Medium","Low","Low","Low","Free State","Irrigated","Pannar","John Deere",19.9113432835821,604.676691729323,135.153059701493,144.721044776119,3.38760447761194,-1.15771721515279,-0.135282631961664,-1.11851500073808,-1.16038181241284,-1.18148746836324,7.52565096137802
"Low","Medium","Low","Low","Low","Mpumalanga","Irrigated","Pannar","John Deere",19.9113432835821,604.676691729323,135.153059701493,144.721044776119,3.38760447761194,-1.15771721515279,-0.135282631961664,-1.11851500073808,-1.16038181241284,-1.18148746836324,6.15234952470723
"Low","Medium","Low","Low","Low","North West","Irrigated","Pannar","John Deere",19.9113432835821,604.676691729323,135.153059701493,144.721044776119,3.38760447761194,-1.15771721515279,-0.135282631961664,-1.11851500073808,-1.16038181241284,-1.18148746836324,6.23925928790557
"Low","Medium","Low","Low","Low","Free State","Rainfed","Dekalb","John Deere",19.9113432835821,604.676691729323,135.153059701493,144.721044776119,3.38760447761194,-1.15771721515279,-0.135282631961664,-1.11851500073808,-1.16038181241284,-1.18148746836324,5.93862893031037
"Low","Medium","Low","Low","Low","Mpumalanga","Rainfed","Dekalb","John Deere",19.9113432835821,604.676691729323,135.153059701493,144.721044776119,3.38760447761194,-1.15771721515279,-0.135282631961664,-1.11851500073808,-1.16038181241284,-1.18148746836324,6.44320371414153
"Low","Medium","Low","Low","Low","North West","Rainfed","Dekalb","John Deere",19.9113432835821,604.676691729323,135.153059701493,144.721044776119,3.38760447761194,-1.15771721515279,-0.135282631961664,-1.11851500073808,-1.16038181241284,-1.18148746836324,6.36858291038877
"Low","Medium","Low","Low","Low","Free State","Irrigated","Dekalb","John Deere",19.9113432835821,604.676691729323,135.153059701493,144.721044776119,3.38760447761194,-1.15771721515279,-0.135282631961664,-1.11851500073808,-1.16038181241284,-1.18148746836324,6.84601395969458
"Low","Medium","Low","Low","Low","Mpumalanga","Irrigated","Dekalb","John Deere",19.9113432835821,604.676691729323,135.153059701493,144.721044776119,3.38760447761194,-1.15771721515279,-0.135282631961664,-1.11851500073808,-1.16038181241284,-1.18148746836324,6.60597066975659
"Low","Medium","Low","Low","Low","North West","Irrigated","Dekalb","John Deere",19.9113432835821,604.676691729323,135.153059701493,144.721044776119,3.38760447761194,-1.15771721515279,-0.135282631961664,-1.11851500073808,-1.16038181241284,-1.18148746836324,5.98867953294262
"Low","Medium","Low","Low","Low","Free State","Rainfed","Pioneer","John Deere",19.9113432835821,604.676691729323,135.153059701493,144.721044776119,3.38760447761194,-1.15771721515279,-0.135282631961664,-1.11851500073808,-1.16038181241284,-1.18148746836324,4.56553782938791
"Low","Medium","Low","Low","Low","Mpumalanga","Rainfed","Pioneer","John Deere",19.9113432835821,604.676691729323,135.153059701493,144.721044776119,3.38760447761194,-1.15771721515279,-0.135282631961664,-1.11851500073808,-1.16038181241284,-1.18148746836324,5.84778777116483
"Low","Medium","Low","Low","Low","North West","Rainfed","Pioneer","John Deere",19.9113432835821,604.676691729323,135.153059701493,144.721044776119,3.38760447761194,-1.15771721515279,-0.135282631961664,-1.11851500073808,-1.16038181241284,-1.18148746836324,5.029732571917
"Low","Medium","Low","Low","Low","Free State","Irrigated","Pioneer","John Deere",19.9113432835821,604.676691729323,135.153059701493,144.721044776119,3.38760447761194,-1.15771721515279,-0.135282631961664,-1.11851500073808,-1.16038181241284,-1.18148746836324,6.7924805963351
"Low","Medium","Low","Low","Low","Mpumalanga","Irrigated","Pioneer","John Deere",19.9113432835821,604.676691729323,135.153059701493,144.721044776119,3.38760447761194,-1.15771721515279,-0.135282631961664,-1.11851500073808,-1.16038181241284,-1.18148746836324,5.81852087171855
"Low","Medium","Low","Low","Low","North West","Irrigated","Pioneer","John Deere",19.9113432835821,604.676691729323,135.153059701493,144.721044776119,3.38760447761194,-1.15771721515279,-0.135282631961664,-1.11851500073808,-1.16038181241284,-1.18148746836324,5.45958975440733
"Low","Medium","Low","Low","Low","Free State","Rainfed","Pannar","New Holland",19.9113432835821,604.676691729323,135.153059701493,144.721044776119,3.38760447761194,-1.15771721515279,-0.135282631961664,-1.11851500073808,-1.16038181241284,-1.18148746836324,5.37153246213231
"Low","Medium","Low","Low","Low","Mpumalanga","Rainfed","Pannar","New Holland",19.9113432835821,604.676691729323,135.153059701493,144.721044776119,3.38760447761194,-1.15771721515279,-0.135282631961664,-1.11851500073808,-1.16038181241284,-1.18148746836324,5.67830359883967
"Low","Medium","Low","Low","Medium","Free State","Rainfed","Pannar","John Deere",19.9113432835821,604.676691729323,135.153059701493,144.721044776119,3.64706015037594,-1.15771721515279,-0.135282631961664,-1.11851500073808,-1.16038181241284,0.0101803691264333,6.11887889340141
"Low","Medium","Low","Low","Medium","Mpumalanga","Rainfed","Pannar","John Deere",19.9113432835821,604.676691729323,135.153059701493,144.721044776119,3.64706015037594,-1.15771721515279,-0.135282631961664,-1.11851500073808,-1.16038181241284,0.0101803691264333,5.90679592273659
"Low","Medium","Low","Low","Medium","North West","Rainfed","Pannar","John Deere",19.9113432835821,604.676691729323,135.153059701493,144.721044776119,3.64706015037594,-1.15771721515279,-0.135282631961664,-1.11851500073808,-1.16038181241284,0.0101803691264333,5.77755260005503
"Low","Medium","Low","Low","Medium","Free State","Irrigated","Pannar","John Deere",19.9113432835821,604.676691729323,135.153059701493,144.721044776119,3.64706015037594,-1.15771721515279,-0.135282631961664,-1.11851500073808,-1.16038181241284,0.0101803691264333,6.02234465558498
"Low","Medium","Low","Low","Medium","Mpumalanga","Irrigated","Pannar","John Deere",19.9113432835821,604.676691729323,135.153059701493,144.721044776119,3.64706015037594,-1.15771721515279,-0.135282631961664,-1.11851500073808,-1.16038181241284,0.0101803691264333,5.91273849698188
"Low","Medium","Low","Low","Medium","North West","Irrigated","Pannar","John Deere",19.9113432835821,604.676691729323,135.153059701493,144.721044776119,3.64706015037594,-1.15771721515279,-0.135282631961664,-1.11851500073808,-1.16038181241284,0.0101803691264333,6.97664308480185
"Low","Medium","Low","Low","Medium","Free State","Rainfed","Dekalb","John Deere",19.9113432835821,604.676691729323,135.153059701493,144.721044776119,3.64706015037594,-1.15771721515279,-0.135282631961664,-1.11851500073808,-1.16038181241284,0.0101803691264333,6.13678423434341
"Low","Medium","Low","Low","Medium","Mpumalanga","Rainfed","Dekalb","John Deere",19.9113432835821,604.676691729323,135.153059701493,144.721044776119,3.64706015037594,-1.15771721515279,-0.135282631961664,-1.11851500073808,-1.16038181241284,0.0101803691264333,6.01806139782255
"Low","Medium","Low","Low","Medium","North West","Rainfed","Dekalb","John Deere",19.9113432835821,604.676691729323,135.153059701493,144.721044776119,3.64706015037594,-1.15771721515279,-0.135282631961664,-1.11851500073808,-1.16038181241284,0.0101803691264333,6.32393048873968
"Low","Medium","Low","Low","Medium","Free State","Irrigated","Dekalb","John Deere",19.9113432835821,604.676691729323,135.153059701493,144.721044776119,3.64706015037594,-1.15771721515279,-0.135282631961664,-1.11851500073808,-1.16038181241284,0.0101803691264333,6.14538082532919
"Low","Medium","Low","Low","Medium","Mpumalanga","Irrigated","Dekalb","John Deere",19.9113432835821,604.676691729323,135.153059701493,144.721044776119,3.64706015037594,-1.15771721515279,-0.135282631961664,-1.11851500073808,-1.16038181241284,0.0101803691264333,6.27663249952135
"Low","Medium","Low","Low","Medium","North West","Irrigated","Dekalb","John Deere",19.9113432835821,604.676691729323,135.153059701493,144.721044776119,3.64706015037594,-1.15771721515279,-0.135282631961664,-1.11851500073808,-1.16038181241284,0.0101803691264333,6.93604417003543
"Low","Medium","Low","Low","Medium","Free State","Rainfed","Pioneer","John Deere",19.9113432835821,604.676691729323,135.153059701493,144.721044776119,3.64706015037594,-1.15771721515279,-0.135282631961664,-1.11851500073808,-1.16038181241284,0.0101803691264333,5.0740659918848
"Low","Medium","Low","Low","Medium","Mpumalanga","Rainfed","Pioneer","John Deere",19.9113432835821,604.676691729323,135.153059701493,144.721044776119,3.64706015037594,-1.15771721515279,-0.135282631961664,-1.11851500073808,-1.16038181241284,0.0101803691264333,5.16243102102508
"Low","Medium","Low","Low","Medium","North West","Rainfed","Pioneer","John Deere",19.9113432835821,604.676691729323,135.153059701493,144.721044776119,3.64706015037594,-1.15771721515279,-0.135282631961664,-1.11851500073808,-1.16038181241284,0.0101803691264333,6.10139477947547
"Low","Medium","Low","Low","Medium","Free State","Irrigated","Pioneer","John Deere",19.9113432835821,604.676691729323,135.153059701493,144.721044776119,3.64706015037594,-1.15771721515279,-0.135282631961664,-1.11851500073808,-1.16038181241284,0.0101803691264333,6.98466144609215
"Low","Medium","Low","Low","Medium","Mpumalanga","Irrigated","Pioneer","John Deere",19.9113432835821,604.676691729323,135.153059701493,144.721044776119,3.64706015037594,-1.15771721515279,-0.135282631961664,-1.11851500073808,-1.16038181241284,0.0101803691264333,5.61632590616718
"Low","Medium","Low","Low","Medium","North West","Irrigated","Pioneer","John Deere",19.9113432835821,604.676691729323,135.153059701493,144.721044776119,3.64706015037594,-1.15771721515279,-0.135282631961664,-1.11851500073808,-1.16038181241284,0.0101803691264333,6.69121620257528
"Low","Medium","Low","Low","Medium","Free State","Rainfed","Pannar","New Holland",19.9113432835821,604.676691729323,135.153059701493,144.721044776119,3.64706015037594,-1.15771721515279,-0.135282631961664,-1.11851500073808,-1.16038181241284,0.0101803691264333,5.79858018391658
"Low","Medium","Low","Low","Medium","Mpumalanga","Rainfed","Pannar","New Holland",19.9113432835821,604.676691729323,135.153059701493,144.721044776119,3.64706015037594,-1.15771721515279,-0.135282631961664,-1.11851500073808,-1.16038181241284,0.0101803691264333,5.48849591129705
"Low","Medium","Low","Low","High","Free State","Rainfed","Pannar","John Deere",19.9113432835821,604.676691729323,135.153059701493,144.721044776119,3.92764661654135,-1.15771721515279,-0.135282631961664,-1.11851500073808,-1.16038181241284,1.2989009578967,5.70994835809453
"Low","Medium","Low","Low","High","Mpumalanga","Rainfed","Pannar","John Deere",19.9113432835821,604.676691729323,135.153059701493,144.721044776119,3.92764661654135,-1.15771721515279,-0.135282631961664,-1.11851500073808,-1.16038181241284,1.2989009578967,5.64713201421604
"Low","Medium","Low","Low","High","North West","Rainfed","Pannar","John Deere",19.9113432835821,604.676691729323,135.153059701493,144.721044776119,3.92764661654135,-1.15771721515279,-0.135282631961664,-1.11851500073808,-1.16038181241284,1.2989009578967,6.75906026252114
"Low","Medium","Low","Low","High","Free State","Irrigated","Pannar","John Deere",19.9113432835821,604.676691729323,135.153059701493,144.721044776119,3.92764661654135,-1.15771721515279,-0.135282631961664,-1.11851500073808,-1.16038181241284,1.2989009578967,6.70753020589593
"Low","Medium","Low","Low","High","Mpumalanga","Irrigated","Pannar","John Deere",19.9113432835821,604.676691729323,135.153059701493,144.721044776119,3.92764661654135,-1.15771721515279,-0.135282631961664,-1.11851500073808,-1.16038181241284,1.2989009578967,6.62194679308201
"Low","Medium","Low","Low","High","North West","Irrigated","Pannar","John Deere",19.9113432835821,604.676691729323,135.153059701493,144.721044776119,3.92764661654135,-1.15771721515279,-0.135282631961664,-1.11851500073808,-1.16038181241284,1.2989009578967,6.21711747666157
"Low","Medium","Low","Low","High","Free State","Rainfed","Dekalb","John Deere",19.9113432835821,604.676691729323,135.153059701493,144.721044776119,3.92764661654135,-1.15771721515279,-0.135282631961664,-1.11851500073808,-1.16038181241284,1.2989009578967,6.73552434598911
"Low","Medium","Low","Low","High","Mpumalanga","Rainfed","Dekalb","John Deere",19.9113432835821,604.676691729323,135.153059701493,144.721044776119,3.92764661654135,-1.15771721515279,-0.135282631961664,-1.11851500073808,-1.16038181241284,1.2989009578967,6.73096122447476
"Low","Medium","Low","Low","High","North West","Rainfed","Dekalb","John Deere",19.9113432835821,604.676691729323,135.153059701493,144.721044776119,3.92764661654135,-1.15771721515279,-0.135282631961664,-1.11851500073808,-1.16038181241284,1.2989009578967,6.65947946879471
"Low","Medium","Low","Low","High","Free State","Irrigated","Dekalb","John Deere",19.9113432835821,604.676691729323,135.153059701493,144.721044776119,3.92764661654135,-1.15771721515279,-0.135282631961664,-1.11851500073808,-1.16038181241284,1.2989009578967,6.33335156169372
"Low","Medium","Low","Low","High","Mpumalanga","Irrigated","Dekalb","John Deere",19.9113432835821,604.676691729323,135.153059701493,144.721044776119,3.92764661654135,-1.15771721515279,-0.135282631961664,-1.11851500073808,-1.16038181241284,1.2989009578967,6.49756357073066
"Low","Medium","Low","Low","High","North West","Irrigated","Dekalb","John Deere",19.9113432835821,604.676691729323,135.153059701493,144.721044776119,3.92764661654135,-1.15771721515279,-0.135282631961664,-1.11851500073808,-1.16038181241284,1.2989009578967,5.84466629313727
"Low","Medium","Low","Low","High","Free State","Rainfed","Pioneer","John Deere",19.9113432835821,604.676691729323,135.153059701493,144.721044776119,3.92764661654135,-1.15771721515279,-0.135282631961664,-1.11851500073808,-1.16038181241284,1.2989009578967,5.18245252110527
"Low","Medium","Low","Low","High","Mpumalanga","Rainfed","Pioneer","John Deere",19.9113432835821,604.676691729323,135.153059701493,144.721044776119,3.92764661654135,-1.15771721515279,-0.135282631961664,-1.11851500073808,-1.16038181241284,1.2989009578967,7.17511435776419
"Low","Medium","Low","Low","High","North West","Rainfed","Pioneer","John Deere",19.9113432835821,604.676691729323,135.153059701493,144.721044776119,3.92764661654135,-1.15771721515279,-0.135282631961664,-1.11851500073808,-1.16038181241284,1.2989009578967,5.94492472708368
"Low","Medium","Low","Low","High","Free State","Irrigated","Pioneer","John Deere",19.9113432835821,604.676691729323,135.153059701493,144.721044776119,3.92764661654135,-1.15771721515279,-0.135282631961664,-1.11851500073808,-1.16038181241284,1.2989009578967,6.33146852098674
"Low","Medium","Low","Low","High","Mpumalanga","Irrigated","Pioneer","John Deere",19.9113432835821,604.676691729323,135.153059701493,144.721044776119,3.92764661654135,-1.15771721515279,-0.135282631961664,-1.11851500073808,-1.16038181241284,1.2989009578967,6.64529559444584
"Low","Medium","Low","Low","High","North West","Irrigated","Pioneer","John Deere",19.9113432835821,604.676691729323,135.153059701493,144.721044776119,3.92764661654135,-1.15771721515279,-0.135282631961664,-1.11851500073808,-1.16038181241284,1.2989009578967,5.66918815954087
"Low","Medium","Low","Low","High","Free State","Rainfed","Pannar","New Holland",19.9113432835821,604.676691729323,135.153059701493,144.721044776119,3.92764661654135,-1.15771721515279,-0.135282631961664,-1.11851500073808,-1.16038181241284,1.2989009578967,5.16672893670528
"Low","Medium","Low","Low","High","Mpumalanga","Rainfed","Pannar","New Holland",19.9113432835821,604.676691729323,135.153059701493,144.721044776119,3.92764661654135,-1.15771721515279,-0.135282631961664,-1.11851500073808,-1.16038181241284,1.2989009578967,6.7281736920638
"Low","Medium","Low","Medium","Medium","Free State","Rainfed","Pannar","John Deere",19.9113432835821,604.676691729323,135.153059701493,200.322781954887,3.64706015037594,-1.15771721515279,-0.135282631961664,-1.11851500073808,-0.189510256158578,0.0101803691264333,5.96853322291077
"Low","Medium","Low","Medium","Medium","Mpumalanga","Rainfed","Pannar","John Deere",19.9113432835821,604.676691729323,135.153059701493,200.322781954887,3.64706015037594,-1.15771721515279,-0.135282631961664,-1.11851500073808,-0.189510256158578,0.0101803691264333,5.96810720260497
"Low","Medium","Low","Medium","Medium","North West","Rainfed","Pannar","John Deere",19.9113432835821,604.676691729323,135.153059701493,200.322781954887,3.64706015037594,-1.15771721515279,-0.135282631961664,-1.11851500073808,-0.189510256158578,0.0101803691264333,6.49335842306397
"Low","Medium","Low","Medium","Medium","Free State","Irrigated","Pannar","John Deere",19.9113432835821,604.676691729323,135.153059701493,200.322781954887,3.64706015037594,-1.15771721515279,-0.135282631961664,-1.11851500073808,-0.189510256158578,0.0101803691264333,5.46242993215266
"Low","Medium","Low","Medium","Medium","Mpumalanga","Irrigated","Pannar","John Deere",19.9113432835821,604.676691729323,135.153059701493,200.322781954887,3.64706015037594,-1.15771721515279,-0.135282631961664,-1.11851500073808,-0.189510256158578,0.0101803691264333,6.73654834007354
"Low","Medium","Low","Medium","Medium","North West","Irrigated","Pannar","John Deere",19.9113432835821,604.676691729323,135.153059701493,200.322781954887,3.64706015037594,-1.15771721515279,-0.135282631961664,-1.11851500073808,-0.189510256158578,0.0101803691264333,6.4727726181335
"Low","Medium","Low","Medium","Medium","Free State","Rainfed","Dekalb","John Deere",19.9113432835821,604.676691729323,135.153059701493,200.322781954887,3.64706015037594,-1.15771721515279,-0.135282631961664,-1.11851500073808,-0.189510256158578,0.0101803691264333,5.75645629472553
"Low","Medium","Low","Medium","Medium","Mpumalanga","Rainfed","Dekalb","John Deere",19.9113432835821,604.676691729323,135.153059701493,200.322781954887,3.64706015037594,-1.15771721515279,-0.135282631961664,-1.11851500073808,-0.189510256158578,0.0101803691264333,5.93796005079427
"Low","Medium","Low","Medium","Medium","North West","Rainfed","Dekalb","John Deere",19.9113432835821,604.676691729323,135.153059701493,200.322781954887,3.64706015037594,-1.15771721515279,-0.135282631961664,-1.11851500073808,-0.189510256158578,0.0101803691264333,5.79001281266267
"Low","Medium","Low","Medium","Medium","Free State","Irrigated","Dekalb","John Deere",19.9113432835821,604.676691729323,135.153059701493,200.322781954887,3.64706015037594,-1.15771721515279,-0.135282631961664,-1.11851500073808,-0.189510256158578,0.0101803691264333,6.56792495803128
"Low","Medium","Low","Medium","Medium","Mpumalanga","Irrigated","Dekalb","John Deere",19.9113432835821,604.676691729323,135.153059701493,200.322781954887,3.64706015037594,-1.15771721515279,-0.135282631961664,-1.11851500073808,-0.189510256158578,0.0101803691264333,7.16748692971315
"Low","Medium","Low","Medium","Medium","North West","Irrigated","Dekalb","John Deere",19.9113432835821,604.676691729323,135.153059701493,200.322781954887,3.64706015037594,-1.15771721515279,-0.135282631961664,-1.11851500073808,-0.189510256158578,0.0101803691264333,6.89067258267956
"Low","Medium","Low","Medium","Medium","Free State","Rainfed","Pioneer","John Deere",19.9113432835821,604.676691729323,135.153059701493,200.322781954887,3.64706015037594,-1.15771721515279,-0.135282631961664,-1.11851500073808,-0.189510256158578,0.0101803691264333,5.0078583731908
"Low","Medium","Low","Medium","Medium","Mpumalanga","Rainfed","Pioneer","John Deere",19.9113432835821,604.676691729323,135.153059701493,200.322781954887,3.64706015037594,-1.15771721515279,-0.135282631961664,-1.11851500073808,-0.189510256158578,0.0101803691264333,6.68937692038827
"Low","Medium","Low","Medium","Medium","North West","Rainfed","Pioneer","John Deere",19.9113432835821,604.676691729323,135.153059701493,200.322781954887,3.64706015037594,-1.15771721515279,-0.135282631961664,-1.11851500073808,-0.189510256158578,0.0101803691264333,5.70764008089825
"Low","Medium","Low","Medium","Medium","Free State","Irrigated","Pioneer","John Deere",19.9113432835821,604.676691729323,135.153059701493,200.322781954887,3.64706015037594,-1.15771721515279,-0.135282631961664,-1.11851500073808,-0.189510256158578,0.0101803691264333,6.28186360874349
"Low","Medium","Low","Medium","Medium","Mpumalanga","Irrigated","Pioneer","John Deere",19.9113432835821,604.676691729323,135.153059701493,200.322781954887,3.64706015037594,-1.15771721515279,-0.135282631961664,-1.11851500073808,-0.189510256158578,0.0101803691264333,6.36490820835308
"Low","Medium","Low","Medium","Medium","North West","Irrigated","Pioneer","John Deere",19.9113432835821,604.676691729323,135.153059701493,200.322781954887,3.64706015037594,-1.15771721515279,-0.135282631961664,-1.11851500073808,-0.189510256158578,0.0101803691264333,7.3199006785156
"Low","Medium","Low","Medium","Medium","Free State","Rainfed","Pannar","New Holland",19.9113432835821,604.676691729323,135.153059701493,200.322781954887,3.64706015037594,-1.15771721515279,-0.135282631961664,-1.11851500073808,-0.189510256158578,0.0101803691264333,5.74224493840815
"Low","Medium","Low","Medium","Medium","Mpumalanga","Rainfed","Pannar","New Holland",19.9113432835821,604.676691729323,135.153059701493,200.322781954887,3.64706015037594,-1.15771721515279,-0.135282631961664,-1.11851500073808,-0.189510256158578,0.0101803691264333,4.8738912004863
"Low","Medium","Low","Medium","High","Free State","Rainfed","Pannar","John Deere",19.9113432835821,604.676691729323,135.153059701493,200.322781954887,3.92764661654135,-1.15771721515279,-0.135282631961664,-1.11851500073808,-0.189510256158578,1.2989009578967,6.11555503356551
"Low","Medium","Low","Medium","High","Mpumalanga","Rainfed","Pannar","John Deere",19.9113432835821,604.676691729323,135.153059701493,200.322781954887,3.92764661654135,-1.15771721515279,-0.135282631961664,-1.11851500073808,-0.189510256158578,1.2989009578967,7.39679324555838
"Low","Medium","Low","Medium","High","North West","Rainfed","Pannar","John Deere",19.9113432835821,604.676691729323,135.153059701493,200.322781954887,3.92764661654135,-1.15771721515279,-0.135282631961664,-1.11851500073808,-0.189510256158578,1.2989009578967,6.66465021232753
"Low","Medium","Low","Medium","High","Free State","Irrigated","Pannar","John Deere",19.9113432835821,604.676691729323,135.153059701493,200.322781954887,3.92764661654135,-1.15771721515279,-0.135282631961664,-1.11851500073808,-0.189510256158578,1.2989009578967,6.20127784045776
"Low","Medium","Low","Medium","High","Mpumalanga","Irrigated","Pannar","John Deere",19.9113432835821,604.676691729323,135.153059701493,200.322781954887,3.92764661654135,-1.15771721515279,-0.135282631961664,-1.11851500073808,-0.189510256158578,1.2989009578967,6.08588937359257
"Low","Medium","Low","Medium","High","North West","Irrigated","Pannar","John Deere",19.9113432835821,604.676691729323,135.153059701493,200.322781954887,3.92764661654135,-1.15771721515279,-0.135282631961664,-1.11851500073808,-0.189510256158578,1.2989009578967,6.58603710966166
"Low","Medium","Low","Medium","High","Free State","Rainfed","Dekalb","John Deere",19.9113432835821,604.676691729323,135.153059701493,200.322781954887,3.92764661654135,-1.15771721515279,-0.135282631961664,-1.11851500073808,-0.189510256158578,1.2989009578967,6.53134163322083
"Low","Medium","Low","Medium","High","Mpumalanga","Rainfed","Dekalb","John Deere",19.9113432835821,604.676691729323,135.153059701493,200.322781954887,3.92764661654135,-1.15771721515279,-0.135282631961664,-1.11851500073808,-0.189510256158578,1.2989009578967,6.47371594297848
"Low","Medium","Low","Medium","High","North West","Rainfed","Dekalb","John Deere",19.9113432835821,604.676691729323,135.153059701493,200.322781954887,3.92764661654135,-1.15771721515279,-0.135282631961664,-1.11851500073808,-0.189510256158578,1.2989009578967,5.56833176900416
"Low","Medium","Low","Medium","High","Free State","Irrigated","Dekalb","John Deere",19.9113432835821,604.676691729323,135.153059701493,200.322781954887,3.92764661654135,-1.15771721515279,-0.135282631961664,-1.11851500073808,-0.189510256158578,1.2989009578967,7.34963931486872
"Low","Medium","Low","Medium","High","Mpumalanga","Irrigated","Dekalb","John Deere",19.9113432835821,604.676691729323,135.153059701493,200.322781954887,3.92764661654135,-1.15771721515279,-0.135282631961664,-1.11851500073808,-0.189510256158578,1.2989009578967,7.02477718312203
"Low","Medium","Low","Medium","High","North West","Irrigated","Dekalb","John Deere",19.9113432835821,604.676691729323,135.153059701493,200.322781954887,3.92764661654135,-1.15771721515279,-0.135282631961664,-1.11851500073808,-0.189510256158578,1.2989009578967,7.26700397152758
"Low","Medium","Low","Medium","High","Free State","Rainfed","Pioneer","John Deere",19.9113432835821,604.676691729323,135.153059701493,200.322781954887,3.92764661654135,-1.15771721515279,-0.135282631961664,-1.11851500073808,-0.189510256158578,1.2989009578967,5.91389595843085
"Low","Medium","Low","Medium","High","Mpumalanga","Rainfed","Pioneer","John Deere",19.9113432835821,604.676691729323,135.153059701493,200.322781954887,3.92764661654135,-1.15771721515279,-0.135282631961664,-1.11851500073808,-0.189510256158578,1.2989009578967,6.21082516409074
"Low","Medium","Low","Medium","High","North West","Rainfed","Pioneer","John Deere",19.9113432835821,604.676691729323,135.153059701493,200.322781954887,3.92764661654135,-1.15771721515279,-0.135282631961664,-1.11851500073808,-0.189510256158578,1.2989009578967,6.21008717011749
"Low","Medium","Low","Medium","High","Free State","Irrigated","Pioneer","John Deere",19.9113432835821,604.676691729323,135.153059701493,200.322781954887,3.92764661654135,-1.15771721515279,-0.135282631961664,-1.11851500073808,-0.189510256158578,1.2989009578967,6.60731486424618
"Low","Medium","Low","Medium","High","Mpumalanga","Irrigated","Pioneer","John Deere",19.9113432835821,604.676691729323,135.153059701493,200.322781954887,3.92764661654135,-1.15771721515279,-0.135282631961664,-1.11851500073808,-0.189510256158578,1.2989009578967,6.71700866776533
"Low","Medium","Low","Medium","High","North West","Irrigated","Pioneer","John Deere",19.9113432835821,604.676691729323,135.153059701493,200.322781954887,3.92764661654135,-1.15771721515279,-0.135282631961664,-1.11851500073808,-0.189510256158578,1.2989009578967,7.24920221690662
"Low","Medium","Low","Medium","High","Free State","Rainfed","Pannar","New Holland",19.9113432835821,604.676691729323,135.153059701493,200.322781954887,3.92764661654135,-1.15771721515279,-0.135282631961664,-1.11851500073808,-0.189510256158578,1.2989009578967,5.60138185129953
"Low","Medium","Low","Medium","High","Mpumalanga","Rainfed","Pannar","New Holland",19.9113432835821,604.676691729323,135.153059701493,200.322781954887,3.92764661654135,-1.15771721515279,-0.135282631961664,-1.11851500073808,-0.189510256158578,1.2989009578967,6.77600392927636
"Low","Medium","Low","High","Low","Free State","Rainfed","Pannar","John Deere",19.9113432835821,604.676691729323,135.153059701493,285.840977443609,3.38760447761194,-1.15771721515279,-0.135282631961664,-1.11851500073808,1.30373775649338,-1.18148746836324,6.59030022006102
"Low","Medium","Low","High","Low","Mpumalanga","Rainfed","Pannar","John Deere",19.9113432835821,604.676691729323,135.153059701493,285.840977443609,3.38760447761194,-1.15771721515279,-0.135282631961664,-1.11851500073808,1.30373775649338,-1.18148746836324,5.88245582624338
"Low","Medium","Low","High","Low","North West","Rainfed","Pannar","John Deere",19.9113432835821,604.676691729323,135.153059701493,285.840977443609,3.38760447761194,-1.15771721515279,-0.135282631961664,-1.11851500073808,1.30373775649338,-1.18148746836324,6.91738203841043
"Low","Medium","Low","High","Low","Free State","Irrigated","Pannar","John Deere",19.9113432835821,604.676691729323,135.153059701493,285.840977443609,3.38760447761194,-1.15771721515279,-0.135282631961664,-1.11851500073808,1.30373775649338,-1.18148746836324,7.06688434667125
"Low","Medium","Low","High","Low","Mpumalanga","Irrigated","Pannar","John Deere",19.9113432835821,604.676691729323,135.153059701493,285.840977443609,3.38760447761194,-1.15771721515279,-0.135282631961664,-1.11851500073808,1.30373775649338,-1.18148746836324,7.36475656781426
"Low","Medium","Low","High","Low","North West","Irrigated","Pannar","John Deere",19.9113432835821,604.676691729323,135.153059701493,285.840977443609,3.38760447761194,-1.15771721515279,-0.135282631961664,-1.11851500073808,1.30373775649338,-1.18148746836324,6.2102820638156
"Low","Medium","Low","High","Low","Free State","Rainfed","Dekalb","John Deere",19.9113432835821,604.676691729323,135.153059701493,285.840977443609,3.38760447761194,-1.15771721515279,-0.135282631961664,-1.11851500073808,1.30373775649338,-1.18148746836324,6.89115633447086
"Low","Medium","Low","High","Low","Mpumalanga","Rainfed","Dekalb","John Deere",19.9113432835821,604.676691729323,135.153059701493,285.840977443609,3.38760447761194,-1.15771721515279,-0.135282631961664,-1.11851500073808,1.30373775649338,-1.18148746836324,6.57169939784603
"Low","Medium","Low","High","Low","North West","Rainfed","Dekalb","John Deere",19.9113432835821,604.676691729323,135.153059701493,285.840977443609,3.38760447761194,-1.15771721515279,-0.135282631961664,-1.11851500073808,1.30373775649338,-1.18148746836324,6.34431691523931
"Low","Medium","Low","High","Low","Free State","Irrigated","Dekalb","John Deere",19.9113432835821,604.676691729323,135.153059701493,285.840977443609,3.38760447761194,-1.15771721515279,-0.135282631961664,-1.11851500073808,1.30373775649338,-1.18148746836324,7.48905465473843
"Low","Medium","Low","High","Low","Mpumalanga","Irrigated","Dekalb","John Deere",19.9113432835821,604.676691729323,135.153059701493,285.840977443609,3.38760447761194,-1.15771721515279,-0.135282631961664,-1.11851500073808,1.30373775649338,-1.18148746836324,6.59978914048119
"Low","Medium","Low","High","Low","North West","Irrigated","Dekalb","John Deere",19.9113432835821,604.676691729323,135.153059701493,285.840977443609,3.38760447761194,-1.15771721515279,-0.135282631961664,-1.11851500073808,1.30373775649338,-1.18148746836324,7.29148808635063
"Low","Medium","Low","High","Low","Free State","Rainfed","Pioneer","John Deere",19.9113432835821,604.676691729323,135.153059701493,285.840977443609,3.38760447761194,-1.15771721515279,-0.135282631961664,-1.11851500073808,1.30373775649338,-1.18148746836324,5.49055950765637
"Low","Medium","Low","High","Low","Mpumalanga","Rainfed","Pioneer","John Deere",19.9113432835821,604.676691729323,135.153059701493,285.840977443609,3.38760447761194,-1.15771721515279,-0.135282631961664,-1.11851500073808,1.30373775649338,-1.18148746836324,5.8791700414324
"Low","Medium","Low","High","Low","North West","Rainfed","Pioneer","John Deere",19.9113432835821,604.676691729323,135.153059701493,285.840977443609,3.38760447761194,-1.15771721515279,-0.135282631961664,-1.11851500073808,1.30373775649338,-1.18148746836324,6.77467757282267
"Low","Medium","Low","High","Low","Free State","Irrigated","Pioneer","John Deere",19.9113432835821,604.676691729323,135.153059701493,285.840977443609,3.38760447761194,-1.15771721515279,-0.135282631961664,-1.11851500073808,1.30373775649338,-1.18148746836324,5.79493042756718
"Low","Medium","Low","High","Low","Mpumalanga","Irrigated","Pioneer","John Deere",19.9113432835821,604.676691729323,135.153059701493,285.840977443609,3.38760447761194,-1.15771721515279,-0.135282631961664,-1.11851500073808,1.30373775649338,-1.18148746836324,6.59936858568089
"Low","Medium","Low","High","Low","North West","Irrigated","Pioneer","John Deere",19.9113432835821,604.676691729323,135.153059701493,285.840977443609,3.38760447761194,-1.15771721515279,-0.135282631961664,-1.11851500073808,1.30373775649338,-1.18148746836324,6.12769581786506
"Low","Medium","Low","High","Low","Free State","Rainfed","Pannar","New Holland",19.9113432835821,604.676691729323,135.153059701493,285.840977443609,3.38760447761194,-1.15771721515279,-0.135282631961664,-1.11851500073808,1.30373775649338,-1.18148746836324,5.70597496629183
"Low","Medium","Low","High","Low","Mpumalanga","Rainfed","Pannar","New Holland",19.9113432835821,604.676691729323,135.153059701493,285.840977443609,3.38760447761194,-1.15771721515279,-0.135282631961664,-1.11851500073808,1.30373775649338,-1.18148746836324,5.47511632843586
"Low","Medium","Low","High","Medium","Free State","Rainfed","Pannar","John Deere",19.9113432835821,604.676691729323,135.153059701493,285.840977443609,3.64706015037594,-1.15771721515279,-0.135282631961664,-1.11851500073808,1.30373775649338,0.0101803691264333,6.49685487177531
"Low","Medium","Low","High","Medium","Mpumalanga","Rainfed","Pannar","John Deere",19.9113432835821,604.676691729323,135.153059701493,285.840977443609,3.64706015037594,-1.15771721515279,-0.135282631961664,-1.11851500073808,1.30373775649338,0.0101803691264333,6.2309416386256
"Low","Medium","Low","High","Medium","North West","Rainfed","Pannar","John Deere",19.9113432835821,604.676691729323,135.153059701493,285.840977443609,3.64706015037594,-1.15771721515279,-0.135282631961664,-1.11851500073808,1.30373775649338,0.0101803691264333,5.67906357169045
"Low","Medium","Low","High","Medium","Free State","Irrigated","Pannar","John Deere",19.9113432835821,604.676691729323,135.153059701493,285.840977443609,3.64706015037594,-1.15771721515279,-0.135282631961664,-1.11851500073808,1.30373775649338,0.0101803691264333,7.04927614733632
"Low","Medium","Low","High","Medium","Mpumalanga","Irrigated","Pannar","John Deere",19.9113432835821,604.676691729323,135.153059701493,285.840977443609,3.64706015037594,-1.15771721515279,-0.135282631961664,-1.11851500073808,1.30373775649338,0.0101803691264333,6.38743240922624
"Low","Medium","Low","High","Medium","North West","Irrigated","Pannar","John Deere",19.9113432835821,604.676691729323,135.153059701493,285.840977443609,3.64706015037594,-1.15771721515279,-0.135282631961664,-1.11851500073808,1.30373775649338,0.0101803691264333,6.04730621541819
"Low","Medium","Low","High","Medium","Free State","Rainfed","Dekalb","John Deere",19.9113432835821,604.676691729323,135.153059701493,285.840977443609,3.64706015037594,-1.15771721515279,-0.135282631961664,-1.11851500073808,1.30373775649338,0.0101803691264333,6.80177072259401
"Low","Medium","Low","High","Medium","Mpumalanga","Rainfed","Dekalb","John Deere",19.9113432835821,604.676691729323,135.153059701493,285.840977443609,3.64706015037594,-1.15771721515279,-0.135282631961664,-1.11851500073808,1.30373775649338,0.0101803691264333,6.10016205241135
"Low","Medium","Low","High","Medium","North West","Rainfed","Dekalb","John Deere",19.9113432835821,604.676691729323,135.153059701493,285.840977443609,3.64706015037594,-1.15771721515279,-0.135282631961664,-1.11851500073808,1.30373775649338,0.0101803691264333,6.59490300188746
"Low","Medium","Low","High","Medium","Free State","Irrigated","Dekalb","John Deere",19.9113432835821,604.676691729323,135.153059701493,285.840977443609,3.64706015037594,-1.15771721515279,-0.135282631961664,-1.11851500073808,1.30373775649338,0.0101803691264333,7.02708473662064
"Low","Medium","Low","High","Medium","Mpumalanga","Irrigated","Dekalb","John Deere",19.9113432835821,604.676691729323,135.153059701493,285.840977443609,3.64706015037594,-1.15771721515279,-0.135282631961664,-1.11851500073808,1.30373775649338,0.0101803691264333,6.40822322481305
"Low","Medium","Low","High","Medium","North West","Irrigated","Dekalb","John Deere",19.9113432835821,604.676691729323,135.153059701493,285.840977443609,3.64706015037594,-1.15771721515279,-0.135282631961664,-1.11851500073808,1.30373775649338,0.0101803691264333,7.31326942297199
"Low","Medium","Low","High","Medium","Free State","Rainfed","Pioneer","John Deere",19.9113432835821,604.676691729323,135.153059701493,285.840977443609,3.64706015037594,-1.15771721515279,-0.135282631961664,-1.11851500073808,1.30373775649338,0.0101803691264333,6.21915142323686
"Low","Medium","Low","High","Medium","Mpumalanga","Rainfed","Pioneer","John Deere",19.9113432835821,604.676691729323,135.153059701493,285.840977443609,3.64706015037594,-1.15771721515279,-0.135282631961664,-1.11851500073808,1.30373775649338,0.0101803691264333,6.21704277302002
"Low","Medium","Low","High","Medium","North West","Rainfed","Pioneer","John Deere",19.9113432835821,604.676691729323,135.153059701493,285.840977443609,3.64706015037594,-1.15771721515279,-0.135282631961664,-1.11851500073808,1.30373775649338,0.0101803691264333,6.90414716802011
"Low","Medium","Low","High","Medium","Free State","Irrigated","Pioneer","John Deere",19.9113432835821,604.676691729323,135.153059701493,285.840977443609,3.64706015037594,-1.15771721515279,-0.135282631961664,-1.11851500073808,1.30373775649338,0.0101803691264333,7.37687103803687
"Low","Medium","Low","High","Medium","Mpumalanga","Irrigated","Pioneer","John Deere",19.9113432835821,604.676691729323,135.153059701493,285.840977443609,3.64706015037594,-1.15771721515279,-0.135282631961664,-1.11851500073808,1.30373775649338,0.0101803691264333,5.99480146411469
"Low","Medium","Low","High","Medium","North West","Irrigated","Pioneer","John Deere",19.9113432835821,604.676691729323,135.153059701493,285.840977443609,3.64706015037594,-1.15771721515279,-0.135282631961664,-1.11851500073808,1.30373775649338,0.0101803691264333,5.93003161667778
"Low","Medium","Low","High","Medium","Free State","Rainfed","Pannar","New Holland",19.9113432835821,604.676691729323,135.153059701493,285.840977443609,3.64706015037594,-1.15771721515279,-0.135282631961664,-1.11851500073808,1.30373775649338,0.0101803691264333,5.12872740071363
"Low","Medium","Low","High","Medium","Mpumalanga","Rainfed","Pannar","New Holland",19.9113432835821,604.676691729323,135.153059701493,285.840977443609,3.64706015037594,-1.15771721515279,-0.135282631961664,-1.11851500073808,1.30373775649338,0.0101803691264333,5.93294305859223
"Low","Medium","Medium","Low","Low","Free State","Rainfed","Pannar","John Deere",19.9113432835821,604.676691729323,194.092857142857,144.721044776119,3.38760447761194,-1.15771721515279,-0.135282631961664,-0.237733972419121,-1.16038181241284,-1.18148746836324,6.00377005855804
"Low","Medium","Medium","Low","Low","Mpumalanga","Rainfed","Pannar","John Deere",19.9113432835821,604.676691729323,194.092857142857,144.721044776119,3.38760447761194,-1.15771721515279,-0.135282631961664,-0.237733972419121,-1.16038181241284,-1.18148746836324,5.4868379344904
"Low","Medium","Medium","Low","Low","North West","Rainfed","Pannar","John Deere",19.9113432835821,604.676691729323,194.092857142857,144.721044776119,3.38760447761194,-1.15771721515279,-0.135282631961664,-0.237733972419121,-1.16038181241284,-1.18148746836324,5.3625897264525
"Low","Medium","Medium","Low","Low","Free State","Irrigated","Pannar","John Deere",19.9113432835821,604.676691729323,194.092857142857,144.721044776119,3.38760447761194,-1.15771721515279,-0.135282631961664,-0.237733972419121,-1.16038181241284,-1.18148746836324,6.28054079028815
"Low","Medium","Medium","Low","Low","Mpumalanga","Irrigated","Pannar","John Deere",19.9113432835821,604.676691729323,194.092857142857,144.721044776119,3.38760447761194,-1.15771721515279,-0.135282631961664,-0.237733972419121,-1.16038181241284,-1.18148746836324,6.37525103956852
"Low","Medium","Medium","Low","Low","North West","Irrigated","Pannar","John Deere",19.9113432835821,604.676691729323,194.092857142857,144.721044776119,3.38760447761194,-1.15771721515279,-0.135282631961664,-0.237733972419121,-1.16038181241284,-1.18148746836324,5.02078047749056
"Low","Medium","Medium","Low","Low","Free State","Rainfed","Dekalb","John Deere",19.9113432835821,604.676691729323,194.092857142857,144.721044776119,3.38760447761194,-1.15771721515279,-0.135282631961664,-0.237733972419121,-1.16038181241284,-1.18148746836324,6.94368005129415
"Low","Medium","Medium","Low","Low","Mpumalanga","Rainfed","Dekalb","John Deere",19.9113432835821,604.676691729323,194.092857142857,144.721044776119,3.38760447761194,-1.15771721515279,-0.135282631961664,-0.237733972419121,-1.16038181241284,-1.18148746836324,7.38109566936751
"Low","Medium","Medium","Low","Low","North West","Rainfed","Dekalb","John Deere",19.9113432835821,604.676691729323,194.092857142857,144.721044776119,3.38760447761194,-1.15771721515279,-0.135282631961664,-0.237733972419121,-1.16038181241284,-1.18148746836324,6.64117688040896
"Low","Medium","Medium","Low","Low","Free State","Irrigated","Dekalb","John Deere",19.9113432835821,604.676691729323,194.092857142857,144.721044776119,3.38760447761194,-1.15771721515279,-0.135282631961664,-0.237733972419121,-1.16038181241284,-1.18148746836324,5.53336389185177
"Low","Medium","Medium","Low","Low","Mpumalanga","Irrigated","Dekalb","John Deere",19.9113432835821,604.676691729323,194.092857142857,144.721044776119,3.38760447761194,-1.15771721515279,-0.135282631961664,-0.237733972419121,-1.16038181241284,-1.18148746836324,6.77489562227983
"Low","Medium","Medium","Low","Low","North West","Irrigated","Dekalb","John Deere",19.9113432835821,604.676691729323,194.092857142857,144.721044776119,3.38760447761194,-1.15771721515279,-0.135282631961664,-0.237733972419121,-1.16038181241284,-1.18148746836324,6.56115085076439
"Low","Medium","Medium","Low","Low","Free State","Rainfed","Pioneer","John Deere",19.9113432835821,604.676691729323,194.092857142857,144.721044776119,3.38760447761194,-1.15771721515279,-0.135282631961664,-0.237733972419121,-1.16038181241284,-1.18148746836324,5.60057533379836
"Low","Medium","Medium","Low","Low","Mpumalanga","Rainfed","Pioneer","John Deere",19.9113432835821,604.676691729323,194.092857142857,144.721044776119,3.38760447761194,-1.15771721515279,-0.135282631961664,-0.237733972419121,-1.16038181241284,-1.18148746836324,6.78194008633827
"Low","Medium","Medium","Low","Low","North West","Rainfed","Pioneer","John Deere",19.9113432835821,604.676691729323,194.092857142857,144.721044776119,3.38760447761194,-1.15771721515279,-0.135282631961664,-0.237733972419121,-1.16038181241284,-1.18148746836324,5.35992121090008
"Low","Medium","Medium","Low","Low","Free State","Irrigated","Pioneer","John Deere",19.9113432835821,604.676691729323,194.092857142857,144.721044776119,3.38760447761194,-1.15771721515279,-0.135282631961664,-0.237733972419121,-1.16038181241284,-1.18148746836324,6.46951173198691
"Low","Medium","Medium","Low","Low","Mpumalanga","Irrigated","Pioneer","John Deere",19.9113432835821,604.676691729323,194.092857142857,144.721044776119,3.38760447761194,-1.15771721515279,-0.135282631961664,-0.237733972419121,-1.16038181241284,-1.18148746836324,7.08689573691739
"Low","Medium","Medium","Low","Low","North West","Irrigated","Pioneer","John Deere",19.9113432835821,604.676691729323,194.092857142857,144.721044776119,3.38760447761194,-1.15771721515279,-0.135282631961664,-0.237733972419121,-1.16038181241284,-1.18148746836324,5.7979885827192
"Low","Medium","Medium","Low","Low","Free State","Rainfed","Pannar","New Holland",19.9113432835821,604.676691729323,194.092857142857,144.721044776119,3.38760447761194,-1.15771721515279,-0.135282631961664,-0.237733972419121,-1.16038181241284,-1.18148746836324,5.61889943566037
"Low","Medium","Medium","Low","Low","Mpumalanga","Rainfed","Pannar","New Holland",19.9113432835821,604.676691729323,194.092857142857,144.721044776119,3.38760447761194,-1.15771721515279,-0.135282631961664,-0.237733972419121,-1.16038181241284,-1.18148746836324,5.61338836362172
"Low","Medium","Medium","Low","Medium","Free State","Rainfed","Pannar","John Deere",19.9113432835821,604.676691729323,194.092857142857,144.721044776119,3.64706015037594,-1.15771721515279,-0.135282631961664,-0.237733972419121,-1.16038181241284,0.0101803691264333,5.59086147745572
"Low","Medium","Medium","Low","Medium","Mpumalanga","Rainfed","Pannar","John Deere",19.9113432835821,604.676691729323,194.092857142857,144.721044776119,3.64706015037594,-1.15771721515279,-0.135282631961664,-0.237733972419121,-1.16038181241284,0.0101803691264333,5.92028833876686
"Low","Medium","Medium","Low","Medium","North West","Rainfed","Pannar","John Deere",19.9113432835821,604.676691729323,194.092857142857,144.721044776119,3.64706015037594,-1.15771721515279,-0.135282631961664,-0.237733972419121,-1.16038181241284,0.0101803691264333,6.38104460279128
"Low","Medium","Medium","Low","Medium","Free State","Irrigated","Pannar","John Deere",19.9113432835821,604.676691729323,194.092857142857,144.721044776119,3.64706015037594,-1.15771721515279,-0.135282631961664,-0.237733972419121,-1.16038181241284,0.0101803691264333,6.32460927157195
"Low","Medium","Medium","Low","Medium","Mpumalanga","Irrigated","Pannar","John Deere",19.9113432835821,604.676691729323,194.092857142857,144.721044776119,3.64706015037594,-1.15771721515279,-0.135282631961664,-0.237733972419121,-1.16038181241284,0.0101803691264333,6.3800229970411
"Low","Medium","Medium","Low","Medium","North West","Irrigated","Pannar","John Deere",19.9113432835821,604.676691729323,194.092857142857,144.721044776119,3.64706015037594,-1.15771721515279,-0.135282631961664,-0.237733972419121,-1.16038181241284,0.0101803691264333,6.56353007280079
"Low","Medium","Medium","Low","Medium","Free State","Rainfed","Dekalb","John Deere",19.9113432835821,604.676691729323,194.092857142857,144.721044776119,3.64706015037594,-1.15771721515279,-0.135282631961664,-0.237733972419121,-1.16038181241284,0.0101803691264333,7.11590921788244
"Low","Medium","Medium","Low","Medium","Mpumalanga","Rainfed","Dekalb","John Deere",19.9113432835821,604.676691729323,194.092857142857,144.721044776119,3.64706015037594,-1.15771721515279,-0.135282631961664,-0.237733972419121,-1.16038181241284,0.0101803691264333,6.66208572883156
"Low","Medium","Medium","Low","Medium","North West","Rainfed","Dekalb","John Deere",19.9113432835821,604.676691729323,194.092857142857,144.721044776119,3.64706015037594,-1.15771721515279,-0.135282631961664,-0.237733972419121,-1.16038181241284,0.0101803691264333,5.96326828151369
"Low","Medium","Medium","Low","Medium","Free State","Irrigated","Dekalb","John Deere",19.9113432835821,604.676691729323,194.092857142857,144.721044776119,3.64706015037594,-1.15771721515279,-0.135282631961664,-0.237733972419121,-1.16038181241284,0.0101803691264333,8.04669138829238
"Low","Medium","Medium","Low","Medium","Mpumalanga","Irrigated","Dekalb","John Deere",19.9113432835821,604.676691729323,194.092857142857,144.721044776119,3.64706015037594,-1.15771721515279,-0.135282631961664,-0.237733972419121,-1.16038181241284,0.0101803691264333,7.16734121007719
"Low","Medium","Medium","Low","Medium","North West","Irrigated","Dekalb","John Deere",19.9113432835821,604.676691729323,194.092857142857,144.721044776119,3.64706015037594,-1.15771721515279,-0.135282631961664,-0.237733972419121,-1.16038181241284,0.0101803691264333,7.38492222873288
"Low","Medium","Medium","Low","Medium","Free State","Rainfed","Pioneer","John Deere",19.9113432835821,604.676691729323,194.092857142857,144.721044776119,3.64706015037594,-1.15771721515279,-0.135282631961664,-0.237733972419121,-1.16038181241284,0.0101803691264333,6.33158233371309
"Low","Medium","Medium","Low","Medium","Mpumalanga","Rainfed","Pioneer","John Deere",19.9113432835821,604.676691729323,194.092857142857,144.721044776119,3.64706015037594,-1.15771721515279,-0.135282631961664,-0.237733972419121,-1.16038181241284,0.0101803691264333,6.49226042313072
"Low","Medium","Medium","Low","Medium","North West","Rainfed","Pioneer","John Deere",19.9113432835821,604.676691729323,194.092857142857,144.721044776119,3.64706015037594,-1.15771721515279,-0.135282631961664,-0.237733972419121,-1.16038181241284,0.0101803691264333,5.82545250982491
"Low","Medium","Medium","Low","Medium","Free State","Irrigated","Pioneer","John Deere",19.9113432835821,604.676691729323,194.092857142857,144.721044776119,3.64706015037594,-1.15771721515279,-0.135282631961664,-0.237733972419121,-1.16038181241284,0.0101803691264333,6.27951280382547
"Low","Medium","Medium","Low","Medium","Mpumalanga","Irrigated","Pioneer","John Deere",19.9113432835821,604.676691729323,194.092857142857,144.721044776119,3.64706015037594,-1.15771721515279,-0.135282631961664,-0.237733972419121,-1.16038181241284,0.0101803691264333,7.50557551581128
"Low","Medium","Medium","Low","Medium","North West","Irrigated","Pioneer","John Deere",19.9113432835821,604.676691729323,194.092857142857,144.721044776119,3.64706015037594,-1.15771721515279,-0.135282631961664,-0.237733972419121,-1.16038181241284,0.0101803691264333,6.63522531581209
"Low","Medium","Medium","Low","Medium","Free State","Rainfed","Pannar","New Holland",19.9113432835821,604.676691729323,194.092857142857,144.721044776119,3.64706015037594,-1.15771721515279,-0.135282631961664,-0.237733972419121,-1.16038181241284,0.0101803691264333,5.88829261236921
"Low","Medium","Medium","Low","Medium","Mpumalanga","Rainfed","Pannar","New Holland",19.9113432835821,604.676691729323,194.092857142857,144.721044776119,3.64706015037594,-1.15771721515279,-0.135282631961664,-0.237733972419121,-1.16038181241284,0.0101803691264333,6.33823895013726
"Low","Medium","Medium","Low","High","Free State","Rainfed","Pannar","John Deere",19.9113432835821,604.676691729323,194.092857142857,144.721044776119,3.92764661654135,-1.15771721515279,-0.135282631961664,-0.237733972419121,-1.16038181241284,1.2989009578967,5.77111384246794
"Low","Medium","Medium","Low","High","Mpumalanga","Rainfed","Pannar","John Deere",19.9113432835821,604.676691729323,194.092857142857,144.721044776119,3.92764661654135,-1.15771721515279,-0.135282631961664,-0.237733972419121,-1.16038181241284,1.2989009578967,6.49657924705422
"Low","Medium","Medium","Low","High","North West","Rainfed","Pannar","John Deere",19.9113432835821,604.676691729323,194.092857142857,144.721044776119,3.92764661654135,-1.15771721515279,-0.135282631961664,-0.237733972419121,-1.16038181241284,1.2989009578967,5.90858114515542
"Low","Medium","Medium","Low","High","Free State","Irrigated","Pannar","John Deere",19.9113432835821,604.676691729323,194.092857142857,144.721044776119,3.92764661654135,-1.15771721515279,-0.135282631961664,-0.237733972419121,-1.16038181241284,1.2989009578967,6.29761374778366
"Low","Medium","Medium","Low","High","Mpumalanga","Irrigated","Pannar","John Deere",19.9113432835821,604.676691729323,194.092857142857,144.721044776119,3.92764661654135,-1.15771721515279,-0.135282631961664,-0.237733972419121,-1.16038181241284,1.2989009578967,6.26817062323432
"Low","Medium","Medium","Low","High","North West","Irrigated","Pannar","John Deere",19.9113432835821,604.676691729323,194.092857142857,144.721044776119,3.92764661654135,-1.15771721515279,-0.135282631961664,-0.237733972419121,-1.16038181241284,1.2989009578967,7.22343843690788
"Low","Medium","Medium","Low","High","Free State","Rainfed","Dekalb","John Deere",19.9113432835821,604.676691729323,194.092857142857,144.721044776119,3.92764661654135,-1.15771721515279,-0.135282631961664,-0.237733972419121,-1.16038181241284,1.2989009578967,7.37371596222677
"Low","Medium","Medium","Low","High","Mpumalanga","Rainfed","Dekalb","John Deere",19.9113432835821,604.676691729323,194.092857142857,144.721044776119,3.92764661654135,-1.15771721515279,-0.135282631961664,-0.237733972419121,-1.16038181241284,1.2989009578967,7.40617485775412
"Low","Medium","Medium","Low","High","North West","Rainfed","Dekalb","John Deere",19.9113432835821,604.676691729323,194.092857142857,144.721044776119,3.92764661654135,-1.15771721515279,-0.135282631961664,-0.237733972419121,-1.16038181241284,1.2989009578967,7.00754998982602
"Low","Medium","Medium","Low","High","Free State","Irrigated","Dekalb","John Deere",19.9113432835821,604.676691729323,194.092857142857,144.721044776119,3.92764661654135,-1.15771721515279,-0.135282631961664,-0.237733972419121,-1.16038181241284,1.2989009578967,6.01441416317726
"Low","Medium","Medium","Low","High","Mpumalanga","Irrigated","Dekalb","John Deere",19.9113432835821,604.676691729323,194.092857142857,144.721044776119,3.92764661654135,-1.15771721515279,-0.135282631961664,-0.237733972419121,-1.16038181241284,1.2989009578967,7.40559510318173
"Low","Medium","Medium","Low","High","North West","Irrigated","Dekalb","John Deere",19.9113432835821,604.676691729323,194.092857142857,144.721044776119,3.92764661654135,-1.15771721515279,-0.135282631961664,-0.237733972419121,-1.16038181241284,1.2989009578967,8.08308915015005
"Low","Medium","Medium","Low","High","Free State","Rainfed","Pioneer","John Deere",19.9113432835821,604.676691729323,194.092857142857,144.721044776119,3.92764661654135,-1.15771721515279,-0.135282631961664,-0.237733972419121,-1.16038181241284,1.2989009578967,6.45440734777376
"Low","Medium","Medium","Low","High","Mpumalanga","Rainfed","Pioneer","John Deere",19.9113432835821,604.676691729323,194.092857142857,144.721044776119,3.92764661654135,-1.15771721515279,-0.135282631961664,-0.237733972419121,-1.16038181241284,1.2989009578967,5.41047921247365
"Low","Medium","Medium","Low","High","North West","Rainfed","Pioneer","John Deere",19.9113432835821,604.676691729323,194.092857142857,144.721044776119,3.92764661654135,-1.15771721515279,-0.135282631961664,-0.237733972419121,-1.16038181241284,1.2989009578967,6.95391176164497
"Low","Medium","Medium","Low","High","Free State","Irrigated","Pioneer","John Deere",19.9113432835821,604.676691729323,194.092857142857,144.721044776119,3.92764661654135,-1.15771721515279,-0.135282631961664,-0.237733972419121,-1.16038181241284,1.2989009578967,7.23629477583616
"Low","Medium","Medium","Low","High","Mpumalanga","Irrigated","Pioneer","John Deere",19.9113432835821,604.676691729323,194.092857142857,144.721044776119,3.92764661654135,-1.15771721515279,-0.135282631961664,-0.237733972419121,-1.16038181241284,1.2989009578967,6.73472563170974
"Low","Medium","Medium","Low","High","North West","Irrigated","Pioneer","John Deere",19.9113432835821,604.676691729323,194.092857142857,144.721044776119,3.92764661654135,-1.15771721515279,-0.135282631961664,-0.237733972419121,-1.16038181241284,1.2989009578967,6.35365027004154
"Low","Medium","Medium","Low","High","Free State","Rainfed","Pannar","New Holland",19.9113432835821,604.676691729323,194.092857142857,144.721044776119,3.92764661654135,-1.15771721515279,-0.135282631961664,-0.237733972419121,-1.16038181241284,1.2989009578967,5.83840421207528
"Low","Medium","Medium","Low","High","Mpumalanga","Rainfed","Pannar","New Holland",19.9113432835821,604.676691729323,194.092857142857,144.721044776119,3.92764661654135,-1.15771721515279,-0.135282631961664,-0.237733972419121,-1.16038181241284,1.2989009578967,6.23445508230378
"Low","Medium","Medium","Medium","High","Free State","Rainfed","Pannar","John Deere",19.9113432835821,604.676691729323,194.092857142857,200.322781954887,3.92764661654135,-1.15771721515279,-0.135282631961664,-0.237733972419121,-0.189510256158578,1.2989009578967,5.67611511756092
"Low","Medium","Medium","Medium","High","Mpumalanga","Rainfed","Pannar","John Deere",19.9113432835821,604.676691729323,194.092857142857,200.322781954887,3.92764661654135,-1.15771721515279,-0.135282631961664,-0.237733972419121,-0.189510256158578,1.2989009578967,6.26479194322997
"Low","Medium","Medium","Medium","High","North West","Rainfed","Pannar","John Deere",19.9113432835821,604.676691729323,194.092857142857,200.322781954887,3.92764661654135,-1.15771721515279,-0.135282631961664,-0.237733972419121,-0.189510256158578,1.2989009578967,6.67803065831631
"Low","Medium","Medium","Medium","High","Free State","Irrigated","Pannar","John Deere",19.9113432835821,604.676691729323,194.092857142857,200.322781954887,3.92764661654135,-1.15771721515279,-0.135282631961664,-0.237733972419121,-0.189510256158578,1.2989009578967,6.32811927894576
"Low","Medium","Medium","Medium","High","Mpumalanga","Irrigated","Pannar","John Deere",19.9113432835821,604.676691729323,194.092857142857,200.322781954887,3.92764661654135,-1.15771721515279,-0.135282631961664,-0.237733972419121,-0.189510256158578,1.2989009578967,7.1598991120561
"Low","Medium","Medium","Medium","High","North West","Irrigated","Pannar","John Deere",19.9113432835821,604.676691729323,194.092857142857,200.322781954887,3.92764661654135,-1.15771721515279,-0.135282631961664,-0.237733972419121,-0.189510256158578,1.2989009578967,6.90490673395328
"Low","Medium","Medium","Medium","High","Free State","Rainfed","Dekalb","John Deere",19.9113432835821,604.676691729323,194.092857142857,200.322781954887,3.92764661654135,-1.15771721515279,-0.135282631961664,-0.237733972419121,-0.189510256158578,1.2989009578967,7.11128611756902
"Low","Medium","Medium","Medium","High","Mpumalanga","Rainfed","Dekalb","John Deere",19.9113432835821,604.676691729323,194.092857142857,200.322781954887,3.92764661654135,-1.15771721515279,-0.135282631961664,-0.237733972419121,-0.189510256158578,1.2989009578967,6.98296157867959
"Low","Medium","Medium","Medium","High","North West","Rainfed","Dekalb","John Deere",19.9113432835821,604.676691729323,194.092857142857,200.322781954887,3.92764661654135,-1.15771721515279,-0.135282631961664,-0.237733972419121,-0.189510256158578,1.2989009578967,6.04443548721032
"Low","Medium","Medium","Medium","High","Free State","Irrigated","Dekalb","John Deere",19.9113432835821,604.676691729323,194.092857142857,200.322781954887,3.92764661654135,-1.15771721515279,-0.135282631961664,-0.237733972419121,-0.189510256158578,1.2989009578967,8.10931176881748
"Low","Medium","Medium","Medium","High","Mpumalanga","Irrigated","Dekalb","John Deere",19.9113432835821,604.676691729323,194.092857142857,200.322781954887,3.92764661654135,-1.15771721515279,-0.135282631961664,-0.237733972419121,-0.189510256158578,1.2989009578967,7.28157449075493
"Low","Medium","Medium","Medium","High","North West","Irrigated","Dekalb","John Deere",19.9113432835821,604.676691729323,194.092857142857,200.322781954887,3.92764661654135,-1.15771721515279,-0.135282631961664,-0.237733972419121,-0.189510256158578,1.2989009578967,8.35006602441079
"Low","Medium","Medium","Medium","High","Free State","Rainfed","Pioneer","John Deere",19.9113432835821,604.676691729323,194.092857142857,200.322781954887,3.92764661654135,-1.15771721515279,-0.135282631961664,-0.237733972419121,-0.189510256158578,1.2989009578967,6.34959721236628
"Low","Medium","Medium","Medium","High","Mpumalanga","Rainfed","Pioneer","John Deere",19.9113432835821,604.676691729323,194.092857142857,200.322781954887,3.92764661654135,-1.15771721515279,-0.135282631961664,-0.237733972419121,-0.189510256158578,1.2989009578967,6.46987529735747
"Low","Medium","Medium","Medium","High","North West","Rainfed","Pioneer","John Deere",19.9113432835821,604.676691729323,194.092857142857,200.322781954887,3.92764661654135,-1.15771721515279,-0.135282631961664,-0.237733972419121,-0.189510256158578,1.2989009578967,7.15069824948193
"Low","Medium","Medium","Medium","High","Free State","Irrigated","Pioneer","John Deere",19.9113432835821,604.676691729323,194.092857142857,200.322781954887,3.92764661654135,-1.15771721515279,-0.135282631961664,-0.237733972419121,-0.189510256158578,1.2989009578967,8.01936069573538
"Low","Medium","Medium","Medium","High","Mpumalanga","Irrigated","Pioneer","John Deere",19.9113432835821,604.676691729323,194.092857142857,200.322781954887,3.92764661654135,-1.15771721515279,-0.135282631961664,-0.237733972419121,-0.189510256158578,1.2989009578967,6.87254404707157
"Low","Medium","Medium","Medium","High","North West","Irrigated","Pioneer","John Deere",19.9113432835821,604.676691729323,194.092857142857,200.322781954887,3.92764661654135,-1.15771721515279,-0.135282631961664,-0.237733972419121,-0.189510256158578,1.2989009578967,7.02974867190369
"Low","Medium","Medium","Medium","High","Free State","Rainfed","Pannar","New Holland",19.9113432835821,604.676691729323,194.092857142857,200.322781954887,3.92764661654135,-1.15771721515279,-0.135282631961664,-0.237733972419121,-0.189510256158578,1.2989009578967,5.97195632305391
"Low","Medium","Medium","Medium","High","Mpumalanga","Rainfed","Pannar","New Holland",19.9113432835821,604.676691729323,194.092857142857,200.322781954887,3.92764661654135,-1.15771721515279,-0.135282631961664,-0.237733972419121,-0.189510256158578,1.2989009578967,6.57148826267957
"Low","Medium","Medium","High","Low","Free State","Rainfed","Pannar","John Deere",19.9113432835821,604.676691729323,194.092857142857,285.840977443609,3.38760447761194,-1.15771721515279,-0.135282631961664,-0.237733972419121,1.30373775649338,-1.18148746836324,6.70993346864006
"Low","Medium","Medium","High","Low","Mpumalanga","Rainfed","Pannar","John Deere",19.9113432835821,604.676691729323,194.092857142857,285.840977443609,3.38760447761194,-1.15771721515279,-0.135282631961664,-0.237733972419121,1.30373775649338,-1.18148746836324,6.16920435921447
"Low","Medium","Medium","High","Low","North West","Rainfed","Pannar","John Deere",19.9113432835821,604.676691729323,194.092857142857,285.840977443609,3.38760447761194,-1.15771721515279,-0.135282631961664,-0.237733972419121,1.30373775649338,-1.18148746836324,5.92453782079153
"Low","Medium","Medium","High","Low","Free State","Irrigated","Pannar","John Deere",19.9113432835821,604.676691729323,194.092857142857,285.840977443609,3.38760447761194,-1.15771721515279,-0.135282631961664,-0.237733972419121,1.30373775649338,-1.18148746836324,6.903324024609
"Low","Medium","Medium","High","Low","Mpumalanga","Irrigated","Pannar","John Deere",19.9113432835821,604.676691729323,194.092857142857,285.840977443609,3.38760447761194,-1.15771721515279,-0.135282631961664,-0.237733972419121,1.30373775649338,-1.18148746836324,6.79756316192096
"Low","Medium","Medium","High","Low","North West","Irrigated","Pannar","John Deere",19.9113432835821,604.676691729323,194.092857142857,285.840977443609,3.38760447761194,-1.15771721515279,-0.135282631961664,-0.237733972419121,1.30373775649338,-1.18148746836324,7.29776871472263
"Low","Medium","Medium","High","Low","Free State","Rainfed","Dekalb","John Deere",19.9113432835821,604.676691729323,194.092857142857,285.840977443609,3.38760447761194,-1.15771721515279,-0.135282631961664,-0.237733972419121,1.30373775649338,-1.18148746836324,6.25638868926506
"Low","Medium","Medium","High","Low","Mpumalanga","Rainfed","Dekalb","John Deere",19.9113432835821,604.676691729323,194.092857142857,285.840977443609,3.38760447761194,-1.15771721515279,-0.135282631961664,-0.237733972419121,1.30373775649338,-1.18148746836324,7.22554490523823
"Low","Medium","Medium","High","Low","North West","Rainfed","Dekalb","John Deere",19.9113432835821,604.676691729323,194.092857142857,285.840977443609,3.38760447761194,-1.15771721515279,-0.135282631961664,-0.237733972419121,1.30373775649338,-1.18148746836324,7.45319035292969
"Low","Medium","Medium","High","Low","Free State","Irrigated","Dekalb","John Deere",19.9113432835821,604.676691729323,194.092857142857,285.840977443609,3.38760447761194,-1.15771721515279,-0.135282631961664,-0.237733972419121,1.30373775649338,-1.18148746836324,7.58136083716125
"Low","Medium","Medium","High","Low","Mpumalanga","Irrigated","Dekalb","John Deere",19.9113432835821,604.676691729323,194.092857142857,285.840977443609,3.38760447761194,-1.15771721515279,-0.135282631961664,-0.237733972419121,1.30373775649338,-1.18148746836324,6.87178232635294
"Low","Medium","Medium","High","Low","North West","Irrigated","Dekalb","John Deere",19.9113432835821,604.676691729323,194.092857142857,285.840977443609,3.38760447761194,-1.15771721515279,-0.135282631961664,-0.237733972419121,1.30373775649338,-1.18148746836324,6.72012569211496
"Low","Medium","Medium","High","Low","Free State","Rainfed","Pioneer","John Deere",19.9113432835821,604.676691729323,194.092857142857,285.840977443609,3.38760447761194,-1.15771721515279,-0.135282631961664,-0.237733972419121,1.30373775649338,-1.18148746836324,7.12896156376042
"Low","Medium","Medium","High","Low","Mpumalanga","Rainfed","Pioneer","John Deere",19.9113432835821,604.676691729323,194.092857142857,285.840977443609,3.38760447761194,-1.15771721515279,-0.135282631961664,-0.237733972419121,1.30373775649338,-1.18148746836324,7.63667740877387
"Low","Medium","Medium","High","Low","North West","Rainfed","Pioneer","John Deere",19.9113432835821,604.676691729323,194.092857142857,285.840977443609,3.38760447761194,-1.15771721515279,-0.135282631961664,-0.237733972419121,1.30373775649338,-1.18148746836324,6.01157421935904
"Low","Medium","Medium","High","Low","Free State","Irrigated","Pioneer","John Deere",19.9113432835821,604.676691729323,194.092857142857,285.840977443609,3.38760447761194,-1.15771721515279,-0.135282631961664,-0.237733972419121,1.30373775649338,-1.18148746836324,7.46064670662856
"Low","Medium","Medium","High","Low","Mpumalanga","Irrigated","Pioneer","John Deere",19.9113432835821,604.676691729323,194.092857142857,285.840977443609,3.38760447761194,-1.15771721515279,-0.135282631961664,-0.237733972419121,1.30373775649338,-1.18148746836324,6.74581671154742
"Low","Medium","Medium","High","Low","North West","Irrigated","Pioneer","John Deere",19.9113432835821,604.676691729323,194.092857142857,285.840977443609,3.38760447761194,-1.15771721515279,-0.135282631961664,-0.237733972419121,1.30373775649338,-1.18148746836324,6.82588611269742
"Low","Medium","Medium","High","Low","Free State","Rainfed","Pannar","New Holland",19.9113432835821,604.676691729323,194.092857142857,285.840977443609,3.38760447761194,-1.15771721515279,-0.135282631961664,-0.237733972419121,1.30373775649338,-1.18148746836324,6.6168404580708
"Low","Medium","Medium","High","Low","Mpumalanga","Rainfed","Pannar","New Holland",19.9113432835821,604.676691729323,194.092857142857,285.840977443609,3.38760447761194,-1.15771721515279,-0.135282631961664,-0.237733972419121,1.30373775649338,-1.18148746836324,5.71309270582773
"Low","Medium","Medium","High","Medium","Free State","Rainfed","Pannar","John Deere",19.9113432835821,604.676691729323,194.092857142857,285.840977443609,3.64706015037594,-1.15771721515279,-0.135282631961664,-0.237733972419121,1.30373775649338,0.0101803691264333,6.02000007254658
"Low","Medium","Medium","High","Medium","Mpumalanga","Rainfed","Pannar","John Deere",19.9113432835821,604.676691729323,194.092857142857,285.840977443609,3.64706015037594,-1.15771721515279,-0.135282631961664,-0.237733972419121,1.30373775649338,0.0101803691264333,7.04358946367201
"Low","Medium","Medium","High","Medium","North West","Rainfed","Pannar","John Deere",19.9113432835821,604.676691729323,194.092857142857,285.840977443609,3.64706015037594,-1.15771721515279,-0.135282631961664,-0.237733972419121,1.30373775649338,0.0101803691264333,6.30816703642366
"Low","Medium","Medium","High","Medium","Free State","Irrigated","Pannar","John Deere",19.9113432835821,604.676691729323,194.092857142857,285.840977443609,3.64706015037594,-1.15771721515279,-0.135282631961664,-0.237733972419121,1.30373775649338,0.0101803691264333,6.82415977325121
"Low","Medium","Medium","High","Medium","Mpumalanga","Irrigated","Pannar","John Deere",19.9113432835821,604.676691729323,194.092857142857,285.840977443609,3.64706015037594,-1.15771721515279,-0.135282631961664,-0.237733972419121,1.30373775649338,0.0101803691264333,6.94046249849469
"Low","Medium","Medium","High","Medium","North West","Irrigated","Pannar","John Deere",19.9113432835821,604.676691729323,194.092857142857,285.840977443609,3.64706015037594,-1.15771721515279,-0.135282631961664,-0.237733972419121,1.30373775649338,0.0101803691264333,6.6293632441078
"Low","Medium","Medium","High","Medium","Free State","Rainfed","Dekalb","John Deere",19.9113432835821,604.676691729323,194.092857142857,285.840977443609,3.64706015037594,-1.15771721515279,-0.135282631961664,-0.237733972419121,1.30373775649338,0.0101803691264333,7.38815179078802
"Low","Medium","Medium","High","Medium","Mpumalanga","Rainfed","Dekalb","John Deere",19.9113432835821,604.676691729323,194.092857142857,285.840977443609,3.64706015037594,-1.15771721515279,-0.135282631961664,-0.237733972419121,1.30373775649338,0.0101803691264333,7.05624967995699
"Low","Medium","Medium","High","Medium","North West","Rainfed","Dekalb","John Deere",19.9113432835821,604.676691729323,194.092857142857,285.840977443609,3.64706015037594,-1.15771721515279,-0.135282631961664,-0.237733972419121,1.30373775649338,0.0101803691264333,7.06679563912628
"Low","Medium","Medium","High","Medium","Free State","Irrigated","Dekalb","John Deere",19.9113432835821,604.676691729323,194.092857142857,285.840977443609,3.64706015037594,-1.15771721515279,-0.135282631961664,-0.237733972419121,1.30373775649338,0.0101803691264333,7.89038270896983
"Low","Medium","Medium","High","Medium","Mpumalanga","Irrigated","Dekalb","John Deere",19.9113432835821,604.676691729323,194.092857142857,285.840977443609,3.64706015037594,-1.15771721515279,-0.135282631961664,-0.237733972419121,1.30373775649338,0.0101803691264333,7.55459046179691
"Low","Medium","Medium","High","Medium","North West","Irrigated","Dekalb","John Deere",19.9113432835821,604.676691729323,194.092857142857,285.840977443609,3.64706015037594,-1.15771721515279,-0.135282631961664,-0.237733972419121,1.30373775649338,0.0101803691264333,7.69982846555237
"Low","Medium","Medium","High","Medium","Free State","Rainfed","Pioneer","John Deere",19.9113432835821,604.676691729323,194.092857142857,285.840977443609,3.64706015037594,-1.15771721515279,-0.135282631961664,-0.237733972419121,1.30373775649338,0.0101803691264333,6.02668028979303
"Low","Medium","Medium","High","Medium","Mpumalanga","Rainfed","Pioneer","John Deere",19.9113432835821,604.676691729323,194.092857142857,285.840977443609,3.64706015037594,-1.15771721515279,-0.135282631961664,-0.237733972419121,1.30373775649338,0.0101803691264333,6.69665882850133
"Low","Medium","Medium","High","Medium","North West","Rainfed","Pioneer","John Deere",19.9113432835821,604.676691729323,194.092857142857,285.840977443609,3.64706015037594,-1.15771721515279,-0.135282631961664,-0.237733972419121,1.30373775649338,0.0101803691264333,6.57110306760283
"Low","Medium","Medium","High","Medium","Free State","Irrigated","Pioneer","John Deere",19.9113432835821,604.676691729323,194.092857142857,285.840977443609,3.64706015037594,-1.15771721515279,-0.135282631961664,-0.237733972419121,1.30373775649338,0.0101803691264333,7.59631217484762
"Low","Medium","Medium","High","Medium","Mpumalanga","Irrigated","Pioneer","John Deere",19.9113432835821,604.676691729323,194.092857142857,285.840977443609,3.64706015037594,-1.15771721515279,-0.135282631961664,-0.237733972419121,1.30373775649338,0.0101803691264333,7.4555403199503
"Low","Medium","Medium","High","Medium","North West","Irrigated","Pioneer","John Deere",19.9113432835821,604.676691729323,194.092857142857,285.840977443609,3.64706015037594,-1.15771721515279,-0.135282631961664,-0.237733972419121,1.30373775649338,0.0101803691264333,7.42645293016465
"Low","Medium","Medium","High","Medium","Free State","Rainfed","Pannar","New Holland",19.9113432835821,604.676691729323,194.092857142857,285.840977443609,3.64706015037594,-1.15771721515279,-0.135282631961664,-0.237733972419121,1.30373775649338,0.0101803691264333,6.29346306364611
"Low","Medium","Medium","High","Medium","Mpumalanga","Rainfed","Pannar","New Holland",19.9113432835821,604.676691729323,194.092857142857,285.840977443609,3.64706015037594,-1.15771721515279,-0.135282631961664,-0.237733972419121,1.30373775649338,0.0101803691264333,5.48038372755472
"Low","Medium","Medium","High","High","Free State","Rainfed","Pannar","John Deere",19.9113432835821,604.676691729323,194.092857142857,285.840977443609,3.92764661654135,-1.15771721515279,-0.135282631961664,-0.237733972419121,1.30373775649338,1.2989009578967,7.06119052887225
"Low","Medium","Medium","High","High","Mpumalanga","Rainfed","Pannar","John Deere",19.9113432835821,604.676691729323,194.092857142857,285.840977443609,3.92764661654135,-1.15771721515279,-0.135282631961664,-0.237733972419121,1.30373775649338,1.2989009578967,6.51722686378723
"Low","Medium","Medium","High","High","North West","Rainfed","Pannar","John Deere",19.9113432835821,604.676691729323,194.092857142857,285.840977443609,3.92764661654135,-1.15771721515279,-0.135282631961664,-0.237733972419121,1.30373775649338,1.2989009578967,6.5352727582055
"Low","Medium","Medium","High","High","Free State","Irrigated","Pannar","John Deere",19.9113432835821,604.676691729323,194.092857142857,285.840977443609,3.92764661654135,-1.15771721515279,-0.135282631961664,-0.237733972419121,1.30373775649338,1.2989009578967,6.651780844071
"Low","Medium","Medium","High","High","Mpumalanga","Irrigated","Pannar","John Deere",19.9113432835821,604.676691729323,194.092857142857,285.840977443609,3.92764661654135,-1.15771721515279,-0.135282631961664,-0.237733972419121,1.30373775649338,1.2989009578967,7.22101021243206
"Low","Medium","Medium","High","High","North West","Irrigated","Pannar","John Deere",19.9113432835821,604.676691729323,194.092857142857,285.840977443609,3.92764661654135,-1.15771721515279,-0.135282631961664,-0.237733972419121,1.30373775649338,1.2989009578967,7.76194654863947
"Low","Medium","Medium","High","High","Free State","Rainfed","Dekalb","John Deere",19.9113432835821,604.676691729323,194.092857142857,285.840977443609,3.92764661654135,-1.15771721515279,-0.135282631961664,-0.237733972419121,1.30373775649338,1.2989009578967,7.1379827398865
"Low","Medium","Medium","High","High","Mpumalanga","Rainfed","Dekalb","John Deere",19.9113432835821,604.676691729323,194.092857142857,285.840977443609,3.92764661654135,-1.15771721515279,-0.135282631961664,-0.237733972419121,1.30373775649338,1.2989009578967,7.38855327522614
"Low","Medium","Medium","High","High","North West","Rainfed","Dekalb","John Deere",19.9113432835821,604.676691729323,194.092857142857,285.840977443609,3.92764661654135,-1.15771721515279,-0.135282631961664,-0.237733972419121,1.30373775649338,1.2989009578967,6.48979040924601
"Low","Medium","Medium","High","High","Free State","Irrigated","Dekalb","John Deere",19.9113432835821,604.676691729323,194.092857142857,285.840977443609,3.92764661654135,-1.15771721515279,-0.135282631961664,-0.237733972419121,1.30373775649338,1.2989009578967,7.14471512869378
"Low","Medium","Medium","High","High","Mpumalanga","Irrigated","Dekalb","John Deere",19.9113432835821,604.676691729323,194.092857142857,285.840977443609,3.92764661654135,-1.15771721515279,-0.135282631961664,-0.237733972419121,1.30373775649338,1.2989009578967,7.34061584684061
"Low","Medium","Medium","High","High","North West","Irrigated","Dekalb","John Deere",19.9113432835821,604.676691729323,194.092857142857,285.840977443609,3.92764661654135,-1.15771721515279,-0.135282631961664,-0.237733972419121,1.30373775649338,1.2989009578967,8.07240096113132
"Low","Medium","Medium","High","High","Free State","Rainfed","Pioneer","John Deere",19.9113432835821,604.676691729323,194.092857142857,285.840977443609,3.92764661654135,-1.15771721515279,-0.135282631961664,-0.237733972419121,1.30373775649338,1.2989009578967,6.92819045413243
"Low","Medium","Medium","High","High","Mpumalanga","Rainfed","Pioneer","John Deere",19.9113432835821,604.676691729323,194.092857142857,285.840977443609,3.92764661654135,-1.15771721515279,-0.135282631961664,-0.237733972419121,1.30373775649338,1.2989009578967,6.84728428190005
"Low","Medium","Medium","High","High","North West","Rainfed","Pioneer","John Deere",19.9113432835821,604.676691729323,194.092857142857,285.840977443609,3.92764661654135,-1.15771721515279,-0.135282631961664,-0.237733972419121,1.30373775649338,1.2989009578967,6.62995173818857
"Low","Medium","Medium","High","High","Free State","Irrigated","Pioneer","John Deere",19.9113432835821,604.676691729323,194.092857142857,285.840977443609,3.92764661654135,-1.15771721515279,-0.135282631961664,-0.237733972419121,1.30373775649338,1.2989009578967,6.75706757602105
"Low","Medium","Medium","High","High","Mpumalanga","Irrigated","Pioneer","John Deere",19.9113432835821,604.676691729323,194.092857142857,285.840977443609,3.92764661654135,-1.15771721515279,-0.135282631961664,-0.237733972419121,1.30373775649338,1.2989009578967,7.71759920839137
"Low","Medium","Medium","High","High","North West","Irrigated","Pioneer","John Deere",19.9113432835821,604.676691729323,194.092857142857,285.840977443609,3.92764661654135,-1.15771721515279,-0.135282631961664,-0.237733972419121,1.30373775649338,1.2989009578967,8.01692348609048
"Low","Medium","Medium","High","High","Free State","Rainfed","Pannar","New Holland",19.9113432835821,604.676691729323,194.092857142857,285.840977443609,3.92764661654135,-1.15771721515279,-0.135282631961664,-0.237733972419121,1.30373775649338,1.2989009578967,6.33828838606501
"Low","Medium","Medium","High","High","Mpumalanga","Rainfed","Pannar","New Holland",19.9113432835821,604.676691729323,194.092857142857,285.840977443609,3.92764661654135,-1.15771721515279,-0.135282631961664,-0.237733972419121,1.30373775649338,1.2989009578967,6.22495094859784
"Low","Medium","High","Low","Low","Free State","Rainfed","Pannar","John Deere",19.9113432835821,604.676691729323,296.555789473684,144.721044776119,3.38760447761194,-1.15771721515279,-0.135282631961664,1.29344548222192,-1.16038181241284,-1.18148746836324,6.19281959918647
"Low","Medium","High","Low","Low","Mpumalanga","Rainfed","Pannar","John Deere",19.9113432835821,604.676691729323,296.555789473684,144.721044776119,3.38760447761194,-1.15771721515279,-0.135282631961664,1.29344548222192,-1.16038181241284,-1.18148746836324,6.09768637700324
"Low","Medium","High","Low","Low","North West","Rainfed","Pannar","John Deere",19.9113432835821,604.676691729323,296.555789473684,144.721044776119,3.38760447761194,-1.15771721515279,-0.135282631961664,1.29344548222192,-1.16038181241284,-1.18148746836324,6.89894475370502
"Low","Medium","High","Low","Low","Free State","Irrigated","Pannar","John Deere",19.9113432835821,604.676691729323,296.555789473684,144.721044776119,3.38760447761194,-1.15771721515279,-0.135282631961664,1.29344548222192,-1.16038181241284,-1.18148746836324,8.09785248302049
"Low","Medium","High","Low","Low","Mpumalanga","Irrigated","Pannar","John Deere",19.9113432835821,604.676691729323,296.555789473684,144.721044776119,3.38760447761194,-1.15771721515279,-0.135282631961664,1.29344548222192,-1.16038181241284,-1.18148746836324,6.11055706431652
"Low","Medium","High","Low","Low","North West","Irrigated","Pannar","John Deere",19.9113432835821,604.676691729323,296.555789473684,144.721044776119,3.38760447761194,-1.15771721515279,-0.135282631961664,1.29344548222192,-1.16038181241284,-1.18148746836324,7.50582229138069
"Low","Medium","High","Low","Low","Free State","Rainfed","Dekalb","John Deere",19.9113432835821,604.676691729323,296.555789473684,144.721044776119,3.38760447761194,-1.15771721515279,-0.135282631961664,1.29344548222192,-1.16038181241284,-1.18148746836324,7.02162049347594
"Low","Medium","High","Low","Low","Mpumalanga","Rainfed","Dekalb","John Deere",19.9113432835821,604.676691729323,296.555789473684,144.721044776119,3.38760447761194,-1.15771721515279,-0.135282631961664,1.29344548222192,-1.16038181241284,-1.18148746836324,6.92060813563293
"Low","Medium","High","Low","Low","North West","Rainfed","Dekalb","John Deere",19.9113432835821,604.676691729323,296.555789473684,144.721044776119,3.38760447761194,-1.15771721515279,-0.135282631961664,1.29344548222192,-1.16038181241284,-1.18148746836324,7.14341133871786
"Low","Medium","High","Low","Low","Free State","Irrigated","Dekalb","John Deere",19.9113432835821,604.676691729323,296.555789473684,144.721044776119,3.38760447761194,-1.15771721515279,-0.135282631961664,1.29344548222192,-1.16038181241284,-1.18148746836324,7.42506225374379
"Low","Medium","High","Low","Low","Mpumalanga","Irrigated","Dekalb","John Deere",19.9113432835821,604.676691729323,296.555789473684,144.721044776119,3.38760447761194,-1.15771721515279,-0.135282631961664,1.29344548222192,-1.16038181241284,-1.18148746836324,7.45486294398729
"Low","Medium","High","Low","Low","North West","Irrigated","Dekalb","John Deere",19.9113432835821,604.676691729323,296.555789473684,144.721044776119,3.38760447761194,-1.15771721515279,-0.135282631961664,1.29344548222192,-1.16038181241284,-1.18148746836324,8.68612076306592
"Low","Medium","High","Low","Low","Free State","Rainfed","Pioneer","John Deere",19.9113432835821,604.676691729323,296.555789473684,144.721044776119,3.38760447761194,-1.15771721515279,-0.135282631961664,1.29344548222192,-1.16038181241284,-1.18148746836324,7.19532451210255
"Low","Medium","High","Low","Low","Mpumalanga","Rainfed","Pioneer","John Deere",19.9113432835821,604.676691729323,296.555789473684,144.721044776119,3.38760447761194,-1.15771721515279,-0.135282631961664,1.29344548222192,-1.16038181241284,-1.18148746836324,7.55332759659843
"Low","Medium","High","Low","Low","North West","Rainfed","Pioneer","John Deere",19.9113432835821,604.676691729323,296.555789473684,144.721044776119,3.38760447761194,-1.15771721515279,-0.135282631961664,1.29344548222192,-1.16038181241284,-1.18148746836324,6.60203938886065
"Low","Medium","High","Low","Low","Free State","Irrigated","Pioneer","John Deere",19.9113432835821,604.676691729323,296.555789473684,144.721044776119,3.38760447761194,-1.15771721515279,-0.135282631961664,1.29344548222192,-1.16038181241284,-1.18148746836324,7.21630120427151
"Low","Medium","High","Low","Low","Mpumalanga","Irrigated","Pioneer","John Deere",19.9113432835821,604.676691729323,296.555789473684,144.721044776119,3.38760447761194,-1.15771721515279,-0.135282631961664,1.29344548222192,-1.16038181241284,-1.18148746836324,7.47394537937822
"Low","Medium","High","Low","Low","North West","Irrigated","Pioneer","John Deere",19.9113432835821,604.676691729323,296.555789473684,144.721044776119,3.38760447761194,-1.15771721515279,-0.135282631961664,1.29344548222192,-1.16038181241284,-1.18148746836324,8.58636975651205
"Low","Medium","High","Low","Low","Free State","Rainfed","Pannar","New Holland",19.9113432835821,604.676691729323,296.555789473684,144.721044776119,3.38760447761194,-1.15771721515279,-0.135282631961664,1.29344548222192,-1.16038181241284,-1.18148746836324,6.57652892034455
"Low","Medium","High","Low","Low","Mpumalanga","Rainfed","Pannar","New Holland",19.9113432835821,604.676691729323,296.555789473684,144.721044776119,3.38760447761194,-1.15771721515279,-0.135282631961664,1.29344548222192,-1.16038181241284,-1.18148746836324,6.62482516407078
"Low","Medium","High","Low","Medium","Free State","Rainfed","Pannar","John Deere",19.9113432835821,604.676691729323,296.555789473684,144.721044776119,3.64706015037594,-1.15771721515279,-0.135282631961664,1.29344548222192,-1.16038181241284,0.0101803691264333,6.44972337888178
"Low","Medium","High","Low","Medium","Mpumalanga","Rainfed","Pannar","John Deere",19.9113432835821,604.676691729323,296.555789473684,144.721044776119,3.64706015037594,-1.15771721515279,-0.135282631961664,1.29344548222192,-1.16038181241284,0.0101803691264333,6.60366462387236
"Low","Medium","High","Low","Medium","North West","Rainfed","Pannar","John Deere",19.9113432835821,604.676691729323,296.555789473684,144.721044776119,3.64706015037594,-1.15771721515279,-0.135282631961664,1.29344548222192,-1.16038181241284,0.0101803691264333,6.76185534279934
"Low","Medium","High","Low","Medium","Free State","Irrigated","Pannar","John Deere",19.9113432835821,604.676691729323,296.555789473684,144.721044776119,3.64706015037594,-1.15771721515279,-0.135282631961664,1.29344548222192,-1.16038181241284,0.0101803691264333,6.29180486514338
"Low","Medium","High","Low","Medium","Mpumalanga","Irrigated","Pannar","John Deere",19.9113432835821,604.676691729323,296.555789473684,144.721044776119,3.64706015037594,-1.15771721515279,-0.135282631961664,1.29344548222192,-1.16038181241284,0.0101803691264333,7.52213887636085
"Low","Medium","High","Low","Medium","North West","Irrigated","Pannar","John Deere",19.9113432835821,604.676691729323,296.555789473684,144.721044776119,3.64706015037594,-1.15771721515279,-0.135282631961664,1.29344548222192,-1.16038181241284,0.0101803691264333,6.38759372756094
"Low","Medium","High","Low","Medium","Free State","Rainfed","Dekalb","John Deere",19.9113432835821,604.676691729323,296.555789473684,144.721044776119,3.64706015037594,-1.15771721515279,-0.135282631961664,1.29344548222192,-1.16038181241284,0.0101803691264333,7.68981684772482
"Low","Medium","High","Low","Medium","Mpumalanga","Rainfed","Dekalb","John Deere",19.9113432835821,604.676691729323,296.555789473684,144.721044776119,3.64706015037594,-1.15771721515279,-0.135282631961664,1.29344548222192,-1.16038181241284,0.0101803691264333,7.2925084847188
"Low","Medium","High","Low","Medium","North West","Rainfed","Dekalb","John Deere",19.9113432835821,604.676691729323,296.555789473684,144.721044776119,3.64706015037594,-1.15771721515279,-0.135282631961664,1.29344548222192,-1.16038181241284,0.0101803691264333,6.14875610217571
"Low","Medium","High","Low","Medium","Free State","Irrigated","Dekalb","John Deere",19.9113432835821,604.676691729323,296.555789473684,144.721044776119,3.64706015037594,-1.15771721515279,-0.135282631961664,1.29344548222192,-1.16038181241284,0.0101803691264333,8.25884807539435
"Low","Medium","High","Low","Medium","Mpumalanga","Irrigated","Dekalb","John Deere",19.9113432835821,604.676691729323,296.555789473684,144.721044776119,3.64706015037594,-1.15771721515279,-0.135282631961664,1.29344548222192,-1.16038181241284,0.0101803691264333,7.54119633840461
"Low","Medium","High","Low","Medium","North West","Irrigated","Dekalb","John Deere",19.9113432835821,604.676691729323,296.555789473684,144.721044776119,3.64706015037594,-1.15771721515279,-0.135282631961664,1.29344548222192,-1.16038181241284,0.0101803691264333,7.94765603177868
"Low","Medium","High","Low","Medium","Free State","Rainfed","Pioneer","John Deere",19.9113432835821,604.676691729323,296.555789473684,144.721044776119,3.64706015037594,-1.15771721515279,-0.135282631961664,1.29344548222192,-1.16038181241284,0.0101803691264333,7.60385970550219
"Low","Medium","High","Low","Medium","Mpumalanga","Rainfed","Pioneer","John Deere",19.9113432835821,604.676691729323,296.555789473684,144.721044776119,3.64706015037594,-1.15771721515279,-0.135282631961664,1.29344548222192,-1.16038181241284,0.0101803691264333,7.91844160760267
"Low","Medium","High","Low","Medium","North West","Rainfed","Pioneer","John Deere",19.9113432835821,604.676691729323,296.555789473684,144.721044776119,3.64706015037594,-1.15771721515279,-0.135282631961664,1.29344548222192,-1.16038181241284,0.0101803691264333,7.53647503981723
"Low","Medium","High","Low","Medium","Free State","Irrigated","Pioneer","John Deere",19.9113432835821,604.676691729323,296.555789473684,144.721044776119,3.64706015037594,-1.15771721515279,-0.135282631961664,1.29344548222192,-1.16038181241284,0.0101803691264333,7.87640267113896
"Low","Medium","High","Low","Medium","Mpumalanga","Irrigated","Pioneer","John Deere",19.9113432835821,604.676691729323,296.555789473684,144.721044776119,3.64706015037594,-1.15771721515279,-0.135282631961664,1.29344548222192,-1.16038181241284,0.0101803691264333,7.22430247531102
"Low","Medium","High","Low","Medium","North West","Irrigated","Pioneer","John Deere",19.9113432835821,604.676691729323,296.555789473684,144.721044776119,3.64706015037594,-1.15771721515279,-0.135282631961664,1.29344548222192,-1.16038181241284,0.0101803691264333,8.24670703306105
"Low","Medium","High","Low","Medium","Free State","Rainfed","Pannar","New Holland",19.9113432835821,604.676691729323,296.555789473684,144.721044776119,3.64706015037594,-1.15771721515279,-0.135282631961664,1.29344548222192,-1.16038181241284,0.0101803691264333,6.57733582927636
"Low","Medium","High","Low","Medium","Mpumalanga","Rainfed","Pannar","New Holland",19.9113432835821,604.676691729323,296.555789473684,144.721044776119,3.64706015037594,-1.15771721515279,-0.135282631961664,1.29344548222192,-1.16038181241284,0.0101803691264333,7.00924709131762
"Low","Medium","High","Low","High","Free State","Rainfed","Pannar","John Deere",19.9113432835821,604.676691729323,296.555789473684,144.721044776119,3.92764661654135,-1.15771721515279,-0.135282631961664,1.29344548222192,-1.16038181241284,1.2989009578967,6.63792321381144
"Low","Medium","High","Low","High","Mpumalanga","Rainfed","Pannar","John Deere",19.9113432835821,604.676691729323,296.555789473684,144.721044776119,3.92764661654135,-1.15771721515279,-0.135282631961664,1.29344548222192,-1.16038181241284,1.2989009578967,6.72177056196096
"Low","Medium","High","Low","High","North West","Rainfed","Pannar","John Deere",19.9113432835821,604.676691729323,296.555789473684,144.721044776119,3.92764661654135,-1.15771721515279,-0.135282631961664,1.29344548222192,-1.16038181241284,1.2989009578967,6.58961294052188
"Low","Medium","High","Low","High","Free State","Irrigated","Pannar","John Deere",19.9113432835821,604.676691729323,296.555789473684,144.721044776119,3.92764661654135,-1.15771721515279,-0.135282631961664,1.29344548222192,-1.16038181241284,1.2989009578967,7.01972682210742
"Low","Medium","High","Low","High","Mpumalanga","Irrigated","Pannar","John Deere",19.9113432835821,604.676691729323,296.555789473684,144.721044776119,3.92764661654135,-1.15771721515279,-0.135282631961664,1.29344548222192,-1.16038181241284,1.2989009578967,6.65897651596789
"Low","Medium","High","Low","High","North West","Irrigated","Pannar","John Deere",19.9113432835821,604.676691729323,296.555789473684,144.721044776119,3.92764661654135,-1.15771721515279,-0.135282631961664,1.29344548222192,-1.16038181241284,1.2989009578967,7.08577880851609
"Low","Medium","High","Low","High","Free State","Rainfed","Dekalb","John Deere",19.9113432835821,604.676691729323,296.555789473684,144.721044776119,3.92764661654135,-1.15771721515279,-0.135282631961664,1.29344548222192,-1.16038181241284,1.2989009578967,7.07256996635349
"Low","Medium","High","Low","High","Mpumalanga","Rainfed","Dekalb","John Deere",19.9113432835821,604.676691729323,296.555789473684,144.721044776119,3.92764661654135,-1.15771721515279,-0.135282631961664,1.29344548222192,-1.16038181241284,1.2989009578967,8.11397253091496
"Low","Medium","High","Low","High","North West","Rainfed","Dekalb","John Deere",19.9113432835821,604.676691729323,296.555789473684,144.721044776119,3.92764661654135,-1.15771721515279,-0.135282631961664,1.29344548222192,-1.16038181241284,1.2989009578967,6.70320998146136
"Low","Medium","High","Low","High","Free State","Irrigated","Dekalb","John Deere",19.9113432835821,604.676691729323,296.555789473684,144.721044776119,3.92764661654135,-1.15771721515279,-0.135282631961664,1.29344548222192,-1.16038181241284,1.2989009578967,7.65392603980244
"Low","Medium","High","Low","High","Mpumalanga","Irrigated","Dekalb","John Deere",19.9113432835821,604.676691729323,296.555789473684,144.721044776119,3.92764661654135,-1.15771721515279,-0.135282631961664,1.29344548222192,-1.16038181241284,1.2989009578967,7.72892803458658
"Low","Medium","High","Low","High","North West","Irrigated","Dekalb","John Deere",19.9113432835821,604.676691729323,296.555789473684,144.721044776119,3.92764661654135,-1.15771721515279,-0.135282631961664,1.29344548222192,-1.16038181241284,1.2989009578967,7.5760684131027
"Low","Medium","High","Low","High","Free State","Rainfed","Pioneer","John Deere",19.9113432835821,604.676691729323,296.555789473684,144.721044776119,3.92764661654135,-1.15771721515279,-0.135282631961664,1.29344548222192,-1.16038181241284,1.2989009578967,6.85167833578595
"Low","Medium","High","Low","High","Mpumalanga","Rainfed","Pioneer","John Deere",19.9113432835821,604.676691729323,296.555789473684,144.721044776119,3.92764661654135,-1.15771721515279,-0.135282631961664,1.29344548222192,-1.16038181241284,1.2989009578967,7.34082084291155
"Low","Medium","High","Low","High","North West","Rainfed","Pioneer","John Deere",19.9113432835821,604.676691729323,296.555789473684,144.721044776119,3.92764661654135,-1.15771721515279,-0.135282631961664,1.29344548222192,-1.16038181241284,1.2989009578967,7.24070045669429
"Low","Medium","High","Low","High","Free State","Irrigated","Pioneer","John Deere",19.9113432835821,604.676691729323,296.555789473684,144.721044776119,3.92764661654135,-1.15771721515279,-0.135282631961664,1.29344548222192,-1.16038181241284,1.2989009578967,8.00021217498082
"Low","Medium","High","Low","High","Mpumalanga","Irrigated","Pioneer","John Deere",19.9113432835821,604.676691729323,296.555789473684,144.721044776119,3.92764661654135,-1.15771721515279,-0.135282631961664,1.29344548222192,-1.16038181241284,1.2989009578967,8.39591492283528
"Low","Medium","High","Low","High","North West","Irrigated","Pioneer","John Deere",19.9113432835821,604.676691729323,296.555789473684,144.721044776119,3.92764661654135,-1.15771721515279,-0.135282631961664,1.29344548222192,-1.16038181241284,1.2989009578967,8.51596050340201
"Low","Medium","High","Low","High","Free State","Rainfed","Pannar","New Holland",19.9113432835821,604.676691729323,296.555789473684,144.721044776119,3.92764661654135,-1.15771721515279,-0.135282631961664,1.29344548222192,-1.16038181241284,1.2989009578967,6.91365164743612
"Low","Medium","High","Low","High","Mpumalanga","Rainfed","Pannar","New Holland",19.9113432835821,604.676691729323,296.555789473684,144.721044776119,3.92764661654135,-1.15771721515279,-0.135282631961664,1.29344548222192,-1.16038181241284,1.2989009578967,6.85522797944832
"Low","Medium","High","Medium","Low","Free State","Rainfed","Pannar","John Deere",19.9113432835821,604.676691729323,296.555789473684,200.322781954887,3.38760447761194,-1.15771721515279,-0.135282631961664,1.29344548222192,-0.189510256158578,-1.18148746836324,6.68940512428382
"Low","Medium","High","Medium","Low","Mpumalanga","Rainfed","Pannar","John Deere",19.9113432835821,604.676691729323,296.555789473684,200.322781954887,3.38760447761194,-1.15771721515279,-0.135282631961664,1.29344548222192,-0.189510256158578,-1.18148746836324,6.42900609598397
"Low","Medium","High","Medium","Low","North West","Rainfed","Pannar","John Deere",19.9113432835821,604.676691729323,296.555789473684,200.322781954887,3.38760447761194,-1.15771721515279,-0.135282631961664,1.29344548222192,-0.189510256158578,-1.18148746836324,6.90427874865761
"Low","Medium","High","Medium","Low","Free State","Irrigated","Pannar","John Deere",19.9113432835821,604.676691729323,296.555789473684,200.322781954887,3.38760447761194,-1.15771721515279,-0.135282631961664,1.29344548222192,-0.189510256158578,-1.18148746836324,6.70295268139643
"Low","Medium","High","Medium","Low","Mpumalanga","Irrigated","Pannar","John Deere",19.9113432835821,604.676691729323,296.555789473684,200.322781954887,3.38760447761194,-1.15771721515279,-0.135282631961664,1.29344548222192,-0.189510256158578,-1.18148746836324,6.99711635777786
"Low","Medium","High","Medium","Low","North West","Irrigated","Pannar","John Deere",19.9113432835821,604.676691729323,296.555789473684,200.322781954887,3.38760447761194,-1.15771721515279,-0.135282631961664,1.29344548222192,-0.189510256158578,-1.18148746836324,7.71530574705776
"Low","Medium","High","Medium","Low","Free State","Rainfed","Dekalb","John Deere",19.9113432835821,604.676691729323,296.555789473684,200.322781954887,3.38760447761194,-1.15771721515279,-0.135282631961664,1.29344548222192,-0.189510256158578,-1.18148746836324,7.25141479405355
"Low","Medium","High","Medium","Low","Mpumalanga","Rainfed","Dekalb","John Deere",19.9113432835821,604.676691729323,296.555789473684,200.322781954887,3.38760447761194,-1.15771721515279,-0.135282631961664,1.29344548222192,-0.189510256158578,-1.18148746836324,6.9934508777642
"Low","Medium","High","Medium","Low","North West","Rainfed","Dekalb","John Deere",19.9113432835821,604.676691729323,296.555789473684,200.322781954887,3.38760447761194,-1.15771721515279,-0.135282631961664,1.29344548222192,-0.189510256158578,-1.18148746836324,6.97288034718653
"Low","Medium","High","Medium","Low","Free State","Irrigated","Dekalb","John Deere",19.9113432835821,604.676691729323,296.555789473684,200.322781954887,3.38760447761194,-1.15771721515279,-0.135282631961664,1.29344548222192,-0.189510256158578,-1.18148746836324,7.96227853270951
"Low","Medium","High","Medium","Low","Mpumalanga","Irrigated","Dekalb","John Deere",19.9113432835821,604.676691729323,296.555789473684,200.322781954887,3.38760447761194,-1.15771721515279,-0.135282631961664,1.29344548222192,-0.189510256158578,-1.18148746836324,8.19585658934739
"Low","Medium","High","Medium","Low","North West","Irrigated","Dekalb","John Deere",19.9113432835821,604.676691729323,296.555789473684,200.322781954887,3.38760447761194,-1.15771721515279,-0.135282631961664,1.29344548222192,-0.189510256158578,-1.18148746836324,7.91315869980248
"Low","Medium","High","Medium","Low","Free State","Rainfed","Pioneer","John Deere",19.9113432835821,604.676691729323,296.555789473684,200.322781954887,3.38760447761194,-1.15771721515279,-0.135282631961664,1.29344548222192,-0.189510256158578,-1.18148746836324,7.7337157766491
"Low","Medium","High","Medium","Low","Mpumalanga","Rainfed","Pioneer","John Deere",19.9113432835821,604.676691729323,296.555789473684,200.322781954887,3.38760447761194,-1.15771721515279,-0.135282631961664,1.29344548222192,-0.189510256158578,-1.18148746836324,7.54960113150271
"Low","Medium","High","Medium","Low","North West","Rainfed","Pioneer","John Deere",19.9113432835821,604.676691729323,296.555789473684,200.322781954887,3.38760447761194,-1.15771721515279,-0.135282631961664,1.29344548222192,-0.189510256158578,-1.18148746836324,7.173966352789
"Low","Medium","High","Medium","Low","Free State","Irrigated","Pioneer","John Deere",19.9113432835821,604.676691729323,296.555789473684,200.322781954887,3.38760447761194,-1.15771721515279,-0.135282631961664,1.29344548222192,-0.189510256158578,-1.18148746836324,7.83780337002471
"Low","Medium","High","Medium","Low","Mpumalanga","Irrigated","Pioneer","John Deere",19.9113432835821,604.676691729323,296.555789473684,200.322781954887,3.38760447761194,-1.15771721515279,-0.135282631961664,1.29344548222192,-0.189510256158578,-1.18148746836324,7.65553389149505
"Low","Medium","High","Medium","Low","North West","Irrigated","Pioneer","John Deere",19.9113432835821,604.676691729323,296.555789473684,200.322781954887,3.38760447761194,-1.15771721515279,-0.135282631961664,1.29344548222192,-0.189510256158578,-1.18148746836324,8.6395093224441
"Low","Medium","High","Medium","Low","Free State","Rainfed","Pannar","New Holland",19.9113432835821,604.676691729323,296.555789473684,200.322781954887,3.38760447761194,-1.15771721515279,-0.135282631961664,1.29344548222192,-0.189510256158578,-1.18148746836324,5.9950678772387
"Low","Medium","High","Medium","Low","Mpumalanga","Rainfed","Pannar","New Holland",19.9113432835821,604.676691729323,296.555789473684,200.322781954887,3.38760447761194,-1.15771721515279,-0.135282631961664,1.29344548222192,-0.189510256158578,-1.18148746836324,6.82565270901304
"Low","Medium","High","Medium","Medium","Free State","Rainfed","Pannar","John Deere",19.9113432835821,604.676691729323,296.555789473684,200.322781954887,3.64706015037594,-1.15771721515279,-0.135282631961664,1.29344548222192,-0.189510256158578,0.0101803691264333,7.04501895512643
"Low","Medium","High","Medium","Medium","Mpumalanga","Rainfed","Pannar","John Deere",19.9113432835821,604.676691729323,296.555789473684,200.322781954887,3.64706015037594,-1.15771721515279,-0.135282631961664,1.29344548222192,-0.189510256158578,0.0101803691264333,6.68522145629606
"Low","Medium","High","Medium","Medium","North West","Rainfed","Pannar","John Deere",19.9113432835821,604.676691729323,296.555789473684,200.322781954887,3.64706015037594,-1.15771721515279,-0.135282631961664,1.29344548222192,-0.189510256158578,0.0101803691264333,7.21117398897467
"Low","Medium","High","Medium","Medium","Free State","Irrigated","Pannar","John Deere",19.9113432835821,604.676691729323,296.555789473684,200.322781954887,3.64706015037594,-1.15771721515279,-0.135282631961664,1.29344548222192,-0.189510256158578,0.0101803691264333,7.13785876462884
"Low","Medium","High","Medium","Medium","Mpumalanga","Irrigated","Pannar","John Deere",19.9113432835821,604.676691729323,296.555789473684,200.322781954887,3.64706015037594,-1.15771721515279,-0.135282631961664,1.29344548222192,-0.189510256158578,0.0101803691264333,7.56975485231219
"Low","Medium","High","Medium","Medium","North West","Irrigated","Pannar","John Deere",19.9113432835821,604.676691729323,296.555789473684,200.322781954887,3.64706015037594,-1.15771721515279,-0.135282631961664,1.29344548222192,-0.189510256158578,0.0101803691264333,7.32629539619667
"Low","Medium","High","Medium","Medium","Free State","Rainfed","Dekalb","John Deere",19.9113432835821,604.676691729323,296.555789473684,200.322781954887,3.64706015037594,-1.15771721515279,-0.135282631961664,1.29344548222192,-0.189510256158578,0.0101803691264333,7.38859211953808
"Low","Medium","High","Medium","Medium","Mpumalanga","Rainfed","Dekalb","John Deere",19.9113432835821,604.676691729323,296.555789473684,200.322781954887,3.64706015037594,-1.15771721515279,-0.135282631961664,1.29344548222192,-0.189510256158578,0.0101803691264333,7.5687993523898
"Low","Medium","High","Medium","Medium","North West","Rainfed","Dekalb","John Deere",19.9113432835821,604.676691729323,296.555789473684,200.322781954887,3.64706015037594,-1.15771721515279,-0.135282631961664,1.29344548222192,-0.189510256158578,0.0101803691264333,7.82516262628404
"Low","Medium","High","Medium","Medium","Free State","Irrigated","Dekalb","John Deere",19.9113432835821,604.676691729323,296.555789473684,200.322781954887,3.64706015037594,-1.15771721515279,-0.135282631961664,1.29344548222192,-0.189510256158578,0.0101803691264333,7.83813012072972
"Low","Medium","High","Medium","Medium","Mpumalanga","Irrigated","Dekalb","John Deere",19.9113432835821,604.676691729323,296.555789473684,200.322781954887,3.64706015037594,-1.15771721515279,-0.135282631961664,1.29344548222192,-0.189510256158578,0.0101803691264333,7.37679622390633
"Low","Medium","High","Medium","Medium","North West","Irrigated","Dekalb","John Deere",19.9113432835821,604.676691729323,296.555789473684,200.322781954887,3.64706015037594,-1.15771721515279,-0.135282631961664,1.29344548222192,-0.189510256158578,0.0101803691264333,7.2774669263581
"Low","Medium","High","Medium","Medium","Free State","Rainfed","Pioneer","John Deere",19.9113432835821,604.676691729323,296.555789473684,200.322781954887,3.64706015037594,-1.15771721515279,-0.135282631961664,1.29344548222192,-0.189510256158578,0.0101803691264333,6.94389765751212
"Low","Medium","High","Medium","Medium","Mpumalanga","Rainfed","Pioneer","John Deere",19.9113432835821,604.676691729323,296.555789473684,200.322781954887,3.64706015037594,-1.15771721515279,-0.135282631961664,1.29344548222192,-0.189510256158578,0.0101803691264333,7.69788428523976
"Low","Medium","High","Medium","Medium","North West","Rainfed","Pioneer","John Deere",19.9113432835821,604.676691729323,296.555789473684,200.322781954887,3.64706015037594,-1.15771721515279,-0.135282631961664,1.29344548222192,-0.189510256158578,0.0101803691264333,7.54931749831318
"Low","Medium","High","Medium","Medium","Free State","Irrigated","Pioneer","John Deere",19.9113432835821,604.676691729323,296.555789473684,200.322781954887,3.64706015037594,-1.15771721515279,-0.135282631961664,1.29344548222192,-0.189510256158578,0.0101803691264333,7.50845070967856
"Low","Medium","High","Medium","Medium","Mpumalanga","Irrigated","Pioneer","John Deere",19.9113432835821,604.676691729323,296.555789473684,200.322781954887,3.64706015037594,-1.15771721515279,-0.135282631961664,1.29344548222192,-0.189510256158578,0.0101803691264333,7.78086351790129
"Low","Medium","High","Medium","Medium","North West","Irrigated","Pioneer","John Deere",19.9113432835821,604.676691729323,296.555789473684,200.322781954887,3.64706015037594,-1.15771721515279,-0.135282631961664,1.29344548222192,-0.189510256158578,0.0101803691264333,7.95309436677281
"Low","Medium","High","Medium","Medium","Free State","Rainfed","Pannar","New Holland",19.9113432835821,604.676691729323,296.555789473684,200.322781954887,3.64706015037594,-1.15771721515279,-0.135282631961664,1.29344548222192,-0.189510256158578,0.0101803691264333,7.30819980802651
"Low","Medium","High","Medium","Medium","Mpumalanga","Rainfed","Pannar","New Holland",19.9113432835821,604.676691729323,296.555789473684,200.322781954887,3.64706015037594,-1.15771721515279,-0.135282631961664,1.29344548222192,-0.189510256158578,0.0101803691264333,7.59929514817173
"Low","Medium","High","Medium","High","Free State","Rainfed","Pannar","John Deere",19.9113432835821,604.676691729323,296.555789473684,200.322781954887,3.92764661654135,-1.15771721515279,-0.135282631961664,1.29344548222192,-0.189510256158578,1.2989009578967,7.7639475546695
"Low","Medium","High","Medium","High","Mpumalanga","Rainfed","Pannar","John Deere",19.9113432835821,604.676691729323,296.555789473684,200.322781954887,3.92764661654135,-1.15771721515279,-0.135282631961664,1.29344548222192,-0.189510256158578,1.2989009578967,7.18392813328124
"Low","Medium","High","Medium","High","North West","Rainfed","Pannar","John Deere",19.9113432835821,604.676691729323,296.555789473684,200.322781954887,3.92764661654135,-1.15771721515279,-0.135282631961664,1.29344548222192,-0.189510256158578,1.2989009578967,7.69554497644864
"Low","Medium","High","Medium","High","Free State","Irrigated","Pannar","John Deere",19.9113432835821,604.676691729323,296.555789473684,200.322781954887,3.92764661654135,-1.15771721515279,-0.135282631961664,1.29344548222192,-0.189510256158578,1.2989009578967,7.01480774972539
"Low","Medium","High","Medium","High","Mpumalanga","Irrigated","Pannar","John Deere",19.9113432835821,604.676691729323,296.555789473684,200.322781954887,3.92764661654135,-1.15771721515279,-0.135282631961664,1.29344548222192,-0.189510256158578,1.2989009578967,8.20001149558162
"Low","Medium","High","Medium","High","North West","Irrigated","Pannar","John Deere",19.9113432835821,604.676691729323,296.555789473684,200.322781954887,3.92764661654135,-1.15771721515279,-0.135282631961664,1.29344548222192,-0.189510256158578,1.2989009578967,7.32108687782814
"Low","Medium","High","Medium","High","Free State","Rainfed","Dekalb","John Deere",19.9113432835821,604.676691729323,296.555789473684,200.322781954887,3.92764661654135,-1.15771721515279,-0.135282631961664,1.29344548222192,-0.189510256158578,1.2989009578967,7.03037989754513
"Low","Medium","High","Medium","High","Mpumalanga","Rainfed","Dekalb","John Deere",19.9113432835821,604.676691729323,296.555789473684,200.322781954887,3.92764661654135,-1.15771721515279,-0.135282631961664,1.29344548222192,-0.189510256158578,1.2989009578967,6.42446558348156
"Low","Medium","High","Medium","High","North West","Rainfed","Dekalb","John Deere",19.9113432835821,604.676691729323,296.555789473684,200.322781954887,3.92764661654135,-1.15771721515279,-0.135282631961664,1.29344548222192,-0.189510256158578,1.2989009578967,7.89911981364873
"Low","Medium","High","Medium","High","Free State","Irrigated","Dekalb","John Deere",19.9113432835821,604.676691729323,296.555789473684,200.322781954887,3.92764661654135,-1.15771721515279,-0.135282631961664,1.29344548222192,-0.189510256158578,1.2989009578967,7.28791227593782
"Low","Medium","High","Medium","High","Mpumalanga","Irrigated","Dekalb","John Deere",19.9113432835821,604.676691729323,296.555789473684,200.322781954887,3.92764661654135,-1.15771721515279,-0.135282631961664,1.29344548222192,-0.189510256158578,1.2989009578967,7.63195344403528
"Low","Medium","High","Medium","High","North West","Irrigated","Dekalb","John Deere",19.9113432835821,604.676691729323,296.555789473684,200.322781954887,3.92764661654135,-1.15771721515279,-0.135282631961664,1.29344548222192,-0.189510256158578,1.2989009578967,7.97866420775835
"Low","Medium","High","Medium","High","Free State","Rainfed","Pioneer","John Deere",19.9113432835821,604.676691729323,296.555789473684,200.322781954887,3.92764661654135,-1.15771721515279,-0.135282631961664,1.29344548222192,-0.189510256158578,1.2989009578967,7.81406557267364
"Low","Medium","High","Medium","High","Mpumalanga","Rainfed","Pioneer","John Deere",19.9113432835821,604.676691729323,296.555789473684,200.322781954887,3.92764661654135,-1.15771721515279,-0.135282631961664,1.29344548222192,-0.189510256158578,1.2989009578967,7.849765041503
"Low","Medium","High","Medium","High","North West","Rainfed","Pioneer","John Deere",19.9113432835821,604.676691729323,296.555789473684,200.322781954887,3.92764661654135,-1.15771721515279,-0.135282631961664,1.29344548222192,-0.189510256158578,1.2989009578967,7.27989229318352
"Low","Medium","High","Medium","High","Free State","Irrigated","Pioneer","John Deere",19.9113432835821,604.676691729323,296.555789473684,200.322781954887,3.92764661654135,-1.15771721515279,-0.135282631961664,1.29344548222192,-0.189510256158578,1.2989009578967,8.05124453808197
"Low","Medium","High","Medium","High","Mpumalanga","Irrigated","Pioneer","John Deere",19.9113432835821,604.676691729323,296.555789473684,200.322781954887,3.92764661654135,-1.15771721515279,-0.135282631961664,1.29344548222192,-0.189510256158578,1.2989009578967,7.8240542106903
"Low","Medium","High","Medium","High","North West","Irrigated","Pioneer","John Deere",19.9113432835821,604.676691729323,296.555789473684,200.322781954887,3.92764661654135,-1.15771721515279,-0.135282631961664,1.29344548222192,-0.189510256158578,1.2989009578967,8.27764618995029
"Low","Medium","High","Medium","High","Free State","Rainfed","Pannar","New Holland",19.9113432835821,604.676691729323,296.555789473684,200.322781954887,3.92764661654135,-1.15771721515279,-0.135282631961664,1.29344548222192,-0.189510256158578,1.2989009578967,6.85225531174229
"Low","Medium","High","Medium","High","Mpumalanga","Rainfed","Pannar","New Holland",19.9113432835821,604.676691729323,296.555789473684,200.322781954887,3.92764661654135,-1.15771721515279,-0.135282631961664,1.29344548222192,-0.189510256158578,1.2989009578967,7.1756745902355
"Low","Medium","High","High","Medium","Free State","Rainfed","Pannar","John Deere",19.9113432835821,604.676691729323,296.555789473684,285.840977443609,3.64706015037594,-1.15771721515279,-0.135282631961664,1.29344548222192,1.30373775649338,0.0101803691264333,6.74147613402998
"Low","Medium","High","High","Medium","Mpumalanga","Rainfed","Pannar","John Deere",19.9113432835821,604.676691729323,296.555789473684,285.840977443609,3.64706015037594,-1.15771721515279,-0.135282631961664,1.29344548222192,1.30373775649338,0.0101803691264333,6.40950690697575
"Low","Medium","High","High","Medium","North West","Rainfed","Pannar","John Deere",19.9113432835821,604.676691729323,296.555789473684,285.840977443609,3.64706015037594,-1.15771721515279,-0.135282631961664,1.29344548222192,1.30373775649338,0.0101803691264333,8.0217357490299
"Low","Medium","High","High","Medium","Free State","Irrigated","Pannar","John Deere",19.9113432835821,604.676691729323,296.555789473684,285.840977443609,3.64706015037594,-1.15771721515279,-0.135282631961664,1.29344548222192,1.30373775649338,0.0101803691264333,6.84803808461859
"Low","Medium","High","High","Medium","Mpumalanga","Irrigated","Pannar","John Deere",19.9113432835821,604.676691729323,296.555789473684,285.840977443609,3.64706015037594,-1.15771721515279,-0.135282631961664,1.29344548222192,1.30373775649338,0.0101803691264333,7.52439604150241
"Low","Medium","High","High","Medium","North West","Irrigated","Pannar","John Deere",19.9113432835821,604.676691729323,296.555789473684,285.840977443609,3.64706015037594,-1.15771721515279,-0.135282631961664,1.29344548222192,1.30373775649338,0.0101803691264333,6.8144331091973
"Low","Medium","High","High","Medium","Free State","Rainfed","Dekalb","John Deere",19.9113432835821,604.676691729323,296.555789473684,285.840977443609,3.64706015037594,-1.15771721515279,-0.135282631961664,1.29344548222192,1.30373775649338,0.0101803691264333,7.81012828630209
"Low","Medium","High","High","Medium","Mpumalanga","Rainfed","Dekalb","John Deere",19.9113432835821,604.676691729323,296.555789473684,285.840977443609,3.64706015037594,-1.15771721515279,-0.135282631961664,1.29344548222192,1.30373775649338,0.0101803691264333,7.52319004304041
"Low","Medium","High","High","Medium","North West","Rainfed","Dekalb","John Deere",19.9113432835821,604.676691729323,296.555789473684,285.840977443609,3.64706015037594,-1.15771721515279,-0.135282631961664,1.29344548222192,1.30373775649338,0.0101803691264333,7.06351299207449
"Low","Medium","High","High","Medium","Free State","Irrigated","Dekalb","John Deere",19.9113432835821,604.676691729323,296.555789473684,285.840977443609,3.64706015037594,-1.15771721515279,-0.135282631961664,1.29344548222192,1.30373775649338,0.0101803691264333,7.46334955026381
"Low","Medium","High","High","Medium","Mpumalanga","Irrigated","Dekalb","John Deere",19.9113432835821,604.676691729323,296.555789473684,285.840977443609,3.64706015037594,-1.15771721515279,-0.135282631961664,1.29344548222192,1.30373775649338,0.0101803691264333,7.77452727864437
"Low","Medium","High","High","Medium","North West","Irrigated","Dekalb","John Deere",19.9113432835821,604.676691729323,296.555789473684,285.840977443609,3.64706015037594,-1.15771721515279,-0.135282631961664,1.29344548222192,1.30373775649338,0.0101803691264333,8.19121836567965
"Low","Medium","High","High","Medium","Free State","Rainfed","Pioneer","John Deere",19.9113432835821,604.676691729323,296.555789473684,285.840977443609,3.64706015037594,-1.15771721515279,-0.135282631961664,1.29344548222192,1.30373775649338,0.0101803691264333,7.52119030652487
"Low","Medium","High","High","Medium","Mpumalanga","Rainfed","Pioneer","John Deere",19.9113432835821,604.676691729323,296.555789473684,285.840977443609,3.64706015037594,-1.15771721515279,-0.135282631961664,1.29344548222192,1.30373775649338,0.0101803691264333,7.18328339546963
"Low","Medium","High","High","Medium","North West","Rainfed","Pioneer","John Deere",19.9113432835821,604.676691729323,296.555789473684,285.840977443609,3.64706015037594,-1.15771721515279,-0.135282631961664,1.29344548222192,1.30373775649338,0.0101803691264333,7.58709422929635
"Low","Medium","High","High","Medium","Free State","Irrigated","Pioneer","John Deere",19.9113432835821,604.676691729323,296.555789473684,285.840977443609,3.64706015037594,-1.15771721515279,-0.135282631961664,1.29344548222192,1.30373775649338,0.0101803691264333,7.82035345928479
"Low","Medium","High","High","Medium","Mpumalanga","Irrigated","Pioneer","John Deere",19.9113432835821,604.676691729323,296.555789473684,285.840977443609,3.64706015037594,-1.15771721515279,-0.135282631961664,1.29344548222192,1.30373775649338,0.0101803691264333,7.93612323322936
"Low","Medium","High","High","Medium","North West","Irrigated","Pioneer","John Deere",19.9113432835821,604.676691729323,296.555789473684,285.840977443609,3.64706015037594,-1.15771721515279,-0.135282631961664,1.29344548222192,1.30373775649338,0.0101803691264333,7.51364756047314
"Low","Medium","High","High","Medium","Free State","Rainfed","Pannar","New Holland",19.9113432835821,604.676691729323,296.555789473684,285.840977443609,3.64706015037594,-1.15771721515279,-0.135282631961664,1.29344548222192,1.30373775649338,0.0101803691264333,6.72034963004455
"Low","Medium","High","High","Medium","Mpumalanga","Rainfed","Pannar","New Holland",19.9113432835821,604.676691729323,296.555789473684,285.840977443609,3.64706015037594,-1.15771721515279,-0.135282631961664,1.29344548222192,1.30373775649338,0.0101803691264333,6.41464985112155
"Low","Medium","High","High","High","Free State","Rainfed","Pannar","John Deere",19.9113432835821,604.676691729323,296.555789473684,285.840977443609,3.92764661654135,-1.15771721515279,-0.135282631961664,1.29344548222192,1.30373775649338,1.2989009578967,7.56658182985814
"Low","Medium","High","High","High","Mpumalanga","Rainfed","Pannar","John Deere",19.9113432835821,604.676691729323,296.555789473684,285.840977443609,3.92764661654135,-1.15771721515279,-0.135282631961664,1.29344548222192,1.30373775649338,1.2989009578967,8.36247073449494
"Low","Medium","High","High","High","North West","Rainfed","Pannar","John Deere",19.9113432835821,604.676691729323,296.555789473684,285.840977443609,3.92764661654135,-1.15771721515279,-0.135282631961664,1.29344548222192,1.30373775649338,1.2989009578967,7.73892197182084
"Low","Medium","High","High","High","Free State","Irrigated","Pannar","John Deere",19.9113432835821,604.676691729323,296.555789473684,285.840977443609,3.92764661654135,-1.15771721515279,-0.135282631961664,1.29344548222192,1.30373775649338,1.2989009578967,7.47341707821896
"Low","Medium","High","High","High","Mpumalanga","Irrigated","Pannar","John Deere",19.9113432835821,604.676691729323,296.555789473684,285.840977443609,3.92764661654135,-1.15771721515279,-0.135282631961664,1.29344548222192,1.30373775649338,1.2989009578967,8.0676189366202
"Low","Medium","High","High","High","North West","Irrigated","Pannar","John Deere",19.9113432835821,604.676691729323,296.555789473684,285.840977443609,3.92764661654135,-1.15771721515279,-0.135282631961664,1.29344548222192,1.30373775649338,1.2989009578967,8.06368087248346
"Low","Medium","High","High","High","Free State","Rainfed","Dekalb","John Deere",19.9113432835821,604.676691729323,296.555789473684,285.840977443609,3.92764661654135,-1.15771721515279,-0.135282631961664,1.29344548222192,1.30373775649338,1.2989009578967,8.31750937983814
"Low","Medium","High","High","High","Mpumalanga","Rainfed","Dekalb","John Deere",19.9113432835821,604.676691729323,296.555789473684,285.840977443609,3.92764661654135,-1.15771721515279,-0.135282631961664,1.29344548222192,1.30373775649338,1.2989009578967,8.58036602914425
"Low","Medium","High","High","High","North West","Rainfed","Dekalb","John Deere",19.9113432835821,604.676691729323,296.555789473684,285.840977443609,3.92764661654135,-1.15771721515279,-0.135282631961664,1.29344548222192,1.30373775649338,1.2989009578967,7.604695266995
"Low","Medium","High","High","High","Free State","Irrigated","Dekalb","John Deere",19.9113432835821,604.676691729323,296.555789473684,285.840977443609,3.92764661654135,-1.15771721515279,-0.135282631961664,1.29344548222192,1.30373775649338,1.2989009578967,8.52442328645742
"Low","Medium","High","High","High","Mpumalanga","Irrigated","Dekalb","John Deere",19.9113432835821,604.676691729323,296.555789473684,285.840977443609,3.92764661654135,-1.15771721515279,-0.135282631961664,1.29344548222192,1.30373775649338,1.2989009578967,8.27010466782931
"Low","Medium","High","High","High","North West","Irrigated","Dekalb","John Deere",19.9113432835821,604.676691729323,296.555789473684,285.840977443609,3.92764661654135,-1.15771721515279,-0.135282631961664,1.29344548222192,1.30373775649338,1.2989009578967,7.51201217848372
"Low","Medium","High","High","High","Free State","Rainfed","Pioneer","John Deere",19.9113432835821,604.676691729323,296.555789473684,285.840977443609,3.92764661654135,-1.15771721515279,-0.135282631961664,1.29344548222192,1.30373775649338,1.2989009578967,7.66322024829276
"Low","Medium","High","High","High","Mpumalanga","Rainfed","Pioneer","John Deere",19.9113432835821,604.676691729323,296.555789473684,285.840977443609,3.92764661654135,-1.15771721515279,-0.135282631961664,1.29344548222192,1.30373775649338,1.2989009578967,7.82618295622828
"Low","Medium","High","High","High","North West","Rainfed","Pioneer","John Deere",19.9113432835821,604.676691729323,296.555789473684,285.840977443609,3.92764661654135,-1.15771721515279,-0.135282631961664,1.29344548222192,1.30373775649338,1.2989009578967,7.35750742976471
"Low","Medium","High","High","High","Free State","Irrigated","Pioneer","John Deere",19.9113432835821,604.676691729323,296.555789473684,285.840977443609,3.92764661654135,-1.15771721515279,-0.135282631961664,1.29344548222192,1.30373775649338,1.2989009578967,8.89048292697802
"Low","Medium","High","High","High","Mpumalanga","Irrigated","Pioneer","John Deere",19.9113432835821,604.676691729323,296.555789473684,285.840977443609,3.92764661654135,-1.15771721515279,-0.135282631961664,1.29344548222192,1.30373775649338,1.2989009578967,8.92697409866614
"Low","Medium","High","High","High","North West","Irrigated","Pioneer","John Deere",19.9113432835821,604.676691729323,296.555789473684,285.840977443609,3.92764661654135,-1.15771721515279,-0.135282631961664,1.29344548222192,1.30373775649338,1.2989009578967,9.22074100021357
"Low","Medium","High","High","High","Free State","Rainfed","Pannar","New Holland",19.9113432835821,604.676691729323,296.555789473684,285.840977443609,3.92764661654135,-1.15771721515279,-0.135282631961664,1.29344548222192,1.30373775649338,1.2989009578967,8.14091068658011
"Low","Medium","High","High","High","Mpumalanga","Rainfed","Pannar","New Holland",19.9113432835821,604.676691729323,296.555789473684,285.840977443609,3.92764661654135,-1.15771721515279,-0.135282631961664,1.29344548222192,1.30373775649338,1.2989009578967,6.9716959508395
"Low","High","Low","Low","Medium","Free State","Rainfed","Pannar","John Deere",19.9113432835821,877.316541353384,135.153059701493,144.721044776119,3.64706015037594,-1.15771721515279,1.31509634811518,-1.11851500073808,-1.16038181241284,0.0101803691264333,6.86021184941254
"Low","High","Low","Low","Medium","Mpumalanga","Rainfed","Pannar","John Deere",19.9113432835821,877.316541353384,135.153059701493,144.721044776119,3.64706015037594,-1.15771721515279,1.31509634811518,-1.11851500073808,-1.16038181241284,0.0101803691264333,7.18973915414658
"Low","High","Low","Low","Medium","North West","Rainfed","Pannar","John Deere",19.9113432835821,877.316541353384,135.153059701493,144.721044776119,3.64706015037594,-1.15771721515279,1.31509634811518,-1.11851500073808,-1.16038181241284,0.0101803691264333,6.49813957251358
"Low","High","Low","Low","Medium","Free State","Irrigated","Pannar","John Deere",19.9113432835821,877.316541353384,135.153059701493,144.721044776119,3.64706015037594,-1.15771721515279,1.31509634811518,-1.11851500073808,-1.16038181241284,0.0101803691264333,8.1136668963701
"Low","High","Low","Low","Medium","Mpumalanga","Irrigated","Pannar","John Deere",19.9113432835821,877.316541353384,135.153059701493,144.721044776119,3.64706015037594,-1.15771721515279,1.31509634811518,-1.11851500073808,-1.16038181241284,0.0101803691264333,7.20482860855927
"Low","High","Low","Low","Medium","North West","Irrigated","Pannar","John Deere",19.9113432835821,877.316541353384,135.153059701493,144.721044776119,3.64706015037594,-1.15771721515279,1.31509634811518,-1.11851500073808,-1.16038181241284,0.0101803691264333,7.2983240186341
"Low","High","Low","Low","Medium","Free State","Rainfed","Dekalb","John Deere",19.9113432835821,877.316541353384,135.153059701493,144.721044776119,3.64706015037594,-1.15771721515279,1.31509634811518,-1.11851500073808,-1.16038181241284,0.0101803691264333,7.03159727743798
"Low","High","Low","Low","Medium","Mpumalanga","Rainfed","Dekalb","John Deere",19.9113432835821,877.316541353384,135.153059701493,144.721044776119,3.64706015037594,-1.15771721515279,1.31509634811518,-1.11851500073808,-1.16038181241284,0.0101803691264333,8.09321371970985
"Low","High","Low","Low","Medium","North West","Rainfed","Dekalb","John Deere",19.9113432835821,877.316541353384,135.153059701493,144.721044776119,3.64706015037594,-1.15771721515279,1.31509634811518,-1.11851500073808,-1.16038181241284,0.0101803691264333,7.23408042119188
"Low","High","Low","Low","Medium","Free State","Irrigated","Dekalb","John Deere",19.9113432835821,877.316541353384,135.153059701493,144.721044776119,3.64706015037594,-1.15771721515279,1.31509634811518,-1.11851500073808,-1.16038181241284,0.0101803691264333,7.85329725733935
"Low","High","Low","Low","Medium","Mpumalanga","Irrigated","Dekalb","John Deere",19.9113432835821,877.316541353384,135.153059701493,144.721044776119,3.64706015037594,-1.15771721515279,1.31509634811518,-1.11851500073808,-1.16038181241284,0.0101803691264333,8.00480990987035
"Low","High","Low","Low","Medium","North West","Irrigated","Dekalb","John Deere",19.9113432835821,877.316541353384,135.153059701493,144.721044776119,3.64706015037594,-1.15771721515279,1.31509634811518,-1.11851500073808,-1.16038181241284,0.0101803691264333,8.61825182817484
"Low","High","Low","Low","Medium","Free State","Rainfed","Pioneer","John Deere",19.9113432835821,877.316541353384,135.153059701493,144.721044776119,3.64706015037594,-1.15771721515279,1.31509634811518,-1.11851500073808,-1.16038181241284,0.0101803691264333,7.52625264259227
"Low","High","Low","Low","Medium","Mpumalanga","Rainfed","Pioneer","John Deere",19.9113432835821,877.316541353384,135.153059701493,144.721044776119,3.64706015037594,-1.15771721515279,1.31509634811518,-1.11851500073808,-1.16038181241284,0.0101803691264333,7.32187454685188
"Low","High","Low","Low","Medium","North West","Rainfed","Pioneer","John Deere",19.9113432835821,877.316541353384,135.153059701493,144.721044776119,3.64706015037594,-1.15771721515279,1.31509634811518,-1.11851500073808,-1.16038181241284,0.0101803691264333,6.68520300588683
"Low","High","Low","Low","Medium","Free State","Irrigated","Pioneer","John Deere",19.9113432835821,877.316541353384,135.153059701493,144.721044776119,3.64706015037594,-1.15771721515279,1.31509634811518,-1.11851500073808,-1.16038181241284,0.0101803691264333,7.65079694553451
"Low","High","Low","Low","Medium","Mpumalanga","Irrigated","Pioneer","John Deere",19.9113432835821,877.316541353384,135.153059701493,144.721044776119,3.64706015037594,-1.15771721515279,1.31509634811518,-1.11851500073808,-1.16038181241284,0.0101803691264333,8.21152353791318
"Low","High","Low","Low","Medium","North West","Irrigated","Pioneer","John Deere",19.9113432835821,877.316541353384,135.153059701493,144.721044776119,3.64706015037594,-1.15771721515279,1.31509634811518,-1.11851500073808,-1.16038181241284,0.0101803691264333,7.63734980567506
"Low","High","Low","Low","Medium","Free State","Rainfed","Pannar","New Holland",19.9113432835821,877.316541353384,135.153059701493,144.721044776119,3.64706015037594,-1.15771721515279,1.31509634811518,-1.11851500073808,-1.16038181241284,0.0101803691264333,6.42836342826047
"Low","High","Low","Low","Medium","Mpumalanga","Rainfed","Pannar","New Holland",19.9113432835821,877.316541353384,135.153059701493,144.721044776119,3.64706015037594,-1.15771721515279,1.31509634811518,-1.11851500073808,-1.16038181241284,0.0101803691264333,7.46416331452525
"Low","High","Low","Low","High","Free State","Rainfed","Pannar","John Deere",19.9113432835821,877.316541353384,135.153059701493,144.721044776119,3.92764661654135,-1.15771721515279,1.31509634811518,-1.11851500073808,-1.16038181241284,1.2989009578967,7.37541765443079
"Low","High","Low","Low","High","Mpumalanga","Rainfed","Pannar","John Deere",19.9113432835821,877.316541353384,135.153059701493,144.721044776119,3.92764661654135,-1.15771721515279,1.31509634811518,-1.11851500073808,-1.16038181241284,1.2989009578967,7.49706482857135
"Low","High","Low","Low","High","North West","Rainfed","Pannar","John Deere",19.9113432835821,877.316541353384,135.153059701493,144.721044776119,3.92764661654135,-1.15771721515279,1.31509634811518,-1.11851500073808,-1.16038181241284,1.2989009578967,7.27344922970405
"Low","High","Low","Low","High","Free State","Irrigated","Pannar","John Deere",19.9113432835821,877.316541353384,135.153059701493,144.721044776119,3.92764661654135,-1.15771721515279,1.31509634811518,-1.11851500073808,-1.16038181241284,1.2989009578967,6.84491352639429
"Low","High","Low","Low","High","Mpumalanga","Irrigated","Pannar","John Deere",19.9113432835821,877.316541353384,135.153059701493,144.721044776119,3.92764661654135,-1.15771721515279,1.31509634811518,-1.11851500073808,-1.16038181241284,1.2989009578967,7.29628710000173
"Low","High","Low","Low","High","North West","Irrigated","Pannar","John Deere",19.9113432835821,877.316541353384,135.153059701493,144.721044776119,3.92764661654135,-1.15771721515279,1.31509634811518,-1.11851500073808,-1.16038181241284,1.2989009578967,7.33697967237841
"Low","High","Low","Low","High","Free State","Rainfed","Dekalb","John Deere",19.9113432835821,877.316541353384,135.153059701493,144.721044776119,3.92764661654135,-1.15771721515279,1.31509634811518,-1.11851500073808,-1.16038181241284,1.2989009578967,8.48531110074803
"Low","High","Low","Low","High","Mpumalanga","Rainfed","Dekalb","John Deere",19.9113432835821,877.316541353384,135.153059701493,144.721044776119,3.92764661654135,-1.15771721515279,1.31509634811518,-1.11851500073808,-1.16038181241284,1.2989009578967,7.38494836645353
"Low","High","Low","Low","High","North West","Rainfed","Dekalb","John Deere",19.9113432835821,877.316541353384,135.153059701493,144.721044776119,3.92764661654135,-1.15771721515279,1.31509634811518,-1.11851500073808,-1.16038181241284,1.2989009578967,7.19601845144488
"Low","High","Low","Low","High","Free State","Irrigated","Dekalb","John Deere",19.9113432835821,877.316541353384,135.153059701493,144.721044776119,3.92764661654135,-1.15771721515279,1.31509634811518,-1.11851500073808,-1.16038181241284,1.2989009578967,7.23562188003711
"Low","High","Low","Low","High","Mpumalanga","Irrigated","Dekalb","John Deere",19.9113432835821,877.316541353384,135.153059701493,144.721044776119,3.92764661654135,-1.15771721515279,1.31509634811518,-1.11851500073808,-1.16038181241284,1.2989009578967,7.55046511822823
"Low","High","Low","Low","High","North West","Irrigated","Dekalb","John Deere",19.9113432835821,877.316541353384,135.153059701493,144.721044776119,3.92764661654135,-1.15771721515279,1.31509634811518,-1.11851500073808,-1.16038181241284,1.2989009578967,7.94193092151828
"Low","High","Low","Low","High","Free State","Rainfed","Pioneer","John Deere",19.9113432835821,877.316541353384,135.153059701493,144.721044776119,3.92764661654135,-1.15771721515279,1.31509634811518,-1.11851500073808,-1.16038181241284,1.2989009578967,6.7309912454003
"Low","High","Low","Low","High","Mpumalanga","Rainfed","Pioneer","John Deere",19.9113432835821,877.316541353384,135.153059701493,144.721044776119,3.92764661654135,-1.15771721515279,1.31509634811518,-1.11851500073808,-1.16038181241284,1.2989009578967,7.7741391045064
"Low","High","Low","Low","High","North West","Rainfed","Pioneer","John Deere",19.9113432835821,877.316541353384,135.153059701493,144.721044776119,3.92764661654135,-1.15771721515279,1.31509634811518,-1.11851500073808,-1.16038181241284,1.2989009578967,6.73817634280384
"Low","High","Low","Low","High","Free State","Irrigated","Pioneer","John Deere",19.9113432835821,877.316541353384,135.153059701493,144.721044776119,3.92764661654135,-1.15771721515279,1.31509634811518,-1.11851500073808,-1.16038181241284,1.2989009578967,7.30184401684356
"Low","High","Low","Low","High","Mpumalanga","Irrigated","Pioneer","John Deere",19.9113432835821,877.316541353384,135.153059701493,144.721044776119,3.92764661654135,-1.15771721515279,1.31509634811518,-1.11851500073808,-1.16038181241284,1.2989009578967,7.14165648701322
"Low","High","Low","Low","High","North West","Irrigated","Pioneer","John Deere",19.9113432835821,877.316541353384,135.153059701493,144.721044776119,3.92764661654135,-1.15771721515279,1.31509634811518,-1.11851500073808,-1.16038181241284,1.2989009578967,8.08943988254663
"Low","High","Low","Low","High","Free State","Rainfed","Pannar","New Holland",19.9113432835821,877.316541353384,135.153059701493,144.721044776119,3.92764661654135,-1.15771721515279,1.31509634811518,-1.11851500073808,-1.16038181241284,1.2989009578967,7.26850099974161
"Low","High","Low","Low","High","Mpumalanga","Rainfed","Pannar","New Holland",19.9113432835821,877.316541353384,135.153059701493,144.721044776119,3.92764661654135,-1.15771721515279,1.31509634811518,-1.11851500073808,-1.16038181241284,1.2989009578967,6.09728139790519
"Low","High","Low","Medium","Low","Free State","Rainfed","Pannar","John Deere",19.9113432835821,877.316541353384,135.153059701493,200.322781954887,3.38760447761194,-1.15771721515279,1.31509634811518,-1.11851500073808,-0.189510256158578,-1.18148746836324,6.29969546005363
"Low","High","Low","Medium","Low","Mpumalanga","Rainfed","Pannar","John Deere",19.9113432835821,877.316541353384,135.153059701493,200.322781954887,3.38760447761194,-1.15771721515279,1.31509634811518,-1.11851500073808,-0.189510256158578,-1.18148746836324,7.3966412951243
"Low","High","Low","Medium","Low","North West","Rainfed","Pannar","John Deere",19.9113432835821,877.316541353384,135.153059701493,200.322781954887,3.38760447761194,-1.15771721515279,1.31509634811518,-1.11851500073808,-0.189510256158578,-1.18148746836324,7.81176152565334
"Low","High","Low","Medium","Low","Free State","Irrigated","Pannar","John Deere",19.9113432835821,877.316541353384,135.153059701493,200.322781954887,3.38760447761194,-1.15771721515279,1.31509634811518,-1.11851500073808,-0.189510256158578,-1.18148746836324,6.93713022878837
"Low","High","Low","Medium","Low","Mpumalanga","Irrigated","Pannar","John Deere",19.9113432835821,877.316541353384,135.153059701493,200.322781954887,3.38760447761194,-1.15771721515279,1.31509634811518,-1.11851500073808,-0.189510256158578,-1.18148746836324,6.51134249640995
"Low","High","Low","Medium","Low","North West","Irrigated","Pannar","John Deere",19.9113432835821,877.316541353384,135.153059701493,200.322781954887,3.38760447761194,-1.15771721515279,1.31509634811518,-1.11851500073808,-0.189510256158578,-1.18148746836324,7.4004423557549
"Low","High","Low","Medium","Low","Free State","Rainfed","Dekalb","John Deere",19.9113432835821,877.316541353384,135.153059701493,200.322781954887,3.38760447761194,-1.15771721515279,1.31509634811518,-1.11851500073808,-0.189510256158578,-1.18148746836324,8.15049294563941
"Low","High","Low","Medium","Low","Mpumalanga","Rainfed","Dekalb","John Deere",19.9113432835821,877.316541353384,135.153059701493,200.322781954887,3.38760447761194,-1.15771721515279,1.31509634811518,-1.11851500073808,-0.189510256158578,-1.18148746836324,7.0821944189123
"Low","High","Low","Medium","Low","North West","Rainfed","Dekalb","John Deere",19.9113432835821,877.316541353384,135.153059701493,200.322781954887,3.38760447761194,-1.15771721515279,1.31509634811518,-1.11851500073808,-0.189510256158578,-1.18148746836324,6.87352996612348
"Low","High","Low","Medium","Low","Free State","Irrigated","Dekalb","John Deere",19.9113432835821,877.316541353384,135.153059701493,200.322781954887,3.38760447761194,-1.15771721515279,1.31509634811518,-1.11851500073808,-0.189510256158578,-1.18148746836324,8.57718635447771
"Low","High","Low","Medium","Low","Mpumalanga","Irrigated","Dekalb","John Deere",19.9113432835821,877.316541353384,135.153059701493,200.322781954887,3.38760447761194,-1.15771721515279,1.31509634811518,-1.11851500073808,-0.189510256158578,-1.18148746836324,7.63669536875923
"Low","High","Low","Medium","Low","North West","Irrigated","Dekalb","John Deere",19.9113432835821,877.316541353384,135.153059701493,200.322781954887,3.38760447761194,-1.15771721515279,1.31509634811518,-1.11851500073808,-0.189510256158578,-1.18148746836324,7.55803524445243
"Low","High","Low","Medium","Low","Free State","Rainfed","Pioneer","John Deere",19.9113432835821,877.316541353384,135.153059701493,200.322781954887,3.38760447761194,-1.15771721515279,1.31509634811518,-1.11851500073808,-0.189510256158578,-1.18148746836324,6.95398701287087
"Low","High","Low","Medium","Low","Mpumalanga","Rainfed","Pioneer","John Deere",19.9113432835821,877.316541353384,135.153059701493,200.322781954887,3.38760447761194,-1.15771721515279,1.31509634811518,-1.11851500073808,-0.189510256158578,-1.18148746836324,6.84562025077191
"Low","High","Low","Medium","Low","North West","Rainfed","Pioneer","John Deere",19.9113432835821,877.316541353384,135.153059701493,200.322781954887,3.38760447761194,-1.15771721515279,1.31509634811518,-1.11851500073808,-0.189510256158578,-1.18148746836324,7.17672390214082
"Low","High","Low","Medium","Low","Free State","Irrigated","Pioneer","John Deere",19.9113432835821,877.316541353384,135.153059701493,200.322781954887,3.38760447761194,-1.15771721515279,1.31509634811518,-1.11851500073808,-0.189510256158578,-1.18148746836324,8.19562811898626
"Low","High","Low","Medium","Low","Mpumalanga","Irrigated","Pioneer","John Deere",19.9113432835821,877.316541353384,135.153059701493,200.322781954887,3.38760447761194,-1.15771721515279,1.31509634811518,-1.11851500073808,-0.189510256158578,-1.18148746836324,7.14770205593075
"Low","High","Low","Medium","Low","North West","Irrigated","Pioneer","John Deere",19.9113432835821,877.316541353384,135.153059701493,200.322781954887,3.38760447761194,-1.15771721515279,1.31509634811518,-1.11851500073808,-0.189510256158578,-1.18148746836324,6.77740535327395
"Low","High","Low","Medium","Low","Free State","Rainfed","Pannar","New Holland",19.9113432835821,877.316541353384,135.153059701493,200.322781954887,3.38760447761194,-1.15771721515279,1.31509634811518,-1.11851500073808,-0.189510256158578,-1.18148746836324,7.35984034255833
"Low","High","Low","Medium","Low","Mpumalanga","Rainfed","Pannar","New Holland",19.9113432835821,877.316541353384,135.153059701493,200.322781954887,3.38760447761194,-1.15771721515279,1.31509634811518,-1.11851500073808,-0.189510256158578,-1.18148746836324,7.81659083933746
"Low","High","Low","Medium","Medium","Free State","Rainfed","Pannar","John Deere",19.9113432835821,877.316541353384,135.153059701493,200.322781954887,3.64706015037594,-1.15771721515279,1.31509634811518,-1.11851500073808,-0.189510256158578,0.0101803691264333,6.89093793739861
"Low","High","Low","Medium","Medium","Mpumalanga","Rainfed","Pannar","John Deere",19.9113432835821,877.316541353384,135.153059701493,200.322781954887,3.64706015037594,-1.15771721515279,1.31509634811518,-1.11851500073808,-0.189510256158578,0.0101803691264333,7.52706562238338
"Low","High","Low","Medium","Medium","North West","Rainfed","Pannar","John Deere",19.9113432835821,877.316541353384,135.153059701493,200.322781954887,3.64706015037594,-1.15771721515279,1.31509634811518,-1.11851500073808,-0.189510256158578,0.0101803691264333,7.02051489162879
"Low","High","Low","Medium","Medium","Free State","Irrigated","Pannar","John Deere",19.9113432835821,877.316541353384,135.153059701493,200.322781954887,3.64706015037594,-1.15771721515279,1.31509634811518,-1.11851500073808,-0.189510256158578,0.0101803691264333,6.87307865115429
"Low","High","Low","Medium","Medium","Mpumalanga","Irrigated","Pannar","John Deere",19.9113432835821,877.316541353384,135.153059701493,200.322781954887,3.64706015037594,-1.15771721515279,1.31509634811518,-1.11851500073808,-0.189510256158578,0.0101803691264333,7.43365659374741
"Low","High","Low","Medium","Medium","North West","Irrigated","Pannar","John Deere",19.9113432835821,877.316541353384,135.153059701493,200.322781954887,3.64706015037594,-1.15771721515279,1.31509634811518,-1.11851500073808,-0.189510256158578,0.0101803691264333,7.95777744595443
"Low","High","Low","Medium","Medium","Free State","Rainfed","Dekalb","John Deere",19.9113432835821,877.316541353384,135.153059701493,200.322781954887,3.64706015037594,-1.15771721515279,1.31509634811518,-1.11851500073808,-0.189510256158578,0.0101803691264333,8.00548730602365
"Low","High","Low","Medium","Medium","Mpumalanga","Rainfed","Dekalb","John Deere",19.9113432835821,877.316541353384,135.153059701493,200.322781954887,3.64706015037594,-1.15771721515279,1.31509634811518,-1.11851500073808,-0.189510256158578,0.0101803691264333,7.79871946901371
"Low","High","Low","Medium","Medium","North West","Rainfed","Dekalb","John Deere",19.9113432835821,877.316541353384,135.153059701493,200.322781954887,3.64706015037594,-1.15771721515279,1.31509634811518,-1.11851500073808,-0.189510256158578,0.0101803691264333,7.67444278624088
"Low","High","Low","Medium","Medium","Free State","Irrigated","Dekalb","John Deere",19.9113432835821,877.316541353384,135.153059701493,200.322781954887,3.64706015037594,-1.15771721515279,1.31509634811518,-1.11851500073808,-0.189510256158578,0.0101803691264333,8.22530868065589
"Low","High","Low","Medium","Medium","Mpumalanga","Irrigated","Dekalb","John Deere",19.9113432835821,877.316541353384,135.153059701493,200.322781954887,3.64706015037594,-1.15771721515279,1.31509634811518,-1.11851500073808,-0.189510256158578,0.0101803691264333,8.05455407457979
"Low","High","Low","Medium","Medium","North West","Irrigated","Dekalb","John Deere",19.9113432835821,877.316541353384,135.153059701493,200.322781954887,3.64706015037594,-1.15771721515279,1.31509634811518,-1.11851500073808,-0.189510256158578,0.0101803691264333,7.76352590967064
"Low","High","Low","Medium","Medium","Free State","Rainfed","Pioneer","John Deere",19.9113432835821,877.316541353384,135.153059701493,200.322781954887,3.64706015037594,-1.15771721515279,1.31509634811518,-1.11851500073808,-0.189510256158578,0.0101803691264333,7.46844338712646
"Low","High","Low","Medium","Medium","Mpumalanga","Rainfed","Pioneer","John Deere",19.9113432835821,877.316541353384,135.153059701493,200.322781954887,3.64706015037594,-1.15771721515279,1.31509634811518,-1.11851500073808,-0.189510256158578,0.0101803691264333,7.2740521079077
"Low","High","Low","Medium","Medium","North West","Rainfed","Pioneer","John Deere",19.9113432835821,877.316541353384,135.153059701493,200.322781954887,3.64706015037594,-1.15771721515279,1.31509634811518,-1.11851500073808,-0.189510256158578,0.0101803691264333,8.12575849153598
"Low","High","Low","Medium","Medium","Free State","Irrigated","Pioneer","John Deere",19.9113432835821,877.316541353384,135.153059701493,200.322781954887,3.64706015037594,-1.15771721515279,1.31509634811518,-1.11851500073808,-0.189510256158578,0.0101803691264333,7.83802252570118
"Low","High","Low","Medium","Medium","Mpumalanga","Irrigated","Pioneer","John Deere",19.9113432835821,877.316541353384,135.153059701493,200.322781954887,3.64706015037594,-1.15771721515279,1.31509634811518,-1.11851500073808,-0.189510256158578,0.0101803691264333,7.8044444709892
"Low","High","Low","Medium","Medium","North West","Irrigated","Pioneer","John Deere",19.9113432835821,877.316541353384,135.153059701493,200.322781954887,3.64706015037594,-1.15771721515279,1.31509634811518,-1.11851500073808,-0.189510256158578,0.0101803691264333,8.37847193932645
"Low","High","Low","Medium","Medium","Free State","Rainfed","Pannar","New Holland",19.9113432835821,877.316541353384,135.153059701493,200.322781954887,3.64706015037594,-1.15771721515279,1.31509634811518,-1.11851500073808,-0.189510256158578,0.0101803691264333,6.22023277867732
"Low","High","Low","Medium","Medium","Mpumalanga","Rainfed","Pannar","New Holland",19.9113432835821,877.316541353384,135.153059701493,200.322781954887,3.64706015037594,-1.15771721515279,1.31509634811518,-1.11851500073808,-0.189510256158578,0.0101803691264333,7.34011954182327
"Low","High","Low","Medium","High","Free State","Rainfed","Pannar","John Deere",19.9113432835821,877.316541353384,135.153059701493,200.322781954887,3.92764661654135,-1.15771721515279,1.31509634811518,-1.11851500073808,-0.189510256158578,1.2989009578967,6.58020433470873
"Low","High","Low","Medium","High","Mpumalanga","Rainfed","Pannar","John Deere",19.9113432835821,877.316541353384,135.153059701493,200.322781954887,3.92764661654135,-1.15771721515279,1.31509634811518,-1.11851500073808,-0.189510256158578,1.2989009578967,7.71139688710084
"Low","High","Low","Medium","High","North West","Rainfed","Pannar","John Deere",19.9113432835821,877.316541353384,135.153059701493,200.322781954887,3.92764661654135,-1.15771721515279,1.31509634811518,-1.11851500073808,-0.189510256158578,1.2989009578967,7.44771224976531
"Low","High","Low","Medium","High","Free State","Irrigated","Pannar","John Deere",19.9113432835821,877.316541353384,135.153059701493,200.322781954887,3.92764661654135,-1.15771721515279,1.31509634811518,-1.11851500073808,-0.189510256158578,1.2989009578967,7.8361389556423
"Low","High","Low","Medium","High","Mpumalanga","Irrigated","Pannar","John Deere",19.9113432835821,877.316541353384,135.153059701493,200.322781954887,3.92764661654135,-1.15771721515279,1.31509634811518,-1.11851500073808,-0.189510256158578,1.2989009578967,6.70586291395272
"Low","High","Low","Medium","High","North West","Irrigated","Pannar","John Deere",19.9113432835821,877.316541353384,135.153059701493,200.322781954887,3.92764661654135,-1.15771721515279,1.31509634811518,-1.11851500073808,-0.189510256158578,1.2989009578967,7.00840002365029
"Low","High","Low","Medium","High","Free State","Rainfed","Dekalb","John Deere",19.9113432835821,877.316541353384,135.153059701493,200.322781954887,3.92764661654135,-1.15771721515279,1.31509634811518,-1.11851500073808,-0.189510256158578,1.2989009578967,8.70285746779463
"Low","High","Low","Medium","High","Mpumalanga","Rainfed","Dekalb","John Deere",19.9113432835821,877.316541353384,135.153059701493,200.322781954887,3.92764661654135,-1.15771721515279,1.31509634811518,-1.11851500073808,-0.189510256158578,1.2989009578967,7.71187531680423
"Low","High","Low","Medium","High","North West","Rainfed","Dekalb","John Deere",19.9113432835821,877.316541353384,135.153059701493,200.322781954887,3.92764661654135,-1.15771721515279,1.31509634811518,-1.11851500073808,-0.189510256158578,1.2989009578967,6.88536926288945
"Low","High","Low","Medium","High","Free State","Irrigated","Dekalb","John Deere",19.9113432835821,877.316541353384,135.153059701493,200.322781954887,3.92764661654135,-1.15771721515279,1.31509634811518,-1.11851500073808,-0.189510256158578,1.2989009578967,8.01590495386568
"Low","High","Low","Medium","High","Mpumalanga","Irrigated","Dekalb","John Deere",19.9113432835821,877.316541353384,135.153059701493,200.322781954887,3.92764661654135,-1.15771721515279,1.31509634811518,-1.11851500073808,-0.189510256158578,1.2989009578967,7.95146074663647
"Low","High","Low","Medium","High","North West","Irrigated","Dekalb","John Deere",19.9113432835821,877.316541353384,135.153059701493,200.322781954887,3.92764661654135,-1.15771721515279,1.31509634811518,-1.11851500073808,-0.189510256158578,1.2989009578967,9.03037081331554
"Low","High","Low","Medium","High","Free State","Rainfed","Pioneer","John Deere",19.9113432835821,877.316541353384,135.153059701493,200.322781954887,3.92764661654135,-1.15771721515279,1.31509634811518,-1.11851500073808,-0.189510256158578,1.2989009578967,7.20641652311426
"Low","High","Low","Medium","High","Mpumalanga","Rainfed","Pioneer","John Deere",19.9113432835821,877.316541353384,135.153059701493,200.322781954887,3.92764661654135,-1.15771721515279,1.31509634811518,-1.11851500073808,-0.189510256158578,1.2989009578967,8.14478609703295
"Low","High","Low","Medium","High","North West","Rainfed","Pioneer","John Deere",19.9113432835821,877.316541353384,135.153059701493,200.322781954887,3.92764661654135,-1.15771721515279,1.31509634811518,-1.11851500073808,-0.189510256158578,1.2989009578967,7.36565963626783
"Low","High","Low","Medium","High","Free State","Irrigated","Pioneer","John Deere",19.9113432835821,877.316541353384,135.153059701493,200.322781954887,3.92764661654135,-1.15771721515279,1.31509634811518,-1.11851500073808,-0.189510256158578,1.2989009578967,7.27435167353332
"Low","High","Low","Medium","High","Mpumalanga","Irrigated","Pioneer","John Deere",19.9113432835821,877.316541353384,135.153059701493,200.322781954887,3.92764661654135,-1.15771721515279,1.31509634811518,-1.11851500073808,-0.189510256158578,1.2989009578967,7.98680689069895
"Low","High","Low","Medium","High","North West","Irrigated","Pioneer","John Deere",19.9113432835821,877.316541353384,135.153059701493,200.322781954887,3.92764661654135,-1.15771721515279,1.31509634811518,-1.11851500073808,-0.189510256158578,1.2989009578967,7.62501483785379
"Low","High","Low","Medium","High","Free State","Rainfed","Pannar","New Holland",19.9113432835821,877.316541353384,135.153059701493,200.322781954887,3.92764661654135,-1.15771721515279,1.31509634811518,-1.11851500073808,-0.189510256158578,1.2989009578967,7.36280655699092
"Low","High","Low","Medium","High","Mpumalanga","Rainfed","Pannar","New Holland",19.9113432835821,877.316541353384,135.153059701493,200.322781954887,3.92764661654135,-1.15771721515279,1.31509634811518,-1.11851500073808,-0.189510256158578,1.2989009578967,7.08857525938228
"Low","High","Low","High","Low","Free State","Rainfed","Pannar","John Deere",19.9113432835821,877.316541353384,135.153059701493,285.840977443609,3.38760447761194,-1.15771721515279,1.31509634811518,-1.11851500073808,1.30373775649338,-1.18148746836324,7.08086286577161
"Low","High","Low","High","Low","Mpumalanga","Rainfed","Pannar","John Deere",19.9113432835821,877.316541353384,135.153059701493,285.840977443609,3.38760447761194,-1.15771721515279,1.31509634811518,-1.11851500073808,1.30373775649338,-1.18148746836324,8.17753467404022
"Low","High","Low","High","Low","North West","Rainfed","Pannar","John Deere",19.9113432835821,877.316541353384,135.153059701493,285.840977443609,3.38760447761194,-1.15771721515279,1.31509634811518,-1.11851500073808,1.30373775649338,-1.18148746836324,6.65586704527788
"Low","High","Low","High","Low","Free State","Irrigated","Pannar","John Deere",19.9113432835821,877.316541353384,135.153059701493,285.840977443609,3.38760447761194,-1.15771721515279,1.31509634811518,-1.11851500073808,1.30373775649338,-1.18148746836324,7.01209032055238
"Low","High","Low","High","Low","Mpumalanga","Irrigated","Pannar","John Deere",19.9113432835821,877.316541353384,135.153059701493,285.840977443609,3.38760447761194,-1.15771721515279,1.31509634811518,-1.11851500073808,1.30373775649338,-1.18148746836324,7.26497843457501
"Low","High","Low","High","Low","North West","Irrigated","Pannar","John Deere",19.9113432835821,877.316541353384,135.153059701493,285.840977443609,3.38760447761194,-1.15771721515279,1.31509634811518,-1.11851500073808,1.30373775649338,-1.18148746836324,7.47707376577378
"Low","High","Low","High","Low","Free State","Rainfed","Dekalb","John Deere",19.9113432835821,877.316541353384,135.153059701493,285.840977443609,3.38760447761194,-1.15771721515279,1.31509634811518,-1.11851500073808,1.30373775649338,-1.18148746836324,7.18429967607295
"Low","High","Low","High","Low","Mpumalanga","Rainfed","Dekalb","John Deere",19.9113432835821,877.316541353384,135.153059701493,285.840977443609,3.38760447761194,-1.15771721515279,1.31509634811518,-1.11851500073808,1.30373775649338,-1.18148746836324,8.14133532887836
"Low","High","Low","High","Low","North West","Rainfed","Dekalb","John Deere",19.9113432835821,877.316541353384,135.153059701493,285.840977443609,3.38760447761194,-1.15771721515279,1.31509634811518,-1.11851500073808,1.30373775649338,-1.18148746836324,7.42462505043267
"Low","High","Low","High","Low","Free State","Irrigated","Dekalb","John Deere",19.9113432835821,877.316541353384,135.153059701493,285.840977443609,3.38760447761194,-1.15771721515279,1.31509634811518,-1.11851500073808,1.30373775649338,-1.18148746836324,8.0582017327754
"Low","High","Low","High","Low","Mpumalanga","Irrigated","Dekalb","John Deere",19.9113432835821,877.316541353384,135.153059701493,285.840977443609,3.38760447761194,-1.15771721515279,1.31509634811518,-1.11851500073808,1.30373775649338,-1.18148746836324,7.76958475751605
"Low","High","Low","High","Low","North West","Irrigated","Dekalb","John Deere",19.9113432835821,877.316541353384,135.153059701493,285.840977443609,3.38760447761194,-1.15771721515279,1.31509634811518,-1.11851500073808,1.30373775649338,-1.18148746836324,8.49470168009163
"Low","High","Low","High","Low","Free State","Rainfed","Pioneer","John Deere",19.9113432835821,877.316541353384,135.153059701493,285.840977443609,3.38760447761194,-1.15771721515279,1.31509634811518,-1.11851500073808,1.30373775649338,-1.18148746836324,7.74773462691371
"Low","High","Low","High","Low","Mpumalanga","Rainfed","Pioneer","John Deere",19.9113432835821,877.316541353384,135.153059701493,285.840977443609,3.38760447761194,-1.15771721515279,1.31509634811518,-1.11851500073808,1.30373775649338,-1.18148746836324,7.31931819571748
"Low","High","Low","High","Low","North West","Rainfed","Pioneer","John Deere",19.9113432835821,877.316541353384,135.153059701493,285.840977443609,3.38760447761194,-1.15771721515279,1.31509634811518,-1.11851500073808,1.30373775649338,-1.18148746836324,7.6604437724837
"Low","High","Low","High","Low","Free State","Irrigated","Pioneer","John Deere",19.9113432835821,877.316541353384,135.153059701493,285.840977443609,3.38760447761194,-1.15771721515279,1.31509634811518,-1.11851500073808,1.30373775649338,-1.18148746836324,7.61274320044394
"Low","High","Low","High","Low","Mpumalanga","Irrigated","Pioneer","John Deere",19.9113432835821,877.316541353384,135.153059701493,285.840977443609,3.38760447761194,-1.15771721515279,1.31509634811518,-1.11851500073808,1.30373775649338,-1.18148746836324,7.71391639678792
"Low","High","Low","High","Low","North West","Irrigated","Pioneer","John Deere",19.9113432835821,877.316541353384,135.153059701493,285.840977443609,3.38760447761194,-1.15771721515279,1.31509634811518,-1.11851500073808,1.30373775649338,-1.18148746836324,8.10626442388868
"Low","High","Low","High","Low","Free State","Rainfed","Pannar","New Holland",19.9113432835821,877.316541353384,135.153059701493,285.840977443609,3.38760447761194,-1.15771721515279,1.31509634811518,-1.11851500073808,1.30373775649338,-1.18148746836324,7.34009560174735
"Low","High","Low","High","Low","Mpumalanga","Rainfed","Pannar","New Holland",19.9113432835821,877.316541353384,135.153059701493,285.840977443609,3.38760447761194,-1.15771721515279,1.31509634811518,-1.11851500073808,1.30373775649338,-1.18148746836324,6.27300865677684
"Low","High","Low","High","Medium","Free State","Rainfed","Pannar","John Deere",19.9113432835821,877.316541353384,135.153059701493,285.840977443609,3.64706015037594,-1.15771721515279,1.31509634811518,-1.11851500073808,1.30373775649338,0.0101803691264333,7.92984103843582
"Low","High","Low","High","Medium","Mpumalanga","Rainfed","Pannar","John Deere",19.9113432835821,877.316541353384,135.153059701493,285.840977443609,3.64706015037594,-1.15771721515279,1.31509634811518,-1.11851500073808,1.30373775649338,0.0101803691264333,7.04710056242715
"Low","High","Low","High","Medium","North West","Rainfed","Pannar","John Deere",19.9113432835821,877.316541353384,135.153059701493,285.840977443609,3.64706015037594,-1.15771721515279,1.31509634811518,-1.11851500073808,1.30373775649338,0.0101803691264333,7.23811781741639
"Low","High","Low","High","Medium","Free State","Irrigated","Pannar","John Deere",19.9113432835821,877.316541353384,135.153059701493,285.840977443609,3.64706015037594,-1.15771721515279,1.31509634811518,-1.11851500073808,1.30373775649338,0.0101803691264333,7.74433048066062
"Low","High","Low","High","Medium","Mpumalanga","Irrigated","Pannar","John Deere",19.9113432835821,877.316541353384,135.153059701493,285.840977443609,3.64706015037594,-1.15771721515279,1.31509634811518,-1.11851500073808,1.30373775649338,0.0101803691264333,7.12824515402455
"Low","High","Low","High","Medium","North West","Irrigated","Pannar","John Deere",19.9113432835821,877.316541353384,135.153059701493,285.840977443609,3.64706015037594,-1.15771721515279,1.31509634811518,-1.11851500073808,1.30373775649338,0.0101803691264333,8.1250960998236
"Low","High","Low","High","Medium","Free State","Rainfed","Dekalb","John Deere",19.9113432835821,877.316541353384,135.153059701493,285.840977443609,3.64706015037594,-1.15771721515279,1.31509634811518,-1.11851500073808,1.30373775649338,0.0101803691264333,7.78621970084105
"Low","High","Low","High","Medium","Mpumalanga","Rainfed","Dekalb","John Deere",19.9113432835821,877.316541353384,135.153059701493,285.840977443609,3.64706015037594,-1.15771721515279,1.31509634811518,-1.11851500073808,1.30373775649338,0.0101803691264333,7.92158038270237
"Low","High","Low","High","Medium","North West","Rainfed","Dekalb","John Deere",19.9113432835821,877.316541353384,135.153059701493,285.840977443609,3.64706015037594,-1.15771721515279,1.31509634811518,-1.11851500073808,1.30373775649338,0.0101803691264333,7.67676260845692
"Low","High","Low","High","Medium","Free State","Irrigated","Dekalb","John Deere",19.9113432835821,877.316541353384,135.153059701493,285.840977443609,3.64706015037594,-1.15771721515279,1.31509634811518,-1.11851500073808,1.30373775649338,0.0101803691264333,8.52891681191794
"Low","High","Low","High","Medium","Mpumalanga","Irrigated","Dekalb","John Deere",19.9113432835821,877.316541353384,135.153059701493,285.840977443609,3.64706015037594,-1.15771721515279,1.31509634811518,-1.11851500073808,1.30373775649338,0.0101803691264333,8.48569497093559
"Low","High","Low","High","Medium","North West","Irrigated","Dekalb","John Deere",19.9113432835821,877.316541353384,135.153059701493,285.840977443609,3.64706015037594,-1.15771721515279,1.31509634811518,-1.11851500073808,1.30373775649338,0.0101803691264333,8.79718260918578
"Low","High","Low","High","Medium","Free State","Rainfed","Pioneer","John Deere",19.9113432835821,877.316541353384,135.153059701493,285.840977443609,3.64706015037594,-1.15771721515279,1.31509634811518,-1.11851500073808,1.30373775649338,0.0101803691264333,7.03457294942473
"Low","High","Low","High","Medium","Mpumalanga","Rainfed","Pioneer","John Deere",19.9113432835821,877.316541353384,135.153059701493,285.840977443609,3.64706015037594,-1.15771721515279,1.31509634811518,-1.11851500073808,1.30373775649338,0.0101803691264333,8.01300409085299
"Low","High","Low","High","Medium","North West","Rainfed","Pioneer","John Deere",19.9113432835821,877.316541353384,135.153059701493,285.840977443609,3.64706015037594,-1.15771721515279,1.31509634811518,-1.11851500073808,1.30373775649338,0.0101803691264333,7.38355801883881
"Low","High","Low","High","Medium","Free State","Irrigated","Pioneer","John Deere",19.9113432835821,877.316541353384,135.153059701493,285.840977443609,3.64706015037594,-1.15771721515279,1.31509634811518,-1.11851500073808,1.30373775649338,0.0101803691264333,7.25905303034851
"Low","High","Low","High","Medium","Mpumalanga","Irrigated","Pioneer","John Deere",19.9113432835821,877.316541353384,135.153059701493,285.840977443609,3.64706015037594,-1.15771721515279,1.31509634811518,-1.11851500073808,1.30373775649338,0.0101803691264333,7.66334531166273
"Low","High","Low","High","Medium","North West","Irrigated","Pioneer","John Deere",19.9113432835821,877.316541353384,135.153059701493,285.840977443609,3.64706015037594,-1.15771721515279,1.31509634811518,-1.11851500073808,1.30373775649338,0.0101803691264333,8.29699079814624
"Low","High","Low","High","Medium","Free State","Rainfed","Pannar","New Holland",19.9113432835821,877.316541353384,135.153059701493,285.840977443609,3.64706015037594,-1.15771721515279,1.31509634811518,-1.11851500073808,1.30373775649338,0.0101803691264333,6.60517718933814
"Low","High","Low","High","Medium","Mpumalanga","Rainfed","Pannar","New Holland",19.9113432835821,877.316541353384,135.153059701493,285.840977443609,3.64706015037594,-1.15771721515279,1.31509634811518,-1.11851500073808,1.30373775649338,0.0101803691264333,6.22177179728553
"Low","High","Medium","Low","Medium","Free State","Rainfed","Pannar","John Deere",19.9113432835821,877.316541353384,194.092857142857,144.721044776119,3.64706015037594,-1.15771721515279,1.31509634811518,-0.237733972419121,-1.16038181241284,0.0101803691264333,7.08353328222544
"Low","High","Medium","Low","Medium","Mpumalanga","Rainfed","Pannar","John Deere",19.9113432835821,877.316541353384,194.092857142857,144.721044776119,3.64706015037594,-1.15771721515279,1.31509634811518,-0.237733972419121,-1.16038181241284,0.0101803691264333,7.46936443350792
"Low","High","Medium","Low","Medium","North West","Rainfed","Pannar","John Deere",19.9113432835821,877.316541353384,194.092857142857,144.721044776119,3.64706015037594,-1.15771721515279,1.31509634811518,-0.237733972419121,-1.16038181241284,0.0101803691264333,7.69637446239894
"Low","High","Medium","Low","Medium","Free State","Irrigated","Pannar","John Deere",19.9113432835821,877.316541353384,194.092857142857,144.721044776119,3.64706015037594,-1.15771721515279,1.31509634811518,-0.237733972419121,-1.16038181241284,0.0101803691264333,6.85133017183604
"Low","High","Medium","Low","Medium","Mpumalanga","Irrigated","Pannar","John Deere",19.9113432835821,877.316541353384,194.092857142857,144.721044776119,3.64706015037594,-1.15771721515279,1.31509634811518,-0.237733972419121,-1.16038181241284,0.0101803691264333,7.94287486769122
"Low","High","Medium","Low","Medium","North West","Irrigated","Pannar","John Deere",19.9113432835821,877.316541353384,194.092857142857,144.721044776119,3.64706015037594,-1.15771721515279,1.31509634811518,-0.237733972419121,-1.16038181241284,0.0101803691264333,7.34516611206903
"Low","High","Medium","Low","Medium","Free State","Rainfed","Dekalb","John Deere",19.9113432835821,877.316541353384,194.092857142857,144.721044776119,3.64706015037594,-1.15771721515279,1.31509634811518,-0.237733972419121,-1.16038181241284,0.0101803691264333,7.29142052722827
"Low","High","Medium","Low","Medium","Mpumalanga","Rainfed","Dekalb","John Deere",19.9113432835821,877.316541353384,194.092857142857,144.721044776119,3.64706015037594,-1.15771721515279,1.31509634811518,-0.237733972419121,-1.16038181241284,0.0101803691264333,7.4831355491425
"Low","High","Medium","Low","Medium","North West","Rainfed","Dekalb","John Deere",19.9113432835821,877.316541353384,194.092857142857,144.721044776119,3.64706015037594,-1.15771721515279,1.31509634811518,-0.237733972419121,-1.16038181241284,0.0101803691264333,7.68312583792046
"Low","High","Medium","Low","Medium","Free State","Irrigated","Dekalb","John Deere",19.9113432835821,877.316541353384,194.092857142857,144.721044776119,3.64706015037594,-1.15771721515279,1.31509634811518,-0.237733972419121,-1.16038181241284,0.0101803691264333,8.15341378144925
"Low","High","Medium","Low","Medium","Mpumalanga","Irrigated","Dekalb","John Deere",19.9113432835821,877.316541353384,194.092857142857,144.721044776119,3.64706015037594,-1.15771721515279,1.31509634811518,-0.237733972419121,-1.16038181241284,0.0101803691264333,8.06847894286616
"Low","High","Medium","Low","Medium","North West","Irrigated","Dekalb","John Deere",19.9113432835821,877.316541353384,194.092857142857,144.721044776119,3.64706015037594,-1.15771721515279,1.31509634811518,-0.237733972419121,-1.16038181241284,0.0101803691264333,7.72808398274677
"Low","High","Medium","Low","Medium","Free State","Rainfed","Pioneer","John Deere",19.9113432835821,877.316541353384,194.092857142857,144.721044776119,3.64706015037594,-1.15771721515279,1.31509634811518,-0.237733972419121,-1.16038181241284,0.0101803691264333,7.52803419306234
"Low","High","Medium","Low","Medium","Mpumalanga","Rainfed","Pioneer","John Deere",19.9113432835821,877.316541353384,194.092857142857,144.721044776119,3.64706015037594,-1.15771721515279,1.31509634811518,-0.237733972419121,-1.16038181241284,0.0101803691264333,7.53240885856996
"Low","High","Medium","Low","Medium","North West","Rainfed","Pioneer","John Deere",19.9113432835821,877.316541353384,194.092857142857,144.721044776119,3.64706015037594,-1.15771721515279,1.31509634811518,-0.237733972419121,-1.16038181241284,0.0101803691264333,7.50213110519615
"Low","High","Medium","Low","Medium","Free State","Irrigated","Pioneer","John Deere",19.9113432835821,877.316541353384,194.092857142857,144.721044776119,3.64706015037594,-1.15771721515279,1.31509634811518,-0.237733972419121,-1.16038181241284,0.0101803691264333,7.89989166165465
"Low","High","Medium","Low","Medium","Mpumalanga","Irrigated","Pioneer","John Deere",19.9113432835821,877.316541353384,194.092857142857,144.721044776119,3.64706015037594,-1.15771721515279,1.31509634811518,-0.237733972419121,-1.16038181241284,0.0101803691264333,8.12725155545697
"Low","High","Medium","Low","Medium","North West","Irrigated","Pioneer","John Deere",19.9113432835821,877.316541353384,194.092857142857,144.721044776119,3.64706015037594,-1.15771721515279,1.31509634811518,-0.237733972419121,-1.16038181241284,0.0101803691264333,7.31178426259933
"Low","High","Medium","Low","Medium","Free State","Rainfed","Pannar","New Holland",19.9113432835821,877.316541353384,194.092857142857,144.721044776119,3.64706015037594,-1.15771721515279,1.31509634811518,-0.237733972419121,-1.16038181241284,0.0101803691264333,6.66752969454394
"Low","High","Medium","Low","Medium","Mpumalanga","Rainfed","Pannar","New Holland",19.9113432835821,877.316541353384,194.092857142857,144.721044776119,3.64706015037594,-1.15771721515279,1.31509634811518,-0.237733972419121,-1.16038181241284,0.0101803691264333,6.23564144867399
"Low","High","Medium","Low","High","Free State","Rainfed","Pannar","John Deere",19.9113432835821,877.316541353384,194.092857142857,144.721044776119,3.92764661654135,-1.15771721515279,1.31509634811518,-0.237733972419121,-1.16038181241284,1.2989009578967,6.88630204730736
"Low","High","Medium","Low","High","Mpumalanga","Rainfed","Pannar","John Deere",19.9113432835821,877.316541353384,194.092857142857,144.721044776119,3.92764661654135,-1.15771721515279,1.31509634811518,-0.237733972419121,-1.16038181241284,1.2989009578967,7.17635096823989
"Low","High","Medium","Low","High","North West","Rainfed","Pannar","John Deere",19.9113432835821,877.316541353384,194.092857142857,144.721044776119,3.92764661654135,-1.15771721515279,1.31509634811518,-0.237733972419121,-1.16038181241284,1.2989009578967,8.33741307708409
"Low","High","Medium","Low","High","Free State","Irrigated","Pannar","John Deere",19.9113432835821,877.316541353384,194.092857142857,144.721044776119,3.92764661654135,-1.15771721515279,1.31509634811518,-0.237733972419121,-1.16038181241284,1.2989009578967,7.75192324273192
"Low","High","Medium","Low","High","Mpumalanga","Irrigated","Pannar","John Deere",19.9113432835821,877.316541353384,194.092857142857,144.721044776119,3.92764661654135,-1.15771721515279,1.31509634811518,-0.237733972419121,-1.16038181241284,1.2989009578967,7.63852963229852
"Low","High","Medium","Low","High","North West","Irrigated","Pannar","John Deere",19.9113432835821,877.316541353384,194.092857142857,144.721044776119,3.92764661654135,-1.15771721515279,1.31509634811518,-0.237733972419121,-1.16038181241284,1.2989009578967,7.43559515658596
"Low","High","Medium","Low","High","Free State","Rainfed","Dekalb","John Deere",19.9113432835821,877.316541353384,194.092857142857,144.721044776119,3.92764661654135,-1.15771721515279,1.31509634811518,-0.237733972419121,-1.16038181241284,1.2989009578967,7.47168469757154
"Low","High","Medium","Low","High","Mpumalanga","Rainfed","Dekalb","John Deere",19.9113432835821,877.316541353384,194.092857142857,144.721044776119,3.92764661654135,-1.15771721515279,1.31509634811518,-0.237733972419121,-1.16038181241284,1.2989009578967,7.65182404013994
"Low","High","Medium","Low","High","North West","Rainfed","Dekalb","John Deere",19.9113432835821,877.316541353384,194.092857142857,144.721044776119,3.92764661654135,-1.15771721515279,1.31509634811518,-0.237733972419121,-1.16038181241284,1.2989009578967,8.46055729833952
"Low","High","Medium","Low","High","Free State","Irrigated","Dekalb","John Deere",19.9113432835821,877.316541353384,194.092857142857,144.721044776119,3.92764661654135,-1.15771721515279,1.31509634811518,-0.237733972419121,-1.16038181241284,1.2989009578967,8.84445693826636
"Low","High","Medium","Low","High","Mpumalanga","Irrigated","Dekalb","John Deere",19.9113432835821,877.316541353384,194.092857142857,144.721044776119,3.92764661654135,-1.15771721515279,1.31509634811518,-0.237733972419121,-1.16038181241284,1.2989009578967,8.11848631271766
"Low","High","Medium","Low","High","North West","Irrigated","Dekalb","John Deere",19.9113432835821,877.316541353384,194.092857142857,144.721044776119,3.92764661654135,-1.15771721515279,1.31509634811518,-0.237733972419121,-1.16038181241284,1.2989009578967,8.3207632998152
"Low","High","Medium","Low","High","Free State","Rainfed","Pioneer","John Deere",19.9113432835821,877.316541353384,194.092857142857,144.721044776119,3.92764661654135,-1.15771721515279,1.31509634811518,-0.237733972419121,-1.16038181241284,1.2989009578967,7.64452772727801
"Low","High","Medium","Low","High","Mpumalanga","Rainfed","Pioneer","John Deere",19.9113432835821,877.316541353384,194.092857142857,144.721044776119,3.92764661654135,-1.15771721515279,1.31509634811518,-0.237733972419121,-1.16038181241284,1.2989009578967,7.32449153269728
"Low","High","Medium","Low","High","North West","Rainfed","Pioneer","John Deere",19.9113432835821,877.316541353384,194.092857142857,144.721044776119,3.92764661654135,-1.15771721515279,1.31509634811518,-0.237733972419121,-1.16038181241284,1.2989009578967,7.45735756382987
"Low","High","Medium","Low","High","Free State","Irrigated","Pioneer","John Deere",19.9113432835821,877.316541353384,194.092857142857,144.721044776119,3.92764661654135,-1.15771721515279,1.31509634811518,-0.237733972419121,-1.16038181241284,1.2989009578967,8.18805759570056
"Low","High","Medium","Low","High","Mpumalanga","Irrigated","Pioneer","John Deere",19.9113432835821,877.316541353384,194.092857142857,144.721044776119,3.92764661654135,-1.15771721515279,1.31509634811518,-0.237733972419121,-1.16038181241284,1.2989009578967,8.72962263629327
"Low","High","Medium","Low","High","North West","Irrigated","Pioneer","John Deere",19.9113432835821,877.316541353384,194.092857142857,144.721044776119,3.92764661654135,-1.15771721515279,1.31509634811518,-0.237733972419121,-1.16038181241284,1.2989009578967,8.23559448726786
"Low","High","Medium","Low","High","Free State","Rainfed","Pannar","New Holland",19.9113432835821,877.316541353384,194.092857142857,144.721044776119,3.92764661654135,-1.15771721515279,1.31509634811518,-0.237733972419121,-1.16038181241284,1.2989009578967,7.54740144108318
"Low","High","Medium","Low","High","Mpumalanga","Rainfed","Pannar","New Holland",19.9113432835821,877.316541353384,194.092857142857,144.721044776119,3.92764661654135,-1.15771721515279,1.31509634811518,-0.237733972419121,-1.16038181241284,1.2989009578967,7.99889508584233
"Low","High","Medium","Medium","Low","Free State","Rainfed","Pannar","John Deere",19.9113432835821,877.316541353384,194.092857142857,200.322781954887,3.38760447761194,-1.15771721515279,1.31509634811518,-0.237733972419121,-0.189510256158578,-1.18148746836324,7.03000661534753
"Low","High","Medium","Medium","Low","Mpumalanga","Rainfed","Pannar","John Deere",19.9113432835821,877.316541353384,194.092857142857,200.322781954887,3.38760447761194,-1.15771721515279,1.31509634811518,-0.237733972419121,-0.189510256158578,-1.18148746836324,7.65395798341866
"Low","High","Medium","Medium","Low","North West","Rainfed","Pannar","John Deere",19.9113432835821,877.316541353384,194.092857142857,200.322781954887,3.38760447761194,-1.15771721515279,1.31509634811518,-0.237733972419121,-0.189510256158578,-1.18148746836324,6.99843412961422
"Low","High","Medium","Medium","Low","Free State","Irrigated","Pannar","John Deere",19.9113432835821,877.316541353384,194.092857142857,200.322781954887,3.38760447761194,-1.15771721515279,1.31509634811518,-0.237733972419121,-0.189510256158578,-1.18148746836324,6.73356707939279
"Low","High","Medium","Medium","Low","Mpumalanga","Irrigated","Pannar","John Deere",19.9113432835821,877.316541353384,194.092857142857,200.322781954887,3.38760447761194,-1.15771721515279,1.31509634811518,-0.237733972419121,-0.189510256158578,-1.18148746836324,6.99614829096735
"Low","High","Medium","Medium","Low","North West","Irrigated","Pannar","John Deere",19.9113432835821,877.316541353384,194.092857142857,200.322781954887,3.38760447761194,-1.15771721515279,1.31509634811518,-0.237733972419121,-0.189510256158578,-1.18148746836324,7.69025379767397
"Low","High","Medium","Medium","Low","Free State","Rainfed","Dekalb","John Deere",19.9113432835821,877.316541353384,194.092857142857,200.322781954887,3.38760447761194,-1.15771721515279,1.31509634811518,-0.237733972419121,-0.189510256158578,-1.18148746836324,8.24256014838525
"Low","High","Medium","Medium","Low","Mpumalanga","Rainfed","Dekalb","John Deere",19.9113432835821,877.316541353384,194.092857142857,200.322781954887,3.38760447761194,-1.15771721515279,1.31509634811518,-0.237733972419121,-0.189510256158578,-1.18148746836324,7.89240761984973
"Low","High","Medium","Medium","Low","North West","Rainfed","Dekalb","John Deere",19.9113432835821,877.316541353384,194.092857142857,200.322781954887,3.38760447761194,-1.15771721515279,1.31509634811518,-0.237733972419121,-0.189510256158578,-1.18148746836324,8.10268337000999
"Low","High","Medium","Medium","Low","Free State","Irrigated","Dekalb","John Deere",19.9113432835821,877.316541353384,194.092857142857,200.322781954887,3.38760447761194,-1.15771721515279,1.31509634811518,-0.237733972419121,-0.189510256158578,-1.18148746836324,9.22352445105233
"Low","High","Medium","Medium","Low","Mpumalanga","Irrigated","Dekalb","John Deere",19.9113432835821,877.316541353384,194.092857142857,200.322781954887,3.38760447761194,-1.15771721515279,1.31509634811518,-0.237733972419121,-0.189510256158578,-1.18148746836324,7.42068041103703
"Low","High","Medium","Medium","Low","North West","Irrigated","Dekalb","John Deere",19.9113432835821,877.316541353384,194.092857142857,200.322781954887,3.38760447761194,-1.15771721515279,1.31509634811518,-0.237733972419121,-0.189510256158578,-1.18148746836324,9.06783537207764
"Low","High","Medium","Medium","Low","Free State","Rainfed","Pioneer","John Deere",19.9113432835821,877.316541353384,194.092857142857,200.322781954887,3.38760447761194,-1.15771721515279,1.31509634811518,-0.237733972419121,-0.189510256158578,-1.18148746836324,7.87377826408762
"Low","High","Medium","Medium","Low","Mpumalanga","Rainfed","Pioneer","John Deere",19.9113432835821,877.316541353384,194.092857142857,200.322781954887,3.38760447761194,-1.15771721515279,1.31509634811518,-0.237733972419121,-0.189510256158578,-1.18148746836324,7.73554440462623
"Low","High","Medium","Medium","Low","North West","Rainfed","Pioneer","John Deere",19.9113432835821,877.316541353384,194.092857142857,200.322781954887,3.38760447761194,-1.15771721515279,1.31509634811518,-0.237733972419121,-0.189510256158578,-1.18148746836324,7.39882197394019
"Low","High","Medium","Medium","Low","Free State","Irrigated","Pioneer","John Deere",19.9113432835821,877.316541353384,194.092857142857,200.322781954887,3.38760447761194,-1.15771721515279,1.31509634811518,-0.237733972419121,-0.189510256158578,-1.18148746836324,8.35345581584177
"Low","High","Medium","Medium","Low","Mpumalanga","Irrigated","Pioneer","John Deere",19.9113432835821,877.316541353384,194.092857142857,200.322781954887,3.38760447761194,-1.15771721515279,1.31509634811518,-0.237733972419121,-0.189510256158578,-1.18148746836324,8.88800527360724
"Low","High","Medium","Medium","Low","North West","Irrigated","Pioneer","John Deere",19.9113432835821,877.316541353384,194.092857142857,200.322781954887,3.38760447761194,-1.15771721515279,1.31509634811518,-0.237733972419121,-0.189510256158578,-1.18148746836324,8.24943210245424
"Low","High","Medium","Medium","Low","Free State","Rainfed","Pannar","New Holland",19.9113432835821,877.316541353384,194.092857142857,200.322781954887,3.38760447761194,-1.15771721515279,1.31509634811518,-0.237733972419121,-0.189510256158578,-1.18148746836324,7.85754430434892
"Low","High","Medium","Medium","Low","Mpumalanga","Rainfed","Pannar","New Holland",19.9113432835821,877.316541353384,194.092857142857,200.322781954887,3.38760447761194,-1.15771721515279,1.31509634811518,-0.237733972419121,-0.189510256158578,-1.18148746836324,7.32152021579954
"Low","High","Medium","Medium","Medium","Free State","Rainfed","Pannar","John Deere",19.9113432835821,877.316541353384,194.092857142857,200.322781954887,3.64706015037594,-1.15771721515279,1.31509634811518,-0.237733972419121,-0.189510256158578,0.0101803691264333,7.31551886122079
"Low","High","Medium","Medium","Medium","Mpumalanga","Rainfed","Pannar","John Deere",19.9113432835821,877.316541353384,194.092857142857,200.322781954887,3.64706015037594,-1.15771721515279,1.31509634811518,-0.237733972419121,-0.189510256158578,0.0101803691264333,7.40455258660279
"Low","High","Medium","Medium","Medium","North West","Rainfed","Pannar","John Deere",19.9113432835821,877.316541353384,194.092857142857,200.322781954887,3.64706015037594,-1.15771721515279,1.31509634811518,-0.237733972419121,-0.189510256158578,0.0101803691264333,7.94528005864799
"Low","High","Medium","Medium","Medium","Free State","Irrigated","Pannar","John Deere",19.9113432835821,877.316541353384,194.092857142857,200.322781954887,3.64706015037594,-1.15771721515279,1.31509634811518,-0.237733972419121,-0.189510256158578,0.0101803691264333,7.16404045032643
"Low","High","Medium","Medium","Medium","Mpumalanga","Irrigated","Pannar","John Deere",19.9113432835821,877.316541353384,194.092857142857,200.322781954887,3.64706015037594,-1.15771721515279,1.31509634811518,-0.237733972419121,-0.189510256158578,0.0101803691264333,7.90644393899509
"Low","High","Medium","Medium","Medium","North West","Irrigated","Pannar","John Deere",19.9113432835821,877.316541353384,194.092857142857,200.322781954887,3.64706015037594,-1.15771721515279,1.31509634811518,-0.237733972419121,-0.189510256158578,0.0101803691264333,8.00276885977313
"Low","High","Medium","Medium","Medium","Free State","Rainfed","Dekalb","John Deere",19.9113432835821,877.316541353384,194.092857142857,200.322781954887,3.64706015037594,-1.15771721515279,1.31509634811518,-0.237733972419121,-0.189510256158578,0.0101803691264333,8.40528689827067
"Low","High","Medium","Medium","Medium","Mpumalanga","Rainfed","Dekalb","John Deere",19.9113432835821,877.316541353384,194.092857142857,200.322781954887,3.64706015037594,-1.15771721515279,1.31509634811518,-0.237733972419121,-0.189510256158578,0.0101803691264333,7.21724092135861
"Low","High","Medium","Medium","Medium","North West","Rainfed","Dekalb","John Deere",19.9113432835821,877.316541353384,194.092857142857,200.322781954887,3.64706015037594,-1.15771721515279,1.31509634811518,-0.237733972419121,-0.189510256158578,0.0101803691264333,7.75639034206923
"Low","High","Medium","Medium","Medium","Free State","Irrigated","Dekalb","John Deere",19.9113432835821,877.316541353384,194.092857142857,200.322781954887,3.64706015037594,-1.15771721515279,1.31509634811518,-0.237733972419121,-0.189510256158578,0.0101803691264333,8.65778121041066
"Low","High","Medium","Medium","Medium","Mpumalanga","Irrigated","Dekalb","John Deere",19.9113432835821,877.316541353384,194.092857142857,200.322781954887,3.64706015037594,-1.15771721515279,1.31509634811518,-0.237733972419121,-0.189510256158578,0.0101803691264333,7.64924194717464
"Low","High","Medium","Medium","Medium","North West","Irrigated","Dekalb","John Deere",19.9113432835821,877.316541353384,194.092857142857,200.322781954887,3.64706015037594,-1.15771721515279,1.31509634811518,-0.237733972419121,-0.189510256158578,0.0101803691264333,9.09810638189301
"Low","High","Medium","Medium","Medium","Free State","Rainfed","Pioneer","John Deere",19.9113432835821,877.316541353384,194.092857142857,200.322781954887,3.64706015037594,-1.15771721515279,1.31509634811518,-0.237733972419121,-0.189510256158578,0.0101803691264333,7.12145517825658
"Low","High","Medium","Medium","Medium","Mpumalanga","Rainfed","Pioneer","John Deere",19.9113432835821,877.316541353384,194.092857142857,200.322781954887,3.64706015037594,-1.15771721515279,1.31509634811518,-0.237733972419121,-0.189510256158578,0.0101803691264333,7.48794697346823
"Low","High","Medium","Medium","Medium","North West","Rainfed","Pioneer","John Deere",19.9113432835821,877.316541353384,194.092857142857,200.322781954887,3.64706015037594,-1.15771721515279,1.31509634811518,-0.237733972419121,-0.189510256158578,0.0101803691264333,8.18838444000381
"Low","High","Medium","Medium","Medium","Free State","Irrigated","Pioneer","John Deere",19.9113432835821,877.316541353384,194.092857142857,200.322781954887,3.64706015037594,-1.15771721515279,1.31509634811518,-0.237733972419121,-0.189510256158578,0.0101803691264333,8.79052325053588
"Low","High","Medium","Medium","Medium","Mpumalanga","Irrigated","Pioneer","John Deere",19.9113432835821,877.316541353384,194.092857142857,200.322781954887,3.64706015037594,-1.15771721515279,1.31509634811518,-0.237733972419121,-0.189510256158578,0.0101803691264333,7.42235322146518
"Low","High","Medium","Medium","Medium","North West","Irrigated","Pioneer","John Deere",19.9113432835821,877.316541353384,194.092857142857,200.322781954887,3.64706015037594,-1.15771721515279,1.31509634811518,-0.237733972419121,-0.189510256158578,0.0101803691264333,8.77908515348832
"Low","High","Medium","Medium","Medium","Free State","Rainfed","Pannar","New Holland",19.9113432835821,877.316541353384,194.092857142857,200.322781954887,3.64706015037594,-1.15771721515279,1.31509634811518,-0.237733972419121,-0.189510256158578,0.0101803691264333,6.78272137239304
"Low","High","Medium","Medium","Medium","Mpumalanga","Rainfed","Pannar","New Holland",19.9113432835821,877.316541353384,194.092857142857,200.322781954887,3.64706015037594,-1.15771721515279,1.31509634811518,-0.237733972419121,-0.189510256158578,0.0101803691264333,6.89872684274645
"Low","High","Medium","Medium","High","Free State","Rainfed","Pannar","John Deere",19.9113432835821,877.316541353384,194.092857142857,200.322781954887,3.92764661654135,-1.15771721515279,1.31509634811518,-0.237733972419121,-0.189510256158578,1.2989009578967,7.73385102177566
"Low","High","Medium","Medium","High","Mpumalanga","Rainfed","Pannar","John Deere",19.9113432835821,877.316541353384,194.092857142857,200.322781954887,3.92764661654135,-1.15771721515279,1.31509634811518,-0.237733972419121,-0.189510256158578,1.2989009578967,7.02827334586388
"Low","High","Medium","Medium","High","North West","Rainfed","Pannar","John Deere",19.9113432835821,877.316541353384,194.092857142857,200.322781954887,3.92764661654135,-1.15771721515279,1.31509634811518,-0.237733972419121,-0.189510256158578,1.2989009578967,7.05099906802097
"Low","High","Medium","Medium","High","Free State","Irrigated","Pannar","John Deere",19.9113432835821,877.316541353384,194.092857142857,200.322781954887,3.92764661654135,-1.15771721515279,1.31509634811518,-0.237733972419121,-0.189510256158578,1.2989009578967,7.42317200767776
"Low","High","Medium","Medium","High","Mpumalanga","Irrigated","Pannar","John Deere",19.9113432835821,877.316541353384,194.092857142857,200.322781954887,3.92764661654135,-1.15771721515279,1.31509634811518,-0.237733972419121,-0.189510256158578,1.2989009578967,8.66145794878456
"Low","High","Medium","Medium","High","North West","Irrigated","Pannar","John Deere",19.9113432835821,877.316541353384,194.092857142857,200.322781954887,3.92764661654135,-1.15771721515279,1.31509634811518,-0.237733972419121,-0.189510256158578,1.2989009578967,7.62298398418698
"Low","High","Medium","Medium","High","Free State","Rainfed","Dekalb","John Deere",19.9113432835821,877.316541353384,194.092857142857,200.322781954887,3.92764661654135,-1.15771721515279,1.31509634811518,-0.237733972419121,-0.189510256158578,1.2989009578967,7.41653259268754
"Low","High","Medium","Medium","High","Mpumalanga","Rainfed","Dekalb","John Deere",19.9113432835821,877.316541353384,194.092857142857,200.322781954887,3.92764661654135,-1.15771721515279,1.31509634811518,-0.237733972419121,-0.189510256158578,1.2989009578967,7.10404585108299
"Low","High","Medium","Medium","High","North West","Rainfed","Dekalb","John Deere",19.9113432835821,877.316541353384,194.092857142857,200.322781954887,3.92764661654135,-1.15771721515279,1.31509634811518,-0.237733972419121,-0.189510256158578,1.2989009578967,7.67631172574315
"Low","High","Medium","Medium","High","Free State","Irrigated","Dekalb","John Deere",19.9113432835821,877.316541353384,194.092857142857,200.322781954887,3.92764661654135,-1.15771721515279,1.31509634811518,-0.237733972419121,-0.189510256158578,1.2989009578967,8.11479809423071
"Low","High","Medium","Medium","High","Mpumalanga","Irrigated","Dekalb","John Deere",19.9113432835821,877.316541353384,194.092857142857,200.322781954887,3.92764661654135,-1.15771721515279,1.31509634811518,-0.237733972419121,-0.189510256158578,1.2989009578967,7.98011379006971
"Low","High","Medium","Medium","High","North West","Irrigated","Dekalb","John Deere",19.9113432835821,877.316541353384,194.092857142857,200.322781954887,3.92764661654135,-1.15771721515279,1.31509634811518,-0.237733972419121,-0.189510256158578,1.2989009578967,9.22382814509927
"Low","High","Medium","Medium","High","Free State","Rainfed","Pioneer","John Deere",19.9113432835821,877.316541353384,194.092857142857,200.322781954887,3.92764661654135,-1.15771721515279,1.31509634811518,-0.237733972419121,-0.189510256158578,1.2989009578967,8.60702228036931
"Low","High","Medium","Medium","High","Mpumalanga","Rainfed","Pioneer","John Deere",19.9113432835821,877.316541353384,194.092857142857,200.322781954887,3.92764661654135,-1.15771721515279,1.31509634811518,-0.237733972419121,-0.189510256158578,1.2989009578967,8.0941705864741
"Low","High","Medium","Medium","High","North West","Rainfed","Pioneer","John Deere",19.9113432835821,877.316541353384,194.092857142857,200.322781954887,3.92764661654135,-1.15771721515279,1.31509634811518,-0.237733972419121,-0.189510256158578,1.2989009578967,8.19130007321511
"Low","High","Medium","Medium","High","Free State","Irrigated","Pioneer","John Deere",19.9113432835821,877.316541353384,194.092857142857,200.322781954887,3.92764661654135,-1.15771721515279,1.31509634811518,-0.237733972419121,-0.189510256158578,1.2989009578967,8.43706181336858
"Low","High","Medium","Medium","High","Mpumalanga","Irrigated","Pioneer","John Deere",19.9113432835821,877.316541353384,194.092857142857,200.322781954887,3.92764661654135,-1.15771721515279,1.31509634811518,-0.237733972419121,-0.189510256158578,1.2989009578967,9.19499574222388
"Low","High","Medium","Medium","High","North West","Irrigated","Pioneer","John Deere",19.9113432835821,877.316541353384,194.092857142857,200.322781954887,3.92764661654135,-1.15771721515279,1.31509634811518,-0.237733972419121,-0.189510256158578,1.2989009578967,8.74591089266564
"Low","High","Medium","Medium","High","Free State","Rainfed","Pannar","New Holland",19.9113432835821,877.316541353384,194.092857142857,200.322781954887,3.92764661654135,-1.15771721515279,1.31509634811518,-0.237733972419121,-0.189510256158578,1.2989009578967,8.1087019390404
"Low","High","Medium","Medium","High","Mpumalanga","Rainfed","Pannar","New Holland",19.9113432835821,877.316541353384,194.092857142857,200.322781954887,3.92764661654135,-1.15771721515279,1.31509634811518,-0.237733972419121,-0.189510256158578,1.2989009578967,7.31006709902
"Low","High","Medium","High","Medium","Free State","Rainfed","Pannar","John Deere",19.9113432835821,877.316541353384,194.092857142857,285.840977443609,3.64706015037594,-1.15771721515279,1.31509634811518,-0.237733972419121,1.30373775649338,0.0101803691264333,7.80182573815022
"Low","High","Medium","High","Medium","Mpumalanga","Rainfed","Pannar","John Deere",19.9113432835821,877.316541353384,194.092857142857,285.840977443609,3.64706015037594,-1.15771721515279,1.31509634811518,-0.237733972419121,1.30373775649338,0.0101803691264333,7.59065460096948
"Low","High","Medium","High","Medium","North West","Rainfed","Pannar","John Deere",19.9113432835821,877.316541353384,194.092857142857,285.840977443609,3.64706015037594,-1.15771721515279,1.31509634811518,-0.237733972419121,1.30373775649338,0.0101803691264333,8.21300358105458
"Low","High","Medium","High","Medium","Free State","Irrigated","Pannar","John Deere",19.9113432835821,877.316541353384,194.092857142857,285.840977443609,3.64706015037594,-1.15771721515279,1.31509634811518,-0.237733972419121,1.30373775649338,0.0101803691264333,7.80116802090813
"Low","High","Medium","High","Medium","Mpumalanga","Irrigated","Pannar","John Deere",19.9113432835821,877.316541353384,194.092857142857,285.840977443609,3.64706015037594,-1.15771721515279,1.31509634811518,-0.237733972419121,1.30373775649338,0.0101803691264333,8.36360513253185
"Low","High","Medium","High","Medium","North West","Irrigated","Pannar","John Deere",19.9113432835821,877.316541353384,194.092857142857,285.840977443609,3.64706015037594,-1.15771721515279,1.31509634811518,-0.237733972419121,1.30373775649338,0.0101803691264333,7.89413472811495
"Low","High","Medium","High","Medium","Free State","Rainfed","Dekalb","John Deere",19.9113432835821,877.316541353384,194.092857142857,285.840977443609,3.64706015037594,-1.15771721515279,1.31509634811518,-0.237733972419121,1.30373775649338,0.0101803691264333,7.71001809076234
"Low","High","Medium","High","Medium","Mpumalanga","Rainfed","Dekalb","John Deere",19.9113432835821,877.316541353384,194.092857142857,285.840977443609,3.64706015037594,-1.15771721515279,1.31509634811518,-0.237733972419121,1.30373775649338,0.0101803691264333,8.08582407135825
"Low","High","Medium","High","Medium","North West","Rainfed","Dekalb","John Deere",19.9113432835821,877.316541353384,194.092857142857,285.840977443609,3.64706015037594,-1.15771721515279,1.31509634811518,-0.237733972419121,1.30373775649338,0.0101803691264333,8.57141961856007
"Low","High","Medium","High","Medium","Free State","Irrigated","Dekalb","John Deere",19.9113432835821,877.316541353384,194.092857142857,285.840977443609,3.64706015037594,-1.15771721515279,1.31509634811518,-0.237733972419121,1.30373775649338,0.0101803691264333,8.44017723024723
"Low","High","Medium","High","Medium","Mpumalanga","Irrigated","Dekalb","John Deere",19.9113432835821,877.316541353384,194.092857142857,285.840977443609,3.64706015037594,-1.15771721515279,1.31509634811518,-0.237733972419121,1.30373775649338,0.0101803691264333,8.18114698700306
"Low","High","Medium","High","Medium","North West","Irrigated","Dekalb","John Deere",19.9113432835821,877.316541353384,194.092857142857,285.840977443609,3.64706015037594,-1.15771721515279,1.31509634811518,-0.237733972419121,1.30373775649338,0.0101803691264333,8.627428319549
"Low","High","Medium","High","Medium","Free State","Rainfed","Pioneer","John Deere",19.9113432835821,877.316541353384,194.092857142857,285.840977443609,3.64706015037594,-1.15771721515279,1.31509634811518,-0.237733972419121,1.30373775649338,0.0101803691264333,7.95947417338752
"Low","High","Medium","High","Medium","Mpumalanga","Rainfed","Pioneer","John Deere",19.9113432835821,877.316541353384,194.092857142857,285.840977443609,3.64706015037594,-1.15771721515279,1.31509634811518,-0.237733972419121,1.30373775649338,0.0101803691264333,7.68683471111629
"Low","High","Medium","High","Medium","North West","Rainfed","Pioneer","John Deere",19.9113432835821,877.316541353384,194.092857142857,285.840977443609,3.64706015037594,-1.15771721515279,1.31509634811518,-0.237733972419121,1.30373775649338,0.0101803691264333,7.60433800506371
"Low","High","Medium","High","Medium","Free State","Irrigated","Pioneer","John Deere",19.9113432835821,877.316541353384,194.092857142857,285.840977443609,3.64706015037594,-1.15771721515279,1.31509634811518,-0.237733972419121,1.30373775649338,0.0101803691264333,8.48374383757447
"Low","High","Medium","High","Medium","Mpumalanga","Irrigated","Pioneer","John Deere",19.9113432835821,877.316541353384,194.092857142857,285.840977443609,3.64706015037594,-1.15771721515279,1.31509634811518,-0.237733972419121,1.30373775649338,0.0101803691264333,8.84984083468797
"Low","High","Medium","High","Medium","North West","Irrigated","Pioneer","John Deere",19.9113432835821,877.316541353384,194.092857142857,285.840977443609,3.64706015037594,-1.15771721515279,1.31509634811518,-0.237733972419121,1.30373775649338,0.0101803691264333,9.3933950280998
"Low","High","Medium","High","Medium","Free State","Rainfed","Pannar","New Holland",19.9113432835821,877.316541353384,194.092857142857,285.840977443609,3.64706015037594,-1.15771721515279,1.31509634811518,-0.237733972419121,1.30373775649338,0.0101803691264333,7.2532123328066
"Low","High","Medium","High","Medium","Mpumalanga","Rainfed","Pannar","New Holland",19.9113432835821,877.316541353384,194.092857142857,285.840977443609,3.64706015037594,-1.15771721515279,1.31509634811518,-0.237733972419121,1.30373775649338,0.0101803691264333,7.20304956838744
"Low","High","Medium","High","High","Free State","Rainfed","Pannar","John Deere",19.9113432835821,877.316541353384,194.092857142857,285.840977443609,3.92764661654135,-1.15771721515279,1.31509634811518,-0.237733972419121,1.30373775649338,1.2989009578967,7.41503025328175
"Low","High","Medium","High","High","Mpumalanga","Rainfed","Pannar","John Deere",19.9113432835821,877.316541353384,194.092857142857,285.840977443609,3.92764661654135,-1.15771721515279,1.31509634811518,-0.237733972419121,1.30373775649338,1.2989009578967,8.19499555670669
"Low","High","Medium","High","High","North West","Rainfed","Pannar","John Deere",19.9113432835821,877.316541353384,194.092857142857,285.840977443609,3.92764661654135,-1.15771721515279,1.31509634811518,-0.237733972419121,1.30373775649338,1.2989009578967,8.05699668631652
"Low","High","Medium","High","High","Free State","Irrigated","Pannar","John Deere",19.9113432835821,877.316541353384,194.092857142857,285.840977443609,3.92764661654135,-1.15771721515279,1.31509634811518,-0.237733972419121,1.30373775649338,1.2989009578967,8.28689751948614
"Low","High","Medium","High","High","Mpumalanga","Irrigated","Pannar","John Deere",19.9113432835821,877.316541353384,194.092857142857,285.840977443609,3.92764661654135,-1.15771721515279,1.31509634811518,-0.237733972419121,1.30373775649338,1.2989009578967,9.27568842273666
"Low","High","Medium","High","High","North West","Irrigated","Pannar","John Deere",19.9113432835821,877.316541353384,194.092857142857,285.840977443609,3.92764661654135,-1.15771721515279,1.31509634811518,-0.237733972419121,1.30373775649338,1.2989009578967,8.08024042413956
"Low","High","Medium","High","High","Free State","Rainfed","Dekalb","John Deere",19.9113432835821,877.316541353384,194.092857142857,285.840977443609,3.92764661654135,-1.15771721515279,1.31509634811518,-0.237733972419121,1.30373775649338,1.2989009578967,7.98230668060956
"Low","High","Medium","High","High","Mpumalanga","Rainfed","Dekalb","John Deere",19.9113432835821,877.316541353384,194.092857142857,285.840977443609,3.92764661654135,-1.15771721515279,1.31509634811518,-0.237733972419121,1.30373775649338,1.2989009578967,7.96063830803164
"Low","High","Medium","High","High","North West","Rainfed","Dekalb","John Deere",19.9113432835821,877.316541353384,194.092857142857,285.840977443609,3.92764661654135,-1.15771721515279,1.31509634811518,-0.237733972419121,1.30373775649338,1.2989009578967,8.1466407460408
"Low","High","Medium","High","High","Free State","Irrigated","Dekalb","John Deere",19.9113432835821,877.316541353384,194.092857142857,285.840977443609,3.92764661654135,-1.15771721515279,1.31509634811518,-0.237733972419121,1.30373775649338,1.2989009578967,8.53676058754085
"Low","High","Medium","High","High","Mpumalanga","Irrigated","Dekalb","John Deere",19.9113432835821,877.316541353384,194.092857142857,285.840977443609,3.92764661654135,-1.15771721515279,1.31509634811518,-0.237733972419121,1.30373775649338,1.2989009578967,8.18135702977755
"Low","High","Medium","High","High","North West","Irrigated","Dekalb","John Deere",19.9113432835821,877.316541353384,194.092857142857,285.840977443609,3.92764661654135,-1.15771721515279,1.31509634811518,-0.237733972419121,1.30373775649338,1.2989009578967,8.81185865530404
"Low","High","Medium","High","High","Free State","Rainfed","Pioneer","John Deere",19.9113432835821,877.316541353384,194.092857142857,285.840977443609,3.92764661654135,-1.15771721515279,1.31509634811518,-0.237733972419121,1.30373775649338,1.2989009578967,7.71997455393279
"Low","High","Medium","High","High","Mpumalanga","Rainfed","Pioneer","John Deere",19.9113432835821,877.316541353384,194.092857142857,285.840977443609,3.92764661654135,-1.15771721515279,1.31509634811518,-0.237733972419121,1.30373775649338,1.2989009578967,8.12710717439758
"Low","High","Medium","High","High","North West","Rainfed","Pioneer","John Deere",19.9113432835821,877.316541353384,194.092857142857,285.840977443609,3.92764661654135,-1.15771721515279,1.31509634811518,-0.237733972419121,1.30373775649338,1.2989009578967,7.91703393709431
"Low","High","Medium","High","High","Free State","Irrigated","Pioneer","John Deere",19.9113432835821,877.316541353384,194.092857142857,285.840977443609,3.92764661654135,-1.15771721515279,1.31509634811518,-0.237733972419121,1.30373775649338,1.2989009578967,8.56452148752924
"Low","High","Medium","High","High","Mpumalanga","Irrigated","Pioneer","John Deere",19.9113432835821,877.316541353384,194.092857142857,285.840977443609,3.92764661654135,-1.15771721515279,1.31509634811518,-0.237733972419121,1.30373775649338,1.2989009578967,8.9906059661914
"Low","High","Medium","High","High","North West","Irrigated","Pioneer","John Deere",19.9113432835821,877.316541353384,194.092857142857,285.840977443609,3.92764661654135,-1.15771721515279,1.31509634811518,-0.237733972419121,1.30373775649338,1.2989009578967,8.88614185639679
"Low","High","Medium","High","High","Free State","Rainfed","Pannar","New Holland",19.9113432835821,877.316541353384,194.092857142857,285.840977443609,3.92764661654135,-1.15771721515279,1.31509634811518,-0.237733972419121,1.30373775649338,1.2989009578967,7.3894511723028
"Low","High","Medium","High","High","Mpumalanga","Rainfed","Pannar","New Holland",19.9113432835821,877.316541353384,194.092857142857,285.840977443609,3.92764661654135,-1.15771721515279,1.31509634811518,-0.237733972419121,1.30373775649338,1.2989009578967,8.24733245301732
"Low","High","High","Low","Medium","Free State","Rainfed","Pannar","John Deere",19.9113432835821,877.316541353384,296.555789473684,144.721044776119,3.64706015037594,-1.15771721515279,1.31509634811518,1.29344548222192,-1.16038181241284,0.0101803691264333,7.38510380229129
"Low","High","High","Low","Medium","Mpumalanga","Rainfed","Pannar","John Deere",19.9113432835821,877.316541353384,296.555789473684,144.721044776119,3.64706015037594,-1.15771721515279,1.31509634811518,1.29344548222192,-1.16038181241284,0.0101803691264333,7.90687693677908
"Low","High","High","Low","Medium","North West","Rainfed","Pannar","John Deere",19.9113432835821,877.316541353384,296.555789473684,144.721044776119,3.64706015037594,-1.15771721515279,1.31509634811518,1.29344548222192,-1.16038181241284,0.0101803691264333,6.9358724423599
"Low","High","High","Low","Medium","Free State","Irrigated","Pannar","John Deere",19.9113432835821,877.316541353384,296.555789473684,144.721044776119,3.64706015037594,-1.15771721515279,1.31509634811518,1.29344548222192,-1.16038181241284,0.0101803691264333,8.84443877327814
"Low","High","High","Low","Medium","Mpumalanga","Irrigated","Pannar","John Deere",19.9113432835821,877.316541353384,296.555789473684,144.721044776119,3.64706015037594,-1.15771721515279,1.31509634811518,1.29344548222192,-1.16038181241284,0.0101803691264333,8.65372655063788
"Low","High","High","Low","Medium","North West","Irrigated","Pannar","John Deere",19.9113432835821,877.316541353384,296.555789473684,144.721044776119,3.64706015037594,-1.15771721515279,1.31509634811518,1.29344548222192,-1.16038181241284,0.0101803691264333,8.71081046711723
"Low","High","High","Low","Medium","Free State","Rainfed","Dekalb","John Deere",19.9113432835821,877.316541353384,296.555789473684,144.721044776119,3.64706015037594,-1.15771721515279,1.31509634811518,1.29344548222192,-1.16038181241284,0.0101803691264333,8.5362816025555
"Low","High","High","Low","Medium","Mpumalanga","Rainfed","Dekalb","John Deere",19.9113432835821,877.316541353384,296.555789473684,144.721044776119,3.64706015037594,-1.15771721515279,1.31509634811518,1.29344548222192,-1.16038181241284,0.0101803691264333,8.03890841164446
"Low","High","High","Low","Medium","North West","Rainfed","Dekalb","John Deere",19.9113432835821,877.316541353384,296.555789473684,144.721044776119,3.64706015037594,-1.15771721515279,1.31509634811518,1.29344548222192,-1.16038181241284,0.0101803691264333,8.78490380994867
"Low","High","High","Low","Medium","Free State","Irrigated","Dekalb","John Deere",19.9113432835821,877.316541353384,296.555789473684,144.721044776119,3.64706015037594,-1.15771721515279,1.31509634811518,1.29344548222192,-1.16038181241284,0.0101803691264333,8.72967214884484
"Low","High","High","Low","Medium","Mpumalanga","Irrigated","Dekalb","John Deere",19.9113432835821,877.316541353384,296.555789473684,144.721044776119,3.64706015037594,-1.15771721515279,1.31509634811518,1.29344548222192,-1.16038181241284,0.0101803691264333,9.19414367246329
"Low","High","High","Low","Medium","North West","Irrigated","Dekalb","John Deere",19.9113432835821,877.316541353384,296.555789473684,144.721044776119,3.64706015037594,-1.15771721515279,1.31509634811518,1.29344548222192,-1.16038181241284,0.0101803691264333,9.15551203609674
"Low","High","High","Low","Medium","Free State","Rainfed","Pioneer","John Deere",19.9113432835821,877.316541353384,296.555789473684,144.721044776119,3.64706015037594,-1.15771721515279,1.31509634811518,1.29344548222192,-1.16038181241284,0.0101803691264333,8.05515567795607
"Low","High","High","Low","Medium","Mpumalanga","Rainfed","Pioneer","John Deere",19.9113432835821,877.316541353384,296.555789473684,144.721044776119,3.64706015037594,-1.15771721515279,1.31509634811518,1.29344548222192,-1.16038181241284,0.0101803691264333,7.87700951893312
"Low","High","High","Low","Medium","North West","Rainfed","Pioneer","John Deere",19.9113432835821,877.316541353384,296.555789473684,144.721044776119,3.64706015037594,-1.15771721515279,1.31509634811518,1.29344548222192,-1.16038181241284,0.0101803691264333,7.86970850887592
"Low","High","High","Low","Medium","Free State","Irrigated","Pioneer","John Deere",19.9113432835821,877.316541353384,296.555789473684,144.721044776119,3.64706015037594,-1.15771721515279,1.31509634811518,1.29344548222192,-1.16038181241284,0.0101803691264333,8.11471945743791
"Low","High","High","Low","Medium","Mpumalanga","Irrigated","Pioneer","John Deere",19.9113432835821,877.316541353384,296.555789473684,144.721044776119,3.64706015037594,-1.15771721515279,1.31509634811518,1.29344548222192,-1.16038181241284,0.0101803691264333,9.68707080372196
"Low","High","High","Low","Medium","North West","Irrigated","Pioneer","John Deere",19.9113432835821,877.316541353384,296.555789473684,144.721044776119,3.64706015037594,-1.15771721515279,1.31509634811518,1.29344548222192,-1.16038181241284,0.0101803691264333,8.34481917183694
"Low","High","High","Low","Medium","Free State","Rainfed","Pannar","New Holland",19.9113432835821,877.316541353384,296.555789473684,144.721044776119,3.64706015037594,-1.15771721515279,1.31509634811518,1.29344548222192,-1.16038181241284,0.0101803691264333,8.3678534796693
"Low","High","High","Low","Medium","Mpumalanga","Rainfed","Pannar","New Holland",19.9113432835821,877.316541353384,296.555789473684,144.721044776119,3.64706015037594,-1.15771721515279,1.31509634811518,1.29344548222192,-1.16038181241284,0.0101803691264333,7.99106107593936
"Low","High","High","Low","High","Free State","Rainfed","Pannar","John Deere",19.9113432835821,877.316541353384,296.555789473684,144.721044776119,3.92764661654135,-1.15771721515279,1.31509634811518,1.29344548222192,-1.16038181241284,1.2989009578967,7.16393033042088
"Low","High","High","Low","High","Mpumalanga","Rainfed","Pannar","John Deere",19.9113432835821,877.316541353384,296.555789473684,144.721044776119,3.92764661654135,-1.15771721515279,1.31509634811518,1.29344548222192,-1.16038181241284,1.2989009578967,7.60871428141168
"Low","High","High","Low","High","North West","Rainfed","Pannar","John Deere",19.9113432835821,877.316541353384,296.555789473684,144.721044776119,3.92764661654135,-1.15771721515279,1.31509634811518,1.29344548222192,-1.16038181241284,1.2989009578967,8.98025724204464
"Low","High","High","Low","High","Free State","Irrigated","Pannar","John Deere",19.9113432835821,877.316541353384,296.555789473684,144.721044776119,3.92764661654135,-1.15771721515279,1.31509634811518,1.29344548222192,-1.16038181241284,1.2989009578967,8.20104343268289
"Low","High","High","Low","High","Mpumalanga","Irrigated","Pannar","John Deere",19.9113432835821,877.316541353384,296.555789473684,144.721044776119,3.92764661654135,-1.15771721515279,1.31509634811518,1.29344548222192,-1.16038181241284,1.2989009578967,7.64600574766855
"Low","High","High","Low","High","North West","Irrigated","Pannar","John Deere",19.9113432835821,877.316541353384,296.555789473684,144.721044776119,3.92764661654135,-1.15771721515279,1.31509634811518,1.29344548222192,-1.16038181241284,1.2989009578967,8.54193285358045
"Low","High","High","Low","High","Free State","Rainfed","Dekalb","John Deere",19.9113432835821,877.316541353384,296.555789473684,144.721044776119,3.92764661654135,-1.15771721515279,1.31509634811518,1.29344548222192,-1.16038181241284,1.2989009578967,8.94446290681267
"Low","High","High","Low","High","Mpumalanga","Rainfed","Dekalb","John Deere",19.9113432835821,877.316541353384,296.555789473684,144.721044776119,3.92764661654135,-1.15771721515279,1.31509634811518,1.29344548222192,-1.16038181241284,1.2989009578967,8.85339703842143
"Low","High","High","Low","High","North West","Rainfed","Dekalb","John Deere",19.9113432835821,877.316541353384,296.555789473684,144.721044776119,3.92764661654135,-1.15771721515279,1.31509634811518,1.29344548222192,-1.16038181241284,1.2989009578967,8.24270466990335
"Low","High","High","Low","High","Free State","Irrigated","Dekalb","John Deere",19.9113432835821,877.316541353384,296.555789473684,144.721044776119,3.92764661654135,-1.15771721515279,1.31509634811518,1.29344548222192,-1.16038181241284,1.2989009578967,9.18668749352329
"Low","High","High","Low","High","Mpumalanga","Irrigated","Dekalb","John Deere",19.9113432835821,877.316541353384,296.555789473684,144.721044776119,3.92764661654135,-1.15771721515279,1.31509634811518,1.29344548222192,-1.16038181241284,1.2989009578967,9.55247194190345
"Low","High","High","Low","High","North West","Irrigated","Dekalb","John Deere",19.9113432835821,877.316541353384,296.555789473684,144.721044776119,3.92764661654135,-1.15771721515279,1.31509634811518,1.29344548222192,-1.16038181241284,1.2989009578967,8.26218878628704
"Low","High","High","Low","High","Free State","Rainfed","Pioneer","John Deere",19.9113432835821,877.316541353384,296.555789473684,144.721044776119,3.92764661654135,-1.15771721515279,1.31509634811518,1.29344548222192,-1.16038181241284,1.2989009578967,8.48038696158178
"Low","High","High","Low","High","Mpumalanga","Rainfed","Pioneer","John Deere",19.9113432835821,877.316541353384,296.555789473684,144.721044776119,3.92764661654135,-1.15771721515279,1.31509634811518,1.29344548222192,-1.16038181241284,1.2989009578967,8.26760144119507
"Low","High","High","Low","High","North West","Rainfed","Pioneer","John Deere",19.9113432835821,877.316541353384,296.555789473684,144.721044776119,3.92764661654135,-1.15771721515279,1.31509634811518,1.29344548222192,-1.16038181241284,1.2989009578967,7.91221798223845
"Low","High","High","Low","High","Free State","Irrigated","Pioneer","John Deere",19.9113432835821,877.316541353384,296.555789473684,144.721044776119,3.92764661654135,-1.15771721515279,1.31509634811518,1.29344548222192,-1.16038181241284,1.2989009578967,8.3487625103857
"Low","High","High","Low","High","Mpumalanga","Irrigated","Pioneer","John Deere",19.9113432835821,877.316541353384,296.555789473684,144.721044776119,3.92764661654135,-1.15771721515279,1.31509634811518,1.29344548222192,-1.16038181241284,1.2989009578967,8.51542742108816
"Low","High","High","Low","High","North West","Irrigated","Pioneer","John Deere",19.9113432835821,877.316541353384,296.555789473684,144.721044776119,3.92764661654135,-1.15771721515279,1.31509634811518,1.29344548222192,-1.16038181241284,1.2989009578967,8.9550756488563
"Low","High","High","Low","High","Free State","Rainfed","Pannar","New Holland",19.9113432835821,877.316541353384,296.555789473684,144.721044776119,3.92764661654135,-1.15771721515279,1.31509634811518,1.29344548222192,-1.16038181241284,1.2989009578967,7.26829580607153
"Low","High","High","Low","High","Mpumalanga","Rainfed","Pannar","New Holland",19.9113432835821,877.316541353384,296.555789473684,144.721044776119,3.92764661654135,-1.15771721515279,1.31509634811518,1.29344548222192,-1.16038181241284,1.2989009578967,7.00515404501111
"Low","High","High","Medium","Low","Free State","Rainfed","Pannar","John Deere",19.9113432835821,877.316541353384,296.555789473684,200.322781954887,3.38760447761194,-1.15771721515279,1.31509634811518,1.29344548222192,-0.189510256158578,-1.18148746836324,8.14251360771924
"Low","High","High","Medium","Low","Mpumalanga","Rainfed","Pannar","John Deere",19.9113432835821,877.316541353384,296.555789473684,200.322781954887,3.38760447761194,-1.15771721515279,1.31509634811518,1.29344548222192,-0.189510256158578,-1.18148746836324,7.73687241413587
"Low","High","High","Medium","Low","North West","Rainfed","Pannar","John Deere",19.9113432835821,877.316541353384,296.555789473684,200.322781954887,3.38760447761194,-1.15771721515279,1.31509634811518,1.29344548222192,-0.189510256158578,-1.18148746836324,8.08359541112278
"Low","High","High","Medium","Low","Free State","Irrigated","Pannar","John Deere",19.9113432835821,877.316541353384,296.555789473684,200.322781954887,3.38760447761194,-1.15771721515279,1.31509634811518,1.29344548222192,-0.189510256158578,-1.18148746836324,8.73236102358992
"Low","High","High","Medium","Low","Mpumalanga","Irrigated","Pannar","John Deere",19.9113432835821,877.316541353384,296.555789473684,200.322781954887,3.38760447761194,-1.15771721515279,1.31509634811518,1.29344548222192,-0.189510256158578,-1.18148746836324,7.89502711899233
"Low","High","High","Medium","Low","North West","Irrigated","Pannar","John Deere",19.9113432835821,877.316541353384,296.555789473684,200.322781954887,3.38760447761194,-1.15771721515279,1.31509634811518,1.29344548222192,-0.189510256158578,-1.18148746836324,8.55842055693284
"Low","High","High","Medium","Low","Free State","Rainfed","Dekalb","John Deere",19.9113432835821,877.316541353384,296.555789473684,200.322781954887,3.38760447761194,-1.15771721515279,1.31509634811518,1.29344548222192,-0.189510256158578,-1.18148746836324,7.92912088403303
"Low","High","High","Medium","Low","Mpumalanga","Rainfed","Dekalb","John Deere",19.9113432835821,877.316541353384,296.555789473684,200.322781954887,3.38760447761194,-1.15771721515279,1.31509634811518,1.29344548222192,-0.189510256158578,-1.18148746836324,8.09974552281213
"Low","High","High","Medium","Low","North West","Rainfed","Dekalb","John Deere",19.9113432835821,877.316541353384,296.555789473684,200.322781954887,3.38760447761194,-1.15771721515279,1.31509634811518,1.29344548222192,-0.189510256158578,-1.18148746836324,7.67198371428707
"Low","High","High","Medium","Low","Free State","Irrigated","Dekalb","John Deere",19.9113432835821,877.316541353384,296.555789473684,200.322781954887,3.38760447761194,-1.15771721515279,1.31509634811518,1.29344548222192,-0.189510256158578,-1.18148746836324,9.2310243265353
"Low","High","High","Medium","Low","Mpumalanga","Irrigated","Dekalb","John Deere",19.9113432835821,877.316541353384,296.555789473684,200.322781954887,3.38760447761194,-1.15771721515279,1.31509634811518,1.29344548222192,-0.189510256158578,-1.18148746836324,8.06164962101678
"Low","High","High","Medium","Low","North West","Irrigated","Dekalb","John Deere",19.9113432835821,877.316541353384,296.555789473684,200.322781954887,3.38760447761194,-1.15771721515279,1.31509634811518,1.29344548222192,-0.189510256158578,-1.18148746836324,8.37413611281436
"Low","High","High","Medium","Low","Free State","Rainfed","Pioneer","John Deere",19.9113432835821,877.316541353384,296.555789473684,200.322781954887,3.38760447761194,-1.15771721515279,1.31509634811518,1.29344548222192,-0.189510256158578,-1.18148746836324,8.15915664861184
"Low","High","High","Medium","Low","Mpumalanga","Rainfed","Pioneer","John Deere",19.9113432835821,877.316541353384,296.555789473684,200.322781954887,3.38760447761194,-1.15771721515279,1.31509634811518,1.29344548222192,-0.189510256158578,-1.18148746836324,8.88177069000629
"Low","High","High","Medium","Low","North West","Rainfed","Pioneer","John Deere",19.9113432835821,877.316541353384,296.555789473684,200.322781954887,3.38760447761194,-1.15771721515279,1.31509634811518,1.29344548222192,-0.189510256158578,-1.18148746836324,8.20346228616536
"Low","High","High","Medium","Low","Free State","Irrigated","Pioneer","John Deere",19.9113432835821,877.316541353384,296.555789473684,200.322781954887,3.38760447761194,-1.15771721515279,1.31509634811518,1.29344548222192,-0.189510256158578,-1.18148746836324,8.78420379897948
"Low","High","High","Medium","Low","Mpumalanga","Irrigated","Pioneer","John Deere",19.9113432835821,877.316541353384,296.555789473684,200.322781954887,3.38760447761194,-1.15771721515279,1.31509634811518,1.29344548222192,-0.189510256158578,-1.18148746836324,9.73910421894727
"Low","High","High","Medium","Low","North West","Irrigated","Pioneer","John Deere",19.9113432835821,877.316541353384,296.555789473684,200.322781954887,3.38760447761194,-1.15771721515279,1.31509634811518,1.29344548222192,-0.189510256158578,-1.18148746836324,8.52509313045731
"Low","High","High","Medium","Low","Free State","Rainfed","Pannar","New Holland",19.9113432835821,877.316541353384,296.555789473684,200.322781954887,3.38760447761194,-1.15771721515279,1.31509634811518,1.29344548222192,-0.189510256158578,-1.18148746836324,7.81146075645166
"Low","High","High","Medium","Low","Mpumalanga","Rainfed","Pannar","New Holland",19.9113432835821,877.316541353384,296.555789473684,200.322781954887,3.38760447761194,-1.15771721515279,1.31509634811518,1.29344548222192,-0.189510256158578,-1.18148746836324,7.57095400604778
"Low","High","High","Medium","Medium","Free State","Rainfed","Pannar","John Deere",19.9113432835821,877.316541353384,296.555789473684,200.322781954887,3.64706015037594,-1.15771721515279,1.31509634811518,1.29344548222192,-0.189510256158578,0.0101803691264333,9.26480479963743
"Low","High","High","Medium","Medium","Mpumalanga","Rainfed","Pannar","John Deere",19.9113432835821,877.316541353384,296.555789473684,200.322781954887,3.64706015037594,-1.15771721515279,1.31509634811518,1.29344548222192,-0.189510256158578,0.0101803691264333,8.14213371330039
"Low","High","High","Medium","Medium","North West","Rainfed","Pannar","John Deere",19.9113432835821,877.316541353384,296.555789473684,200.322781954887,3.64706015037594,-1.15771721515279,1.31509634811518,1.29344548222192,-0.189510256158578,0.0101803691264333,9.04581109018091
"Low","High","High","Medium","Medium","Free State","Irrigated","Pannar","John Deere",19.9113432835821,877.316541353384,296.555789473684,200.322781954887,3.64706015037594,-1.15771721515279,1.31509634811518,1.29344548222192,-0.189510256158578,0.0101803691264333,8.27639841850188
"Low","High","High","Medium","Medium","Mpumalanga","Irrigated","Pannar","John Deere",19.9113432835821,877.316541353384,296.555789473684,200.322781954887,3.64706015037594,-1.15771721515279,1.31509634811518,1.29344548222192,-0.189510256158578,0.0101803691264333,7.85619917642193
"Low","High","High","Medium","Medium","North West","Irrigated","Pannar","John Deere",19.9113432835821,877.316541353384,296.555789473684,200.322781954887,3.64706015037594,-1.15771721515279,1.31509634811518,1.29344548222192,-0.189510256158578,0.0101803691264333,8.05608141793873
"Low","High","High","Medium","Medium","Free State","Rainfed","Dekalb","John Deere",19.9113432835821,877.316541353384,296.555789473684,200.322781954887,3.64706015037594,-1.15771721515279,1.31509634811518,1.29344548222192,-0.189510256158578,0.0101803691264333,8.46167235430211
"Low","High","High","Medium","Medium","Mpumalanga","Rainfed","Dekalb","John Deere",19.9113432835821,877.316541353384,296.555789473684,200.322781954887,3.64706015037594,-1.15771721515279,1.31509634811518,1.29344548222192,-0.189510256158578,0.0101803691264333,8.6955972219889
"Low","High","High","Medium","Medium","North West","Rainfed","Dekalb","John Deere",19.9113432835821,877.316541353384,296.555789473684,200.322781954887,3.64706015037594,-1.15771721515279,1.31509634811518,1.29344548222192,-0.189510256158578,0.0101803691264333,8.06208148779746
"Low","High","High","Medium","Medium","Free State","Irrigated","Dekalb","John Deere",19.9113432835821,877.316541353384,296.555789473684,200.322781954887,3.64706015037594,-1.15771721515279,1.31509634811518,1.29344548222192,-0.189510256158578,0.0101803691264333,8.68472975760414
"Low","High","High","Medium","Medium","Mpumalanga","Irrigated","Dekalb","John Deere",19.9113432835821,877.316541353384,296.555789473684,200.322781954887,3.64706015037594,-1.15771721515279,1.31509634811518,1.29344548222192,-0.189510256158578,0.0101803691264333,8.50382982593937
"Low","High","High","Medium","Medium","North West","Irrigated","Dekalb","John Deere",19.9113432835821,877.316541353384,296.555789473684,200.322781954887,3.64706015037594,-1.15771721515279,1.31509634811518,1.29344548222192,-0.189510256158578,0.0101803691264333,9.13291333126163
"Low","High","High","Medium","Medium","Free State","Rainfed","Pioneer","John Deere",19.9113432835821,877.316541353384,296.555789473684,200.322781954887,3.64706015037594,-1.15771721515279,1.31509634811518,1.29344548222192,-0.189510256158578,0.0101803691264333,8.60359380276088
"Low","High","High","Medium","Medium","Mpumalanga","Rainfed","Pioneer","John Deere",19.9113432835821,877.316541353384,296.555789473684,200.322781954887,3.64706015037594,-1.15771721515279,1.31509634811518,1.29344548222192,-0.189510256158578,0.0101803691264333,7.83952301356499
"Low","High","High","Medium","Medium","North West","Rainfed","Pioneer","John Deere",19.9113432835821,877.316541353384,296.555789473684,200.322781954887,3.64706015037594,-1.15771721515279,1.31509634811518,1.29344548222192,-0.189510256158578,0.0101803691264333,8.10268844569348
"Low","High","High","Medium","Medium","Free State","Irrigated","Pioneer","John Deere",19.9113432835821,877.316541353384,296.555789473684,200.322781954887,3.64706015037594,-1.15771721515279,1.31509634811518,1.29344548222192,-0.189510256158578,0.0101803691264333,8.73209881637971
"Low","High","High","Medium","Medium","Mpumalanga","Irrigated","Pioneer","John Deere",19.9113432835821,877.316541353384,296.555789473684,200.322781954887,3.64706015037594,-1.15771721515279,1.31509634811518,1.29344548222192,-0.189510256158578,0.0101803691264333,9.15569058394134
"Low","High","High","Medium","Medium","North West","Irrigated","Pioneer","John Deere",19.9113432835821,877.316541353384,296.555789473684,200.322781954887,3.64706015037594,-1.15771721515279,1.31509634811518,1.29344548222192,-0.189510256158578,0.0101803691264333,9.1466965531684
"Low","High","High","Medium","Medium","Free State","Rainfed","Pannar","New Holland",19.9113432835821,877.316541353384,296.555789473684,200.322781954887,3.64706015037594,-1.15771721515279,1.31509634811518,1.29344548222192,-0.189510256158578,0.0101803691264333,8.4921670286365
"Low","High","High","Medium","Medium","Mpumalanga","Rainfed","Pannar","New Holland",19.9113432835821,877.316541353384,296.555789473684,200.322781954887,3.64706015037594,-1.15771721515279,1.31509634811518,1.29344548222192,-0.189510256158578,0.0101803691264333,8.38072102878793
"Low","High","High","Medium","High","Free State","Rainfed","Pannar","John Deere",19.9113432835821,877.316541353384,296.555789473684,200.322781954887,3.92764661654135,-1.15771721515279,1.31509634811518,1.29344548222192,-0.189510256158578,1.2989009578967,7.97913731122918
"Low","High","High","Medium","High","Mpumalanga","Rainfed","Pannar","John Deere",19.9113432835821,877.316541353384,296.555789473684,200.322781954887,3.92764661654135,-1.15771721515279,1.31509634811518,1.29344548222192,-0.189510256158578,1.2989009578967,8.07793997706228
"Low","High","High","Medium","High","North West","Rainfed","Pannar","John Deere",19.9113432835821,877.316541353384,296.555789473684,200.322781954887,3.92764661654135,-1.15771721515279,1.31509634811518,1.29344548222192,-0.189510256158578,1.2989009578967,7.98612187909591
"Low","High","High","Medium","High","Free State","Irrigated","Pannar","John Deere",19.9113432835821,877.316541353384,296.555789473684,200.322781954887,3.92764661654135,-1.15771721515279,1.31509634811518,1.29344548222192,-0.189510256158578,1.2989009578967,8.4852268391245
"Low","High","High","Medium","High","Mpumalanga","Irrigated","Pannar","John Deere",19.9113432835821,877.316541353384,296.555789473684,200.322781954887,3.92764661654135,-1.15771721515279,1.31509634811518,1.29344548222192,-0.189510256158578,1.2989009578967,8.49673404726028
"Low","High","High","Medium","High","North West","Irrigated","Pannar","John Deere",19.9113432835821,877.316541353384,296.555789473684,200.322781954887,3.92764661654135,-1.15771721515279,1.31509634811518,1.29344548222192,-0.189510256158578,1.2989009578967,8.95576139186486
"Low","High","High","Medium","High","Free State","Rainfed","Dekalb","John Deere",19.9113432835821,877.316541353384,296.555789473684,200.322781954887,3.92764661654135,-1.15771721515279,1.31509634811518,1.29344548222192,-0.189510256158578,1.2989009578967,8.57056025579228
"Low","High","High","Medium","High","Mpumalanga","Rainfed","Dekalb","John Deere",19.9113432835821,877.316541353384,296.555789473684,200.322781954887,3.92764661654135,-1.15771721515279,1.31509634811518,1.29344548222192,-0.189510256158578,1.2989009578967,8.33242645749918
"Low","High","High","Medium","High","North West","Rainfed","Dekalb","John Deere",19.9113432835821,877.316541353384,296.555789473684,200.322781954887,3.92764661654135,-1.15771721515279,1.31509634811518,1.29344548222192,-0.189510256158578,1.2989009578967,9.11477080183521
"Low","High","High","Medium","High","Free State","Irrigated","Dekalb","John Deere",19.9113432835821,877.316541353384,296.555789473684,200.322781954887,3.92764661654135,-1.15771721515279,1.31509634811518,1.29344548222192,-0.189510256158578,1.2989009578967,8.85859750012761
"Low","High","High","Medium","High","Mpumalanga","Irrigated","Dekalb","John Deere",19.9113432835821,877.316541353384,296.555789473684,200.322781954887,3.92764661654135,-1.15771721515279,1.31509634811518,1.29344548222192,-0.189510256158578,1.2989009578967,9.03291020454885
"Low","High","High","Medium","High","North West","Irrigated","Dekalb","John Deere",19.9113432835821,877.316541353384,296.555789473684,200.322781954887,3.92764661654135,-1.15771721515279,1.31509634811518,1.29344548222192,-0.189510256158578,1.2989009578967,9.1492381920275
"Low","High","High","Medium","High","Free State","Rainfed","Pioneer","John Deere",19.9113432835821,877.316541353384,296.555789473684,200.322781954887,3.92764661654135,-1.15771721515279,1.31509634811518,1.29344548222192,-0.189510256158578,1.2989009578967,9.15577021277046
"Low","High","High","Medium","High","Mpumalanga","Rainfed","Pioneer","John Deere",19.9113432835821,877.316541353384,296.555789473684,200.322781954887,3.92764661654135,-1.15771721515279,1.31509634811518,1.29344548222192,-0.189510256158578,1.2989009578967,8.58178335094482
"Low","High","High","Medium","High","North West","Rainfed","Pioneer","John Deere",19.9113432835821,877.316541353384,296.555789473684,200.322781954887,3.92764661654135,-1.15771721515279,1.31509634811518,1.29344548222192,-0.189510256158578,1.2989009578967,8.56802244970224
"Low","High","High","Medium","High","Free State","Irrigated","Pioneer","John Deere",19.9113432835821,877.316541353384,296.555789473684,200.322781954887,3.92764661654135,-1.15771721515279,1.31509634811518,1.29344548222192,-0.189510256158578,1.2989009578967,9.46544419058821
"Low","High","High","Medium","High","Mpumalanga","Irrigated","Pioneer","John Deere",19.9113432835821,877.316541353384,296.555789473684,200.322781954887,3.92764661654135,-1.15771721515279,1.31509634811518,1.29344548222192,-0.189510256158578,1.2989009578967,8.90287378991592
"Low","High","High","Medium","High","North West","Irrigated","Pioneer","John Deere",19.9113432835821,877.316541353384,296.555789473684,200.322781954887,3.92764661654135,-1.15771721515279,1.31509634811518,1.29344548222192,-0.189510256158578,1.2989009578967,9.27669652356811
"Low","High","High","Medium","High","Free State","Rainfed","Pannar","New Holland",19.9113432835821,877.316541353384,296.555789473684,200.322781954887,3.92764661654135,-1.15771721515279,1.31509634811518,1.29344548222192,-0.189510256158578,1.2989009578967,8.25913809470142
"Low","High","High","Medium","High","Mpumalanga","Rainfed","Pannar","New Holland",19.9113432835821,877.316541353384,296.555789473684,200.322781954887,3.92764661654135,-1.15771721515279,1.31509634811518,1.29344548222192,-0.189510256158578,1.2989009578967,7.96318396911143
"Low","High","High","High","Medium","Free State","Rainfed","Pannar","John Deere",19.9113432835821,877.316541353384,296.555789473684,285.840977443609,3.64706015037594,-1.15771721515279,1.31509634811518,1.29344548222192,1.30373775649338,0.0101803691264333,8.05159400230937
"Low","High","High","High","Medium","Mpumalanga","Rainfed","Pannar","John Deere",19.9113432835821,877.316541353384,296.555789473684,285.840977443609,3.64706015037594,-1.15771721515279,1.31509634811518,1.29344548222192,1.30373775649338,0.0101803691264333,7.79317140110355
"Low","High","High","High","Medium","North West","Rainfed","Pannar","John Deere",19.9113432835821,877.316541353384,296.555789473684,285.840977443609,3.64706015037594,-1.15771721515279,1.31509634811518,1.29344548222192,1.30373775649338,0.0101803691264333,8.29812020378145
"Low","High","High","High","Medium","Free State","Irrigated","Pannar","John Deere",19.9113432835821,877.316541353384,296.555789473684,285.840977443609,3.64706015037594,-1.15771721515279,1.31509634811518,1.29344548222192,1.30373775649338,0.0101803691264333,9.17014795634131
"Low","High","High","High","Medium","Mpumalanga","Irrigated","Pannar","John Deere",19.9113432835821,877.316541353384,296.555789473684,285.840977443609,3.64706015037594,-1.15771721515279,1.31509634811518,1.29344548222192,1.30373775649338,0.0101803691264333,9.26118183426671
"Low","High","High","High","Medium","North West","Irrigated","Pannar","John Deere",19.9113432835821,877.316541353384,296.555789473684,285.840977443609,3.64706015037594,-1.15771721515279,1.31509634811518,1.29344548222192,1.30373775649338,0.0101803691264333,9.39402954209352
"Low","High","High","High","Medium","Free State","Rainfed","Dekalb","John Deere",19.9113432835821,877.316541353384,296.555789473684,285.840977443609,3.64706015037594,-1.15771721515279,1.31509634811518,1.29344548222192,1.30373775649338,0.0101803691264333,9.14186343805012
"Low","High","High","High","Medium","Mpumalanga","Rainfed","Dekalb","John Deere",19.9113432835821,877.316541353384,296.555789473684,285.840977443609,3.64706015037594,-1.15771721515279,1.31509634811518,1.29344548222192,1.30373775649338,0.0101803691264333,8.15283496873221
"Low","High","High","High","Medium","North West","Rainfed","Dekalb","John Deere",19.9113432835821,877.316541353384,296.555789473684,285.840977443609,3.64706015037594,-1.15771721515279,1.31509634811518,1.29344548222192,1.30373775649338,0.0101803691264333,9.10914968038964
"Low","High","High","High","Medium","Free State","Irrigated","Dekalb","John Deere",19.9113432835821,877.316541353384,296.555789473684,285.840977443609,3.64706015037594,-1.15771721515279,1.31509634811518,1.29344548222192,1.30373775649338,0.0101803691264333,9.20314069444581
"Low","High","High","High","Medium","Mpumalanga","Irrigated","Dekalb","John Deere",19.9113432835821,877.316541353384,296.555789473684,285.840977443609,3.64706015037594,-1.15771721515279,1.31509634811518,1.29344548222192,1.30373775649338,0.0101803691264333,9.07300197865237
"Low","High","High","High","Medium","North West","Irrigated","Dekalb","John Deere",19.9113432835821,877.316541353384,296.555789473684,285.840977443609,3.64706015037594,-1.15771721515279,1.31509634811518,1.29344548222192,1.30373775649338,0.0101803691264333,9.67588436244236
"Low","High","High","High","Medium","Free State","Rainfed","Pioneer","John Deere",19.9113432835821,877.316541353384,296.555789473684,285.840977443609,3.64706015037594,-1.15771721515279,1.31509634811518,1.29344548222192,1.30373775649338,0.0101803691264333,8.87132089563151
"Low","High","High","High","Medium","Mpumalanga","Rainfed","Pioneer","John Deere",19.9113432835821,877.316541353384,296.555789473684,285.840977443609,3.64706015037594,-1.15771721515279,1.31509634811518,1.29344548222192,1.30373775649338,0.0101803691264333,8.54940107472434
"Low","High","High","High","Medium","North West","Rainfed","Pioneer","John Deere",19.9113432835821,877.316541353384,296.555789473684,285.840977443609,3.64706015037594,-1.15771721515279,1.31509634811518,1.29344548222192,1.30373775649338,0.0101803691264333,8.71911839170444
"Low","High","High","High","Medium","Free State","Irrigated","Pioneer","John Deere",19.9113432835821,877.316541353384,296.555789473684,285.840977443609,3.64706015037594,-1.15771721515279,1.31509634811518,1.29344548222192,1.30373775649338,0.0101803691264333,9.22205306509884
"Low","High","High","High","Medium","Mpumalanga","Irrigated","Pioneer","John Deere",19.9113432835821,877.316541353384,296.555789473684,285.840977443609,3.64706015037594,-1.15771721515279,1.31509634811518,1.29344548222192,1.30373775649338,0.0101803691264333,9.64580235879537
"Low","High","High","High","Medium","North West","Irrigated","Pioneer","John Deere",19.9113432835821,877.316541353384,296.555789473684,285.840977443609,3.64706015037594,-1.15771721515279,1.31509634811518,1.29344548222192,1.30373775649338,0.0101803691264333,8.80115692133715
"Low","High","High","High","Medium","Free State","Rainfed","Pannar","New Holland",19.9113432835821,877.316541353384,296.555789473684,285.840977443609,3.64706015037594,-1.15771721515279,1.31509634811518,1.29344548222192,1.30373775649338,0.0101803691264333,8.33374169728083
"Low","High","High","High","Medium","Mpumalanga","Rainfed","Pannar","New Holland",19.9113432835821,877.316541353384,296.555789473684,285.840977443609,3.64706015037594,-1.15771721515279,1.31509634811518,1.29344548222192,1.30373775649338,0.0101803691264333,8.59945552001806
"Low","High","High","High","High","Free State","Rainfed","Pannar","John Deere",19.9113432835821,877.316541353384,296.555789473684,285.840977443609,3.92764661654135,-1.15771721515279,1.31509634811518,1.29344548222192,1.30373775649338,1.2989009578967,8.16772311982564
"Low","High","High","High","High","Mpumalanga","Rainfed","Pannar","John Deere",19.9113432835821,877.316541353384,296.555789473684,285.840977443609,3.92764661654135,-1.15771721515279,1.31509634811518,1.29344548222192,1.30373775649338,1.2989009578967,7.92121465121068
"Low","High","High","High","High","North West","Rainfed","Pannar","John Deere",19.9113432835821,877.316541353384,296.555789473684,285.840977443609,3.92764661654135,-1.15771721515279,1.31509634811518,1.29344548222192,1.30373775649338,1.2989009578967,7.98434302629281
"Low","High","High","High","High","Free State","Irrigated","Pannar","John Deere",19.9113432835821,877.316541353384,296.555789473684,285.840977443609,3.92764661654135,-1.15771721515279,1.31509634811518,1.29344548222192,1.30373775649338,1.2989009578967,9.15122638567453
"Low","High","High","High","High","Mpumalanga","Irrigated","Pannar","John Deere",19.9113432835821,877.316541353384,296.555789473684,285.840977443609,3.92764661654135,-1.15771721515279,1.31509634811518,1.29344548222192,1.30373775649338,1.2989009578967,8.33322527983674
"Low","High","High","High","High","North West","Irrigated","Pannar","John Deere",19.9113432835821,877.316541353384,296.555789473684,285.840977443609,3.92764661654135,-1.15771721515279,1.31509634811518,1.29344548222192,1.30373775649338,1.2989009578967,9.41123623917906
"Low","High","High","High","High","Free State","Rainfed","Dekalb","John Deere",19.9113432835821,877.316541353384,296.555789473684,285.840977443609,3.92764661654135,-1.15771721515279,1.31509634811518,1.29344548222192,1.30373775649338,1.2989009578967,8.00399424038532
"Low","High","High","High","High","Mpumalanga","Rainfed","Dekalb","John Deere",19.9113432835821,877.316541353384,296.555789473684,285.840977443609,3.92764661654135,-1.15771721515279,1.31509634811518,1.29344548222192,1.30373775649338,1.2989009578967,8.62556093732629
"Low","High","High","High","High","North West","Rainfed","Dekalb","John Deere",19.9113432835821,877.316541353384,296.555789473684,285.840977443609,3.92764661654135,-1.15771721515279,1.31509634811518,1.29344548222192,1.30373775649338,1.2989009578967,8.4474851010469
"Low","High","High","High","High","Free State","Irrigated","Dekalb","John Deere",19.9113432835821,877.316541353384,296.555789473684,285.840977443609,3.92764661654135,-1.15771721515279,1.31509634811518,1.29344548222192,1.30373775649338,1.2989009578967,9.3755844836662
"Low","High","High","High","High","Mpumalanga","Irrigated","Dekalb","John Deere",19.9113432835821,877.316541353384,296.555789473684,285.840977443609,3.92764661654135,-1.15771721515279,1.31509634811518,1.29344548222192,1.30373775649338,1.2989009578967,8.91262119194383
"Low","High","High","High","High","North West","Irrigated","Dekalb","John Deere",19.9113432835821,877.316541353384,296.555789473684,285.840977443609,3.92764661654135,-1.15771721515279,1.31509634811518,1.29344548222192,1.30373775649338,1.2989009578967,9.74967997837625
"Low","High","High","High","High","Free State","Rainfed","Pioneer","John Deere",19.9113432835821,877.316541353384,296.555789473684,285.840977443609,3.92764661654135,-1.15771721515279,1.31509634811518,1.29344548222192,1.30373775649338,1.2989009578967,9.72722040543263
"Low","High","High","High","High","Mpumalanga","Rainfed","Pioneer","John Deere",19.9113432835821,877.316541353384,296.555789473684,285.840977443609,3.92764661654135,-1.15771721515279,1.31509634811518,1.29344548222192,1.30373775649338,1.2989009578967,9.22148413022969
"Low","High","High","High","High","North West","Rainfed","Pioneer","John Deere",19.9113432835821,877.316541353384,296.555789473684,285.840977443609,3.92764661654135,-1.15771721515279,1.31509634811518,1.29344548222192,1.30373775649338,1.2989009578967,9.43288087939499
"Low","High","High","High","High","Free State","Irrigated","Pioneer","John Deere",19.9113432835821,877.316541353384,296.555789473684,285.840977443609,3.92764661654135,-1.15771721515279,1.31509634811518,1.29344548222192,1.30373775649338,1.2989009578967,9.52446089734548
"Low","High","High","High","High","Mpumalanga","Irrigated","Pioneer","John Deere",19.9113432835821,877.316541353384,296.555789473684,285.840977443609,3.92764661654135,-1.15771721515279,1.31509634811518,1.29344548222192,1.30373775649338,1.2989009578967,8.66689364444747
"Low","High","High","High","High","North West","Irrigated","Pioneer","John Deere",19.9113432835821,877.316541353384,296.555789473684,285.840977443609,3.92764661654135,-1.15771721515279,1.31509634811518,1.29344548222192,1.30373775649338,1.2989009578967,9.6615127932299
"Low","High","High","High","High","Free State","Rainfed","Pannar","New Holland",19.9113432835821,877.316541353384,296.555789473684,285.840977443609,3.92764661654135,-1.15771721515279,1.31509634811518,1.29344548222192,1.30373775649338,1.2989009578967,8.9469628000322
"Low","High","High","High","High","Mpumalanga","Rainfed","Pannar","New Holland",19.9113432835821,877.316541353384,296.555789473684,285.840977443609,3.92764661654135,-1.15771721515279,1.31509634811518,1.29344548222192,1.30373775649338,1.2989009578967,8.63310947475631
"Medium","Low","Low","Low","Low","Free State","Rainfed","Pannar","John Deere",23.2161654135338,408,135.153059701493,144.721044776119,3.38760447761194,0.00972989429379715,-1.18155572794745,-1.11851500073808,-1.16038181241284,-1.18148746836324,2.86462918449607
"Medium","Low","Low","Low","Low","Mpumalanga","Rainfed","Pannar","John Deere",23.2161654135338,408,135.153059701493,144.721044776119,3.38760447761194,0.00972989429379715,-1.18155572794745,-1.11851500073808,-1.16038181241284,-1.18148746836324,3.93633431432499
"Medium","Low","Low","Low","Low","North West","Rainfed","Pannar","John Deere",23.2161654135338,408,135.153059701493,144.721044776119,3.38760447761194,0.00972989429379715,-1.18155572794745,-1.11851500073808,-1.16038181241284,-1.18148746836324,3.60462531620078
"Medium","Low","Low","Low","Low","Free State","Irrigated","Pannar","John Deere",23.2161654135338,408,135.153059701493,144.721044776119,3.38760447761194,0.00972989429379715,-1.18155572794745,-1.11851500073808,-1.16038181241284,-1.18148746836324,4.66184135452755
"Medium","Low","Low","Low","Low","Mpumalanga","Irrigated","Pannar","John Deere",23.2161654135338,408,135.153059701493,144.721044776119,3.38760447761194,0.00972989429379715,-1.18155572794745,-1.11851500073808,-1.16038181241284,-1.18148746836324,3.93063466225131
"Medium","Low","Low","Low","Low","North West","Irrigated","Pannar","John Deere",23.2161654135338,408,135.153059701493,144.721044776119,3.38760447761194,0.00972989429379715,-1.18155572794745,-1.11851500073808,-1.16038181241284,-1.18148746836324,5.47235239912554
"Medium","Low","Low","Low","Low","Free State","Rainfed","Dekalb","John Deere",23.2161654135338,408,135.153059701493,144.721044776119,3.38760447761194,0.00972989429379715,-1.18155572794745,-1.11851500073808,-1.16038181241284,-1.18148746836324,4.9331716428164
"Medium","Low","Low","Low","Low","Mpumalanga","Rainfed","Dekalb","John Deere",23.2161654135338,408,135.153059701493,144.721044776119,3.38760447761194,0.00972989429379715,-1.18155572794745,-1.11851500073808,-1.16038181241284,-1.18148746836324,5.44959698686648
"Medium","Low","Low","Low","Low","North West","Rainfed","Dekalb","John Deere",23.2161654135338,408,135.153059701493,144.721044776119,3.38760447761194,0.00972989429379715,-1.18155572794745,-1.11851500073808,-1.16038181241284,-1.18148746836324,4.83645771572528
"Medium","Low","Low","Low","Low","Free State","Irrigated","Dekalb","John Deere",23.2161654135338,408,135.153059701493,144.721044776119,3.38760447761194,0.00972989429379715,-1.18155572794745,-1.11851500073808,-1.16038181241284,-1.18148746836324,4.81646572742912
"Medium","Low","Low","Low","Low","Mpumalanga","Irrigated","Dekalb","John Deere",23.2161654135338,408,135.153059701493,144.721044776119,3.38760447761194,0.00972989429379715,-1.18155572794745,-1.11851500073808,-1.16038181241284,-1.18148746836324,5.45909599667957
"Medium","Low","Low","Low","Low","North West","Irrigated","Dekalb","John Deere",23.2161654135338,408,135.153059701493,144.721044776119,3.38760447761194,0.00972989429379715,-1.18155572794745,-1.11851500073808,-1.16038181241284,-1.18148746836324,5.03213843265287
"Medium","Low","Low","Low","Low","Free State","Rainfed","Pioneer","John Deere",23.2161654135338,408,135.153059701493,144.721044776119,3.38760447761194,0.00972989429379715,-1.18155572794745,-1.11851500073808,-1.16038181241284,-1.18148746836324,4.3203215576953
"Medium","Low","Low","Low","Low","Mpumalanga","Rainfed","Pioneer","John Deere",23.2161654135338,408,135.153059701493,144.721044776119,3.38760447761194,0.00972989429379715,-1.18155572794745,-1.11851500073808,-1.16038181241284,-1.18148746836324,3.60289897526741
"Medium","Low","Low","Low","Low","North West","Rainfed","Pioneer","John Deere",23.2161654135338,408,135.153059701493,144.721044776119,3.38760447761194,0.00972989429379715,-1.18155572794745,-1.11851500073808,-1.16038181241284,-1.18148746836324,3.61861082586472
"Medium","Low","Low","Low","Low","Free State","Irrigated","Pioneer","John Deere",23.2161654135338,408,135.153059701493,144.721044776119,3.38760447761194,0.00972989429379715,-1.18155572794745,-1.11851500073808,-1.16038181241284,-1.18148746836324,4.44659947752905
"Medium","Low","Low","Low","Low","Mpumalanga","Irrigated","Pioneer","John Deere",23.2161654135338,408,135.153059701493,144.721044776119,3.38760447761194,0.00972989429379715,-1.18155572794745,-1.11851500073808,-1.16038181241284,-1.18148746836324,5.44261170081792
"Medium","Low","Low","Low","Low","North West","Irrigated","Pioneer","John Deere",23.2161654135338,408,135.153059701493,144.721044776119,3.38760447761194,0.00972989429379715,-1.18155572794745,-1.11851500073808,-1.16038181241284,-1.18148746836324,6.39826449368004
"Medium","Low","Low","Low","Low","Free State","Rainfed","Pannar","New Holland",23.2161654135338,408,135.153059701493,144.721044776119,3.38760447761194,0.00972989429379715,-1.18155572794745,-1.11851500073808,-1.16038181241284,-1.18148746836324,4.0767520257183
"Medium","Low","Low","Low","Low","Mpumalanga","Rainfed","Pannar","New Holland",23.2161654135338,408,135.153059701493,144.721044776119,3.38760447761194,0.00972989429379715,-1.18155572794745,-1.11851500073808,-1.16038181241284,-1.18148746836324,4.79019796957843
"Medium","Low","Low","Medium","Low","Free State","Rainfed","Pannar","John Deere",23.2161654135338,408,135.153059701493,200.322781954887,3.38760447761194,0.00972989429379715,-1.18155572794745,-1.11851500073808,-0.189510256158578,-1.18148746836324,3.17595162354558
"Medium","Low","Low","Medium","Low","Mpumalanga","Rainfed","Pannar","John Deere",23.2161654135338,408,135.153059701493,200.322781954887,3.38760447761194,0.00972989429379715,-1.18155572794745,-1.11851500073808,-0.189510256158578,-1.18148746836324,4.33800660226697
"Medium","Low","Low","Medium","Low","North West","Rainfed","Pannar","John Deere",23.2161654135338,408,135.153059701493,200.322781954887,3.38760447761194,0.00972989429379715,-1.18155572794745,-1.11851500073808,-0.189510256158578,-1.18148746836324,4.45304454493954
"Medium","Low","Low","Medium","Low","Free State","Irrigated","Pannar","John Deere",23.2161654135338,408,135.153059701493,200.322781954887,3.38760447761194,0.00972989429379715,-1.18155572794745,-1.11851500073808,-0.189510256158578,-1.18148746836324,4.95084190577392
"Medium","Low","Low","Medium","Low","Mpumalanga","Irrigated","Pannar","John Deere",23.2161654135338,408,135.153059701493,200.322781954887,3.38760447761194,0.00972989429379715,-1.18155572794745,-1.11851500073808,-0.189510256158578,-1.18148746836324,5.27078672400392
"Medium","Low","Low","Medium","Low","North West","Irrigated","Pannar","John Deere",23.2161654135338,408,135.153059701493,200.322781954887,3.38760447761194,0.00972989429379715,-1.18155572794745,-1.11851500073808,-0.189510256158578,-1.18148746836324,4.67777235853477
"Medium","Low","Low","Medium","Low","Free State","Rainfed","Dekalb","John Deere",23.2161654135338,408,135.153059701493,200.322781954887,3.38760447761194,0.00972989429379715,-1.18155572794745,-1.11851500073808,-0.189510256158578,-1.18148746836324,4.22420214461941
"Medium","Low","Low","Medium","Low","Mpumalanga","Rainfed","Dekalb","John Deere",23.2161654135338,408,135.153059701493,200.322781954887,3.38760447761194,0.00972989429379715,-1.18155572794745,-1.11851500073808,-0.189510256158578,-1.18148746836324,5.43710320984465
"Medium","Low","Low","Medium","Low","North West","Rainfed","Dekalb","John Deere",23.2161654135338,408,135.153059701493,200.322781954887,3.38760447761194,0.00972989429379715,-1.18155572794745,-1.11851500073808,-0.189510256158578,-1.18148746836324,4.99565988216465
"Medium","Low","Low","Medium","Low","Free State","Irrigated","Dekalb","John Deere",23.2161654135338,408,135.153059701493,200.322781954887,3.38760447761194,0.00972989429379715,-1.18155572794745,-1.11851500073808,-0.189510256158578,-1.18148746836324,4.61721196437006
"Medium","Low","Low","Medium","Low","Mpumalanga","Irrigated","Dekalb","John Deere",23.2161654135338,408,135.153059701493,200.322781954887,3.38760447761194,0.00972989429379715,-1.18155572794745,-1.11851500073808,-0.189510256158578,-1.18148746836324,5.31895714156431
"Medium","Low","Low","Medium","Low","North West","Irrigated","Dekalb","John Deere",23.2161654135338,408,135.153059701493,200.322781954887,3.38760447761194,0.00972989429379715,-1.18155572794745,-1.11851500073808,-0.189510256158578,-1.18148746836324,4.86820703534192
"Medium","Low","Low","Medium","Low","Free State","Rainfed","Pioneer","John Deere",23.2161654135338,408,135.153059701493,200.322781954887,3.38760447761194,0.00972989429379715,-1.18155572794745,-1.11851500073808,-0.189510256158578,-1.18148746836324,5.25253017858829
"Medium","Low","Low","Medium","Low","Mpumalanga","Rainfed","Pioneer","John Deere",23.2161654135338,408,135.153059701493,200.322781954887,3.38760447761194,0.00972989429379715,-1.18155572794745,-1.11851500073808,-0.189510256158578,-1.18148746836324,5.09381284002438
"Medium","Low","Low","Medium","Low","North West","Rainfed","Pioneer","John Deere",23.2161654135338,408,135.153059701493,200.322781954887,3.38760447761194,0.00972989429379715,-1.18155572794745,-1.11851500073808,-0.189510256158578,-1.18148746836324,2.83622158560629
"Medium","Low","Low","Medium","Low","Free State","Irrigated","Pioneer","John Deere",23.2161654135338,408,135.153059701493,200.322781954887,3.38760447761194,0.00972989429379715,-1.18155572794745,-1.11851500073808,-0.189510256158578,-1.18148746836324,5.85927104080363
"Medium","Low","Low","Medium","Low","Mpumalanga","Irrigated","Pioneer","John Deere",23.2161654135338,408,135.153059701493,200.322781954887,3.38760447761194,0.00972989429379715,-1.18155572794745,-1.11851500073808,-0.189510256158578,-1.18148746836324,4.66304815323713
"Medium","Low","Low","Medium","Low","North West","Irrigated","Pioneer","John Deere",23.2161654135338,408,135.153059701493,200.322781954887,3.38760447761194,0.00972989429379715,-1.18155572794745,-1.11851500073808,-0.189510256158578,-1.18148746836324,5.05310232522484
"Medium","Low","Low","Medium","Low","Free State","Rainfed","Pannar","New Holland",23.2161654135338,408,135.153059701493,200.322781954887,3.38760447761194,0.00972989429379715,-1.18155572794745,-1.11851500073808,-0.189510256158578,-1.18148746836324,4.3891171243839
"Medium","Low","Low","Medium","Low","Mpumalanga","Rainfed","Pannar","New Holland",23.2161654135338,408,135.153059701493,200.322781954887,3.38760447761194,0.00972989429379715,-1.18155572794745,-1.11851500073808,-0.189510256158578,-1.18148746836324,4.44597745749918
"Medium","Low","Low","Medium","Medium","Free State","Rainfed","Pannar","John Deere",23.2161654135338,408,135.153059701493,200.322781954887,3.64706015037594,0.00972989429379715,-1.18155572794745,-1.11851500073808,-0.189510256158578,0.0101803691264333,5.20834312809372
"Medium","Low","Low","Medium","Medium","Mpumalanga","Rainfed","Pannar","John Deere",23.2161654135338,408,135.153059701493,200.322781954887,3.64706015037594,0.00972989429379715,-1.18155572794745,-1.11851500073808,-0.189510256158578,0.0101803691264333,4.03046903218349
"Medium","Low","Low","Medium","Medium","North West","Rainfed","Pannar","John Deere",23.2161654135338,408,135.153059701493,200.322781954887,3.64706015037594,0.00972989429379715,-1.18155572794745,-1.11851500073808,-0.189510256158578,0.0101803691264333,5.5576986816561
"Medium","Low","Low","Medium","Medium","Free State","Irrigated","Pannar","John Deere",23.2161654135338,408,135.153059701493,200.322781954887,3.64706015037594,0.00972989429379715,-1.18155572794745,-1.11851500073808,-0.189510256158578,0.0101803691264333,5.6682154078246
"Medium","Low","Low","Medium","Medium","Mpumalanga","Irrigated","Pannar","John Deere",23.2161654135338,408,135.153059701493,200.322781954887,3.64706015037594,0.00972989429379715,-1.18155572794745,-1.11851500073808,-0.189510256158578,0.0101803691264333,6.20620856139311
"Medium","Low","Low","Medium","Medium","North West","Irrigated","Pannar","John Deere",23.2161654135338,408,135.153059701493,200.322781954887,3.64706015037594,0.00972989429379715,-1.18155572794745,-1.11851500073808,-0.189510256158578,0.0101803691264333,5.60382974695355
"Medium","Low","Low","Medium","Medium","Free State","Rainfed","Dekalb","John Deere",23.2161654135338,408,135.153059701493,200.322781954887,3.64706015037594,0.00972989429379715,-1.18155572794745,-1.11851500073808,-0.189510256158578,0.0101803691264333,5.1234231589524
"Medium","Low","Low","Medium","Medium","Mpumalanga","Rainfed","Dekalb","John Deere",23.2161654135338,408,135.153059701493,200.322781954887,3.64706015037594,0.00972989429379715,-1.18155572794745,-1.11851500073808,-0.189510256158578,0.0101803691264333,5.73232071057261
"Medium","Low","Low","Medium","Medium","North West","Rainfed","Dekalb","John Deere",23.2161654135338,408,135.153059701493,200.322781954887,3.64706015037594,0.00972989429379715,-1.18155572794745,-1.11851500073808,-0.189510256158578,0.0101803691264333,5.50675467680491
"Medium","Low","Low","Medium","Medium","Free State","Irrigated","Dekalb","John Deere",23.2161654135338,408,135.153059701493,200.322781954887,3.64706015037594,0.00972989429379715,-1.18155572794745,-1.11851500073808,-0.189510256158578,0.0101803691264333,5.68316859804572
"Medium","Low","Low","Medium","Medium","Mpumalanga","Irrigated","Dekalb","John Deere",23.2161654135338,408,135.153059701493,200.322781954887,3.64706015037594,0.00972989429379715,-1.18155572794745,-1.11851500073808,-0.189510256158578,0.0101803691264333,4.73462533020967
"Medium","Low","Low","Medium","Medium","North West","Irrigated","Dekalb","John Deere",23.2161654135338,408,135.153059701493,200.322781954887,3.64706015037594,0.00972989429379715,-1.18155572794745,-1.11851500073808,-0.189510256158578,0.0101803691264333,5.80548355683212
"Medium","Low","Low","Medium","Medium","Free State","Rainfed","Pioneer","John Deere",23.2161654135338,408,135.153059701493,200.322781954887,3.64706015037594,0.00972989429379715,-1.18155572794745,-1.11851500073808,-0.189510256158578,0.0101803691264333,3.73461607584432
"Medium","Low","Low","Medium","Medium","Mpumalanga","Rainfed","Pioneer","John Deere",23.2161654135338,408,135.153059701493,200.322781954887,3.64706015037594,0.00972989429379715,-1.18155572794745,-1.11851500073808,-0.189510256158578,0.0101803691264333,4.90437303193229
"Medium","Low","Low","Medium","Medium","North West","Rainfed","Pioneer","John Deere",23.2161654135338,408,135.153059701493,200.322781954887,3.64706015037594,0.00972989429379715,-1.18155572794745,-1.11851500073808,-0.189510256158578,0.0101803691264333,4.85722411807214
"Medium","Low","Low","Medium","Medium","Free State","Irrigated","Pioneer","John Deere",23.2161654135338,408,135.153059701493,200.322781954887,3.64706015037594,0.00972989429379715,-1.18155572794745,-1.11851500073808,-0.189510256158578,0.0101803691264333,5.19870482662904
"Medium","Low","Low","Medium","Medium","Mpumalanga","Irrigated","Pioneer","John Deere",23.2161654135338,408,135.153059701493,200.322781954887,3.64706015037594,0.00972989429379715,-1.18155572794745,-1.11851500073808,-0.189510256158578,0.0101803691264333,4.63671724778206
"Medium","Low","Low","Medium","Medium","North West","Irrigated","Pioneer","John Deere",23.2161654135338,408,135.153059701493,200.322781954887,3.64706015037594,0.00972989429379715,-1.18155572794745,-1.11851500073808,-0.189510256158578,0.0101803691264333,4.79895596249298
"Medium","Low","Low","Medium","Medium","Free State","Rainfed","Pannar","New Holland",23.2161654135338,408,135.153059701493,200.322781954887,3.64706015037594,0.00972989429379715,-1.18155572794745,-1.11851500073808,-0.189510256158578,0.0101803691264333,5.40767538015609
"Medium","Low","Low","Medium","Medium","Mpumalanga","Rainfed","Pannar","New Holland",23.2161654135338,408,135.153059701493,200.322781954887,3.64706015037594,0.00972989429379715,-1.18155572794745,-1.11851500073808,-0.189510256158578,0.0101803691264333,4.19663109742375
"Medium","Low","Low","High","Low","Free State","Rainfed","Pannar","John Deere",23.2161654135338,408,135.153059701493,285.840977443609,3.38760447761194,0.00972989429379715,-1.18155572794745,-1.11851500073808,1.30373775649338,-1.18148746836324,5.34960386349597
"Medium","Low","Low","High","Low","Mpumalanga","Rainfed","Pannar","John Deere",23.2161654135338,408,135.153059701493,285.840977443609,3.38760447761194,0.00972989429379715,-1.18155572794745,-1.11851500073808,1.30373775649338,-1.18148746836324,4.55683774777489
"Medium","Low","Low","High","Low","North West","Rainfed","Pannar","John Deere",23.2161654135338,408,135.153059701493,285.840977443609,3.38760447761194,0.00972989429379715,-1.18155572794745,-1.11851500073808,1.30373775649338,-1.18148746836324,4.89554268413417
"Medium","Low","Low","High","Low","Free State","Irrigated","Pannar","John Deere",23.2161654135338,408,135.153059701493,285.840977443609,3.38760447761194,0.00972989429379715,-1.18155572794745,-1.11851500073808,1.30373775649338,-1.18148746836324,5.46860885968785
"Medium","Low","Low","High","Low","Mpumalanga","Irrigated","Pannar","John Deere",23.2161654135338,408,135.153059701493,285.840977443609,3.38760447761194,0.00972989429379715,-1.18155572794745,-1.11851500073808,1.30373775649338,-1.18148746836324,5.48447650139102
"Medium","Low","Low","High","Low","North West","Irrigated","Pannar","John Deere",23.2161654135338,408,135.153059701493,285.840977443609,3.38760447761194,0.00972989429379715,-1.18155572794745,-1.11851500073808,1.30373775649338,-1.18148746836324,4.17234406781022
"Medium","Low","Low","High","Low","Free State","Rainfed","Dekalb","John Deere",23.2161654135338,408,135.153059701493,285.840977443609,3.38760447761194,0.00972989429379715,-1.18155572794745,-1.11851500073808,1.30373775649338,-1.18148746836324,5.71402156448711
"Medium","Low","Low","High","Low","Mpumalanga","Rainfed","Dekalb","John Deere",23.2161654135338,408,135.153059701493,285.840977443609,3.38760447761194,0.00972989429379715,-1.18155572794745,-1.11851500073808,1.30373775649338,-1.18148746836324,5.80846630365148
"Medium","Low","Low","High","Low","North West","Rainfed","Dekalb","John Deere",23.2161654135338,408,135.153059701493,285.840977443609,3.38760447761194,0.00972989429379715,-1.18155572794745,-1.11851500073808,1.30373775649338,-1.18148746836324,4.92491390613224
"Medium","Low","Low","High","Low","Free State","Irrigated","Dekalb","John Deere",23.2161654135338,408,135.153059701493,285.840977443609,3.38760447761194,0.00972989429379715,-1.18155572794745,-1.11851500073808,1.30373775649338,-1.18148746836324,5.05884988964192
"Medium","Low","Low","High","Low","Mpumalanga","Irrigated","Dekalb","John Deere",23.2161654135338,408,135.153059701493,285.840977443609,3.38760447761194,0.00972989429379715,-1.18155572794745,-1.11851500073808,1.30373775649338,-1.18148746836324,5.55707510945755
"Medium","Low","Low","High","Low","North West","Irrigated","Dekalb","John Deere",23.2161654135338,408,135.153059701493,285.840977443609,3.38760447761194,0.00972989429379715,-1.18155572794745,-1.11851500073808,1.30373775649338,-1.18148746836324,6.18477428012079
"Medium","Low","Low","High","Low","Free State","Rainfed","Pioneer","John Deere",23.2161654135338,408,135.153059701493,285.840977443609,3.38760447761194,0.00972989429379715,-1.18155572794745,-1.11851500073808,1.30373775649338,-1.18148746836324,4.34555584462416
"Medium","Low","Low","High","Low","Mpumalanga","Rainfed","Pioneer","John Deere",23.2161654135338,408,135.153059701493,285.840977443609,3.38760447761194,0.00972989429379715,-1.18155572794745,-1.11851500073808,1.30373775649338,-1.18148746836324,4.74207781142776
"Medium","Low","Low","High","Low","North West","Rainfed","Pioneer","John Deere",23.2161654135338,408,135.153059701493,285.840977443609,3.38760447761194,0.00972989429379715,-1.18155572794745,-1.11851500073808,1.30373775649338,-1.18148746836324,4.20308584994895
"Medium","Low","Low","High","Low","Free State","Irrigated","Pioneer","John Deere",23.2161654135338,408,135.153059701493,285.840977443609,3.38760447761194,0.00972989429379715,-1.18155572794745,-1.11851500073808,1.30373775649338,-1.18148746836324,5.79167068220067
"Medium","Low","Low","High","Low","Mpumalanga","Irrigated","Pioneer","John Deere",23.2161654135338,408,135.153059701493,285.840977443609,3.38760447761194,0.00972989429379715,-1.18155572794745,-1.11851500073808,1.30373775649338,-1.18148746836324,4.88200145287316
"Medium","Low","Low","High","Low","North West","Irrigated","Pioneer","John Deere",23.2161654135338,408,135.153059701493,285.840977443609,3.38760447761194,0.00972989429379715,-1.18155572794745,-1.11851500073808,1.30373775649338,-1.18148746836324,5.68463650054671
"Medium","Low","Low","High","Low","Free State","Rainfed","Pannar","New Holland",23.2161654135338,408,135.153059701493,285.840977443609,3.38760447761194,0.00972989429379715,-1.18155572794745,-1.11851500073808,1.30373775649338,-1.18148746836324,4.74238435899108
"Medium","Low","Low","High","Low","Mpumalanga","Rainfed","Pannar","New Holland",23.2161654135338,408,135.153059701493,285.840977443609,3.38760447761194,0.00972989429379715,-1.18155572794745,-1.11851500073808,1.30373775649338,-1.18148746836324,4.01302906876654
"Medium","Low","Low","High","Medium","Free State","Rainfed","Pannar","John Deere",23.2161654135338,408,135.153059701493,285.840977443609,3.64706015037594,0.00972989429379715,-1.18155572794745,-1.11851500073808,1.30373775649338,0.0101803691264333,5.20666675387987
"Medium","Low","Low","High","Medium","Mpumalanga","Rainfed","Pannar","John Deere",23.2161654135338,408,135.153059701493,285.840977443609,3.64706015037594,0.00972989429379715,-1.18155572794745,-1.11851500073808,1.30373775649338,0.0101803691264333,4.90039712207862
"Medium","Low","Low","High","Medium","North West","Rainfed","Pannar","John Deere",23.2161654135338,408,135.153059701493,285.840977443609,3.64706015037594,0.00972989429379715,-1.18155572794745,-1.11851500073808,1.30373775649338,0.0101803691264333,6.01004935206713
"Medium","Low","Low","High","Medium","Free State","Irrigated","Pannar","John Deere",23.2161654135338,408,135.153059701493,285.840977443609,3.64706015037594,0.00972989429379715,-1.18155572794745,-1.11851500073808,1.30373775649338,0.0101803691264333,5.31926142709466
"Medium","Low","Low","High","Medium","Mpumalanga","Irrigated","Pannar","John Deere",23.2161654135338,408,135.153059701493,285.840977443609,3.64706015037594,0.00972989429379715,-1.18155572794745,-1.11851500073808,1.30373775649338,0.0101803691264333,4.89580188236655
"Medium","Low","Low","High","Medium","North West","Irrigated","Pannar","John Deere",23.2161654135338,408,135.153059701493,285.840977443609,3.64706015037594,0.00972989429379715,-1.18155572794745,-1.11851500073808,1.30373775649338,0.0101803691264333,6.93001120498592
"Medium","Low","Low","High","Medium","Free State","Rainfed","Dekalb","John Deere",23.2161654135338,408,135.153059701493,285.840977443609,3.64706015037594,0.00972989429379715,-1.18155572794745,-1.11851500073808,1.30373775649338,0.0101803691264333,5.12112960090965
"Medium","Low","Low","High","Medium","Mpumalanga","Rainfed","Dekalb","John Deere",23.2161654135338,408,135.153059701493,285.840977443609,3.64706015037594,0.00972989429379715,-1.18155572794745,-1.11851500073808,1.30373775649338,0.0101803691264333,6.03848365778864
"Medium","Low","Low","High","Medium","North West","Rainfed","Dekalb","John Deere",23.2161654135338,408,135.153059701493,285.840977443609,3.64706015037594,0.00972989429379715,-1.18155572794745,-1.11851500073808,1.30373775649338,0.0101803691264333,4.93232501219097
"Medium","Low","Low","High","Medium","Free State","Irrigated","Dekalb","John Deere",23.2161654135338,408,135.153059701493,285.840977443609,3.64706015037594,0.00972989429379715,-1.18155572794745,-1.11851500073808,1.30373775649338,0.0101803691264333,5.86390135713613
"Medium","Low","Low","High","Medium","Mpumalanga","Irrigated","Dekalb","John Deere",23.2161654135338,408,135.153059701493,285.840977443609,3.64706015037594,0.00972989429379715,-1.18155572794745,-1.11851500073808,1.30373775649338,0.0101803691264333,5.37928833346282
"Medium","Low","Low","High","Medium","North West","Irrigated","Dekalb","John Deere",23.2161654135338,408,135.153059701493,285.840977443609,3.64706015037594,0.00972989429379715,-1.18155572794745,-1.11851500073808,1.30373775649338,0.0101803691264333,5.32182791911208
"Medium","Low","Low","High","Medium","Free State","Rainfed","Pioneer","John Deere",23.2161654135338,408,135.153059701493,285.840977443609,3.64706015037594,0.00972989429379715,-1.18155572794745,-1.11851500073808,1.30373775649338,0.0101803691264333,5.03838452574293
"Medium","Low","Low","High","Medium","Mpumalanga","Rainfed","Pioneer","John Deere",23.2161654135338,408,135.153059701493,285.840977443609,3.64706015037594,0.00972989429379715,-1.18155572794745,-1.11851500073808,1.30373775649338,0.0101803691264333,4.99326984580237
"Medium","Low","Low","High","Medium","North West","Rainfed","Pioneer","John Deere",23.2161654135338,408,135.153059701493,285.840977443609,3.64706015037594,0.00972989429379715,-1.18155572794745,-1.11851500073808,1.30373775649338,0.0101803691264333,4.49176850980302
"Medium","Low","Low","High","Medium","Free State","Irrigated","Pioneer","John Deere",23.2161654135338,408,135.153059701493,285.840977443609,3.64706015037594,0.00972989429379715,-1.18155572794745,-1.11851500073808,1.30373775649338,0.0101803691264333,5.55314651682895
"Medium","Low","Low","High","Medium","Mpumalanga","Irrigated","Pioneer","John Deere",23.2161654135338,408,135.153059701493,285.840977443609,3.64706015037594,0.00972989429379715,-1.18155572794745,-1.11851500073808,1.30373775649338,0.0101803691264333,5.32054949100674
"Medium","Low","Low","High","Medium","North West","Irrigated","Pioneer","John Deere",23.2161654135338,408,135.153059701493,285.840977443609,3.64706015037594,0.00972989429379715,-1.18155572794745,-1.11851500073808,1.30373775649338,0.0101803691264333,5.66937643210605
"Medium","Low","Low","High","Medium","Free State","Rainfed","Pannar","New Holland",23.2161654135338,408,135.153059701493,285.840977443609,3.64706015037594,0.00972989429379715,-1.18155572794745,-1.11851500073808,1.30373775649338,0.0101803691264333,4.95714950796453
"Medium","Low","Low","High","Medium","Mpumalanga","Rainfed","Pannar","New Holland",23.2161654135338,408,135.153059701493,285.840977443609,3.64706015037594,0.00972989429379715,-1.18155572794745,-1.11851500073808,1.30373775649338,0.0101803691264333,4.59819406656134
"Medium","Low","Medium","Low","Low","Free State","Rainfed","Pannar","John Deere",23.2161654135338,408,194.092857142857,144.721044776119,3.38760447761194,0.00972989429379715,-1.18155572794745,-0.237733972419121,-1.16038181241284,-1.18148746836324,5.54844970247247
"Medium","Low","Medium","Low","Low","Mpumalanga","Rainfed","Pannar","John Deere",23.2161654135338,408,194.092857142857,144.721044776119,3.38760447761194,0.00972989429379715,-1.18155572794745,-0.237733972419121,-1.16038181241284,-1.18148746836324,5.18990063729648
"Medium","Low","Medium","Low","Low","North West","Rainfed","Pannar","John Deere",23.2161654135338,408,194.092857142857,144.721044776119,3.38760447761194,0.00972989429379715,-1.18155572794745,-0.237733972419121,-1.16038181241284,-1.18148746836324,5.39867807031486
"Medium","Low","Medium","Low","Low","Free State","Irrigated","Pannar","John Deere",23.2161654135338,408,194.092857142857,144.721044776119,3.38760447761194,0.00972989429379715,-1.18155572794745,-0.237733972419121,-1.16038181241284,-1.18148746836324,5.12597968404229
"Medium","Low","Medium","Low","Low","Mpumalanga","Irrigated","Pannar","John Deere",23.2161654135338,408,194.092857142857,144.721044776119,3.38760447761194,0.00972989429379715,-1.18155572794745,-0.237733972419121,-1.16038181241284,-1.18148746836324,5.00631768928584
"Medium","Low","Medium","Low","Low","North West","Irrigated","Pannar","John Deere",23.2161654135338,408,194.092857142857,144.721044776119,3.38760447761194,0.00972989429379715,-1.18155572794745,-0.237733972419121,-1.16038181241284,-1.18148746836324,5.86626294150332
"Medium","Low","Medium","Low","Low","Free State","Rainfed","Dekalb","John Deere",23.2161654135338,408,194.092857142857,144.721044776119,3.38760447761194,0.00972989429379715,-1.18155572794745,-0.237733972419121,-1.16038181241284,-1.18148746836324,4.95340405450296
"Medium","Low","Medium","Low","Low","Mpumalanga","Rainfed","Dekalb","John Deere",23.2161654135338,408,194.092857142857,144.721044776119,3.38760447761194,0.00972989429379715,-1.18155572794745,-0.237733972419121,-1.16038181241284,-1.18148746836324,4.62031714387076
"Medium","Low","Medium","Low","Low","North West","Rainfed","Dekalb","John Deere",23.2161654135338,408,194.092857142857,144.721044776119,3.38760447761194,0.00972989429379715,-1.18155572794745,-0.237733972419121,-1.16038181241284,-1.18148746836324,5.44030151400128
"Medium","Low","Medium","Low","Low","Free State","Irrigated","Dekalb","John Deere",23.2161654135338,408,194.092857142857,144.721044776119,3.38760447761194,0.00972989429379715,-1.18155572794745,-0.237733972419121,-1.16038181241284,-1.18148746836324,5.49636339162491
"Medium","Low","Medium","Low","Low","Mpumalanga","Irrigated","Dekalb","John Deere",23.2161654135338,408,194.092857142857,144.721044776119,3.38760447761194,0.00972989429379715,-1.18155572794745,-0.237733972419121,-1.16038181241284,-1.18148746836324,5.05898007140645
"Medium","Low","Medium","Low","Low","North West","Irrigated","Dekalb","John Deere",23.2161654135338,408,194.092857142857,144.721044776119,3.38760447761194,0.00972989429379715,-1.18155572794745,-0.237733972419121,-1.16038181241284,-1.18148746836324,5.1148603655318
"Medium","Low","Medium","Low","Low","Free State","Rainfed","Pioneer","John Deere",23.2161654135338,408,194.092857142857,144.721044776119,3.38760447761194,0.00972989429379715,-1.18155572794745,-0.237733972419121,-1.16038181241284,-1.18148746836324,4.87064409076474
"Medium","Low","Medium","Low","Low","Mpumalanga","Rainfed","Pioneer","John Deere",23.2161654135338,408,194.092857142857,144.721044776119,3.38760447761194,0.00972989429379715,-1.18155572794745,-0.237733972419121,-1.16038181241284,-1.18148746836324,4.07363414442631
"Medium","Low","Medium","Low","Low","North West","Rainfed","Pioneer","John Deere",23.2161654135338,408,194.092857142857,144.721044776119,3.38760447761194,0.00972989429379715,-1.18155572794745,-0.237733972419121,-1.16038181241284,-1.18148746836324,4.08712994641066
"Medium","Low","Medium","Low","Low","Free State","Irrigated","Pioneer","John Deere",23.2161654135338,408,194.092857142857,144.721044776119,3.38760447761194,0.00972989429379715,-1.18155572794745,-0.237733972419121,-1.16038181241284,-1.18148746836324,5.38739412302058
"Medium","Low","Medium","Low","Low","Mpumalanga","Irrigated","Pioneer","John Deere",23.2161654135338,408,194.092857142857,144.721044776119,3.38760447761194,0.00972989429379715,-1.18155572794745,-0.237733972419121,-1.16038181241284,-1.18148746836324,6.1345620977579
"Medium","Low","Medium","Low","Low","North West","Irrigated","Pioneer","John Deere",23.2161654135338,408,194.092857142857,144.721044776119,3.38760447761194,0.00972989429379715,-1.18155572794745,-0.237733972419121,-1.16038181241284,-1.18148746836324,6.07446102839188
"Medium","Low","Medium","Low","Low","Free State","Rainfed","Pannar","New Holland",23.2161654135338,408,194.092857142857,144.721044776119,3.38760447761194,0.00972989429379715,-1.18155572794745,-0.237733972419121,-1.16038181241284,-1.18148746836324,4.01757612391369
"Medium","Low","Medium","Low","Low","Mpumalanga","Rainfed","Pannar","New Holland",23.2161654135338,408,194.092857142857,144.721044776119,3.38760447761194,0.00972989429379715,-1.18155572794745,-0.237733972419121,-1.16038181241284,-1.18148746836324,4.28159894039845
"Medium","Low","Medium","Low","Medium","Free State","Rainfed","Pannar","John Deere",23.2161654135338,408,194.092857142857,144.721044776119,3.64706015037594,0.00972989429379715,-1.18155572794745,-0.237733972419121,-1.16038181241284,0.0101803691264333,4.70316961501819
"Medium","Low","Medium","Low","Medium","Mpumalanga","Rainfed","Pannar","John Deere",23.2161654135338,408,194.092857142857,144.721044776119,3.64706015037594,0.00972989429379715,-1.18155572794745,-0.237733972419121,-1.16038181241284,0.0101803691264333,4.66074025407835
"Medium","Low","Medium","Low","Medium","North West","Rainfed","Pannar","John Deere",23.2161654135338,408,194.092857142857,144.721044776119,3.64706015037594,0.00972989429379715,-1.18155572794745,-0.237733972419121,-1.16038181241284,0.0101803691264333,5.28794023093061
"Medium","Low","Medium","Low","Medium","Free State","Irrigated","Pannar","John Deere",23.2161654135338,408,194.092857142857,144.721044776119,3.64706015037594,0.00972989429379715,-1.18155572794745,-0.237733972419121,-1.16038181241284,0.0101803691264333,4.66933220878141
"Medium","Low","Medium","Low","Medium","Mpumalanga","Irrigated","Pannar","John Deere",23.2161654135338,408,194.092857142857,144.721044776119,3.64706015037594,0.00972989429379715,-1.18155572794745,-0.237733972419121,-1.16038181241284,0.0101803691264333,4.71103533054705
"Medium","Low","Medium","Low","Medium","North West","Irrigated","Pannar","John Deere",23.2161654135338,408,194.092857142857,144.721044776119,3.64706015037594,0.00972989429379715,-1.18155572794745,-0.237733972419121,-1.16038181241284,0.0101803691264333,4.97470023815494
"Medium","Low","Medium","Low","Medium","Free State","Rainfed","Dekalb","John Deere",23.2161654135338,408,194.092857142857,144.721044776119,3.64706015037594,0.00972989429379715,-1.18155572794745,-0.237733972419121,-1.16038181241284,0.0101803691264333,5.80246503716299
"Medium","Low","Medium","Low","Medium","Mpumalanga","Rainfed","Dekalb","John Deere",23.2161654135338,408,194.092857142857,144.721044776119,3.64706015037594,0.00972989429379715,-1.18155572794745,-0.237733972419121,-1.16038181241284,0.0101803691264333,5.36805001872036
"Medium","Low","Medium","Low","Medium","North West","Rainfed","Dekalb","John Deere",23.2161654135338,408,194.092857142857,144.721044776119,3.64706015037594,0.00972989429379715,-1.18155572794745,-0.237733972419121,-1.16038181241284,0.0101803691264333,5.47635156109145
"Medium","Low","Medium","Low","Medium","Free State","Irrigated","Dekalb","John Deere",23.2161654135338,408,194.092857142857,144.721044776119,3.64706015037594,0.00972989429379715,-1.18155572794745,-0.237733972419121,-1.16038181241284,0.0101803691264333,5.74202613658556
"Medium","Low","Medium","Low","Medium","Mpumalanga","Irrigated","Dekalb","John Deere",23.2161654135338,408,194.092857142857,144.721044776119,3.64706015037594,0.00972989429379715,-1.18155572794745,-0.237733972419121,-1.16038181241284,0.0101803691264333,5.46358759555054
"Medium","Low","Medium","Low","Medium","North West","Irrigated","Dekalb","John Deere",23.2161654135338,408,194.092857142857,144.721044776119,3.64706015037594,0.00972989429379715,-1.18155572794745,-0.237733972419121,-1.16038181241284,0.0101803691264333,6.16630430440606
"Medium","Low","Medium","Low","Medium","Free State","Rainfed","Pioneer","John Deere",23.2161654135338,408,194.092857142857,144.721044776119,3.64706015037594,0.00972989429379715,-1.18155572794745,-0.237733972419121,-1.16038181241284,0.0101803691264333,6.02508924702555
"Medium","Low","Medium","Low","Medium","Mpumalanga","Rainfed","Pioneer","John Deere",23.2161654135338,408,194.092857142857,144.721044776119,3.64706015037594,0.00972989429379715,-1.18155572794745,-0.237733972419121,-1.16038181241284,0.0101803691264333,4.8063186086985
"Medium","Low","Medium","Low","Medium","North West","Rainfed","Pioneer","John Deere",23.2161654135338,408,194.092857142857,144.721044776119,3.64706015037594,0.00972989429379715,-1.18155572794745,-0.237733972419121,-1.16038181241284,0.0101803691264333,4.70399203171802
"Medium","Low","Medium","Low","Medium","Free State","Irrigated","Pioneer","John Deere",23.2161654135338,408,194.092857142857,144.721044776119,3.64706015037594,0.00972989429379715,-1.18155572794745,-0.237733972419121,-1.16038181241284,0.0101803691264333,5.7392503302652
"Medium","Low","Medium","Low","Medium","Mpumalanga","Irrigated","Pioneer","John Deere",23.2161654135338,408,194.092857142857,144.721044776119,3.64706015037594,0.00972989429379715,-1.18155572794745,-0.237733972419121,-1.16038181241284,0.0101803691264333,5.8163147531332
"Medium","Low","Medium","Low","Medium","North West","Irrigated","Pioneer","John Deere",23.2161654135338,408,194.092857142857,144.721044776119,3.64706015037594,0.00972989429379715,-1.18155572794745,-0.237733972419121,-1.16038181241284,0.0101803691264333,5.5021207670837
"Medium","Low","Medium","Low","Medium","Free State","Rainfed","Pannar","New Holland",23.2161654135338,408,194.092857142857,144.721044776119,3.64706015037594,0.00972989429379715,-1.18155572794745,-0.237733972419121,-1.16038181241284,0.0101803691264333,5.30560989916788
"Medium","Low","Medium","Low","Medium","Mpumalanga","Rainfed","Pannar","New Holland",23.2161654135338,408,194.092857142857,144.721044776119,3.64706015037594,0.00972989429379715,-1.18155572794745,-0.237733972419121,-1.16038181241284,0.0101803691264333,4.86292118418532
"Medium","Low","Medium","Low","High","Free State","Rainfed","Pannar","John Deere",23.2161654135338,408,194.092857142857,144.721044776119,3.92764661654135,0.00972989429379715,-1.18155572794745,-0.237733972419121,-1.16038181241284,1.2989009578967,5.58614973416653
"Medium","Low","Medium","Low","High","Mpumalanga","Rainfed","Pannar","John Deere",23.2161654135338,408,194.092857142857,144.721044776119,3.92764661654135,0.00972989429379715,-1.18155572794745,-0.237733972419121,-1.16038181241284,1.2989009578967,6.25969724712342
"Medium","Low","Medium","Low","High","North West","Rainfed","Pannar","John Deere",23.2161654135338,408,194.092857142857,144.721044776119,3.92764661654135,0.00972989429379715,-1.18155572794745,-0.237733972419121,-1.16038181241284,1.2989009578967,4.80965788826436
"Medium","Low","Medium","Low","High","Free State","Irrigated","Pannar","John Deere",23.2161654135338,408,194.092857142857,144.721044776119,3.92764661654135,0.00972989429379715,-1.18155572794745,-0.237733972419121,-1.16038181241284,1.2989009578967,5.41224030237181
"Medium","Low","Medium","Low","High","Mpumalanga","Irrigated","Pannar","John Deere",23.2161654135338,408,194.092857142857,144.721044776119,3.92764661654135,0.00972989429379715,-1.18155572794745,-0.237733972419121,-1.16038181241284,1.2989009578967,5.21927400802542
"Medium","Low","Medium","Low","High","North West","Irrigated","Pannar","John Deere",23.2161654135338,408,194.092857142857,144.721044776119,3.92764661654135,0.00972989429379715,-1.18155572794745,-0.237733972419121,-1.16038181241284,1.2989009578967,5.17845012679295
"Medium","Low","Medium","Low","High","Free State","Rainfed","Dekalb","John Deere",23.2161654135338,408,194.092857142857,144.721044776119,3.92764661654135,0.00972989429379715,-1.18155572794745,-0.237733972419121,-1.16038181241284,1.2989009578967,4.90956832551882
"Medium","Low","Medium","Low","High","Mpumalanga","Rainfed","Dekalb","John Deere",23.2161654135338,408,194.092857142857,144.721044776119,3.92764661654135,0.00972989429379715,-1.18155572794745,-0.237733972419121,-1.16038181241284,1.2989009578967,5.35134111119859
"Medium","Low","Medium","Low","High","North West","Rainfed","Dekalb","John Deere",23.2161654135338,408,194.092857142857,144.721044776119,3.92764661654135,0.00972989429379715,-1.18155572794745,-0.237733972419121,-1.16038181241284,1.2989009578967,4.74719166429743
"Medium","Low","Medium","Low","High","Free State","Irrigated","Dekalb","John Deere",23.2161654135338,408,194.092857142857,144.721044776119,3.92764661654135,0.00972989429379715,-1.18155572794745,-0.237733972419121,-1.16038181241284,1.2989009578967,4.86336135324213
"Medium","Low","Medium","Low","High","Mpumalanga","Irrigated","Dekalb","John Deere",23.2161654135338,408,194.092857142857,144.721044776119,3.92764661654135,0.00972989429379715,-1.18155572794745,-0.237733972419121,-1.16038181241284,1.2989009578967,5.7426354357023
"Medium","Low","Medium","Low","High","North West","Irrigated","Dekalb","John Deere",23.2161654135338,408,194.092857142857,144.721044776119,3.92764661654135,0.00972989429379715,-1.18155572794745,-0.237733972419121,-1.16038181241284,1.2989009578967,5.30876758859784
"Medium","Low","Medium","Low","High","Free State","Rainfed","Pioneer","John Deere",23.2161654135338,408,194.092857142857,144.721044776119,3.92764661654135,0.00972989429379715,-1.18155572794745,-0.237733972419121,-1.16038181241284,1.2989009578967,4.3359371284319
"Medium","Low","Medium","Low","High","Mpumalanga","Rainfed","Pioneer","John Deere",23.2161654135338,408,194.092857142857,144.721044776119,3.92764661654135,0.00972989429379715,-1.18155572794745,-0.237733972419121,-1.16038181241284,1.2989009578967,4.75322752132053
"Medium","Low","Medium","Low","High","North West","Rainfed","Pioneer","John Deere",23.2161654135338,408,194.092857142857,144.721044776119,3.92764661654135,0.00972989429379715,-1.18155572794745,-0.237733972419121,-1.16038181241284,1.2989009578967,4.68091947039123
"Medium","Low","Medium","Low","High","Free State","Irrigated","Pioneer","John Deere",23.2161654135338,408,194.092857142857,144.721044776119,3.92764661654135,0.00972989429379715,-1.18155572794745,-0.237733972419121,-1.16038181241284,1.2989009578967,5.61151858958729
"Medium","Low","Medium","Low","High","Mpumalanga","Irrigated","Pioneer","John Deere",23.2161654135338,408,194.092857142857,144.721044776119,3.92764661654135,0.00972989429379715,-1.18155572794745,-0.237733972419121,-1.16038181241284,1.2989009578967,4.91477981201796
"Medium","Low","Medium","Low","High","North West","Irrigated","Pioneer","John Deere",23.2161654135338,408,194.092857142857,144.721044776119,3.92764661654135,0.00972989429379715,-1.18155572794745,-0.237733972419121,-1.16038181241284,1.2989009578967,6.13941737198569
"Medium","Low","Medium","Low","High","Free State","Rainfed","Pannar","New Holland",23.2161654135338,408,194.092857142857,144.721044776119,3.92764661654135,0.00972989429379715,-1.18155572794745,-0.237733972419121,-1.16038181241284,1.2989009578967,4.62167046673339
"Medium","Low","Medium","Low","High","Mpumalanga","Rainfed","Pannar","New Holland",23.2161654135338,408,194.092857142857,144.721044776119,3.92764661654135,0.00972989429379715,-1.18155572794745,-0.237733972419121,-1.16038181241284,1.2989009578967,5.60075427877734
"Medium","Low","Medium","Medium","Low","Free State","Rainfed","Pannar","John Deere",23.2161654135338,408,194.092857142857,200.322781954887,3.38760447761194,0.00972989429379715,-1.18155572794745,-0.237733972419121,-0.189510256158578,-1.18148746836324,5.96287178026366
"Medium","Low","Medium","Medium","Low","Mpumalanga","Rainfed","Pannar","John Deere",23.2161654135338,408,194.092857142857,200.322781954887,3.38760447761194,0.00972989429379715,-1.18155572794745,-0.237733972419121,-0.189510256158578,-1.18148746836324,4.98898286267344
"Medium","Low","Medium","Medium","Low","North West","Rainfed","Pannar","John Deere",23.2161654135338,408,194.092857142857,200.322781954887,3.38760447761194,0.00972989429379715,-1.18155572794745,-0.237733972419121,-0.189510256158578,-1.18148746836324,5.05233996168325
"Medium","Low","Medium","Medium","Low","Free State","Irrigated","Pannar","John Deere",23.2161654135338,408,194.092857142857,200.322781954887,3.38760447761194,0.00972989429379715,-1.18155572794745,-0.237733972419121,-0.189510256158578,-1.18148746836324,6.45742850023121
"Medium","Low","Medium","Medium","Low","Mpumalanga","Irrigated","Pannar","John Deere",23.2161654135338,408,194.092857142857,200.322781954887,3.38760447761194,0.00972989429379715,-1.18155572794745,-0.237733972419121,-0.189510256158578,-1.18148746836324,4.99060122910973
"Medium","Low","Medium","Medium","Low","North West","Irrigated","Pannar","John Deere",23.2161654135338,408,194.092857142857,200.322781954887,3.38760447761194,0.00972989429379715,-1.18155572794745,-0.237733972419121,-0.189510256158578,-1.18148746836324,4.75294510430219
"Medium","Low","Medium","Medium","Low","Free State","Rainfed","Dekalb","John Deere",23.2161654135338,408,194.092857142857,200.322781954887,3.38760447761194,0.00972989429379715,-1.18155572794745,-0.237733972419121,-0.189510256158578,-1.18148746836324,6.16970629000964
"Medium","Low","Medium","Medium","Low","Mpumalanga","Rainfed","Dekalb","John Deere",23.2161654135338,408,194.092857142857,200.322781954887,3.38760447761194,0.00972989429379715,-1.18155572794745,-0.237733972419121,-0.189510256158578,-1.18148746836324,4.53555877422676
"Medium","Low","Medium","Medium","Low","North West","Rainfed","Dekalb","John Deere",23.2161654135338,408,194.092857142857,200.322781954887,3.38760447761194,0.00972989429379715,-1.18155572794745,-0.237733972419121,-0.189510256158578,-1.18148746836324,4.96596865913825
"Medium","Low","Medium","Medium","Low","Free State","Irrigated","Dekalb","John Deere",23.2161654135338,408,194.092857142857,200.322781954887,3.38760447761194,0.00972989429379715,-1.18155572794745,-0.237733972419121,-0.189510256158578,-1.18148746836324,5.34217538421877
"Medium","Low","Medium","Medium","Low","Mpumalanga","Irrigated","Dekalb","John Deere",23.2161654135338,408,194.092857142857,200.322781954887,3.38760447761194,0.00972989429379715,-1.18155572794745,-0.237733972419121,-0.189510256158578,-1.18148746836324,5.3803859477848
"Medium","Low","Medium","Medium","Low","North West","Irrigated","Dekalb","John Deere",23.2161654135338,408,194.092857142857,200.322781954887,3.38760447761194,0.00972989429379715,-1.18155572794745,-0.237733972419121,-0.189510256158578,-1.18148746836324,5.39859990783937
"Medium","Low","Medium","Medium","Low","Free State","Rainfed","Pioneer","John Deere",23.2161654135338,408,194.092857142857,200.322781954887,3.38760447761194,0.00972989429379715,-1.18155572794745,-0.237733972419121,-0.189510256158578,-1.18148746836324,5.67017057724926
"Medium","Low","Medium","Medium","Low","Mpumalanga","Rainfed","Pioneer","John Deere",23.2161654135338,408,194.092857142857,200.322781954887,3.38760447761194,0.00972989429379715,-1.18155572794745,-0.237733972419121,-0.189510256158578,-1.18148746836324,5.1660091272083
"Medium","Low","Medium","Medium","Low","North West","Rainfed","Pioneer","John Deere",23.2161654135338,408,194.092857142857,200.322781954887,3.38760447761194,0.00972989429379715,-1.18155572794745,-0.237733972419121,-0.189510256158578,-1.18148746836324,4.38982284312629
"Medium","Low","Medium","Medium","Low","Free State","Irrigated","Pioneer","John Deere",23.2161654135338,408,194.092857142857,200.322781954887,3.38760447761194,0.00972989429379715,-1.18155572794745,-0.237733972419121,-0.189510256158578,-1.18148746836324,5.69200823260981
"Medium","Low","Medium","Medium","Low","Mpumalanga","Irrigated","Pioneer","John Deere",23.2161654135338,408,194.092857142857,200.322781954887,3.38760447761194,0.00972989429379715,-1.18155572794745,-0.237733972419121,-0.189510256158578,-1.18148746836324,4.97137935764283
"Medium","Low","Medium","Medium","Low","North West","Irrigated","Pioneer","John Deere",23.2161654135338,408,194.092857142857,200.322781954887,3.38760447761194,0.00972989429379715,-1.18155572794745,-0.237733972419121,-0.189510256158578,-1.18148746836324,5.75781458364143
"Medium","Low","Medium","Medium","Low","Free State","Rainfed","Pannar","New Holland",23.2161654135338,408,194.092857142857,200.322781954887,3.38760447761194,0.00972989429379715,-1.18155572794745,-0.237733972419121,-0.189510256158578,-1.18148746836324,4.38733154392089
"Medium","Low","Medium","Medium","Low","Mpumalanga","Rainfed","Pannar","New Holland",23.2161654135338,408,194.092857142857,200.322781954887,3.38760447761194,0.00972989429379715,-1.18155572794745,-0.237733972419121,-0.189510256158578,-1.18148746836324,4.44735277277786
"Medium","Low","Medium","Medium","Medium","Free State","Rainfed","Pannar","John Deere",23.2161654135338,408,194.092857142857,200.322781954887,3.64706015037594,0.00972989429379715,-1.18155572794745,-0.237733972419121,-0.189510256158578,0.0101803691264333,4.02485141544846
"Medium","Low","Medium","Medium","Medium","Mpumalanga","Rainfed","Pannar","John Deere",23.2161654135338,408,194.092857142857,200.322781954887,3.64706015037594,0.00972989429379715,-1.18155572794745,-0.237733972419121,-0.189510256158578,0.0101803691264333,4.67859940342827
"Medium","Low","Medium","Medium","Medium","North West","Rainfed","Pannar","John Deere",23.2161654135338,408,194.092857142857,200.322781954887,3.64706015037594,0.00972989429379715,-1.18155572794745,-0.237733972419121,-0.189510256158578,0.0101803691264333,4.32876787310334
"Medium","Low","Medium","Medium","Medium","Free State","Irrigated","Pannar","John Deere",23.2161654135338,408,194.092857142857,200.322781954887,3.64706015037594,0.00972989429379715,-1.18155572794745,-0.237733972419121,-0.189510256158578,0.0101803691264333,5.08531733949455
"Medium","Low","Medium","Medium","Medium","Mpumalanga","Irrigated","Pannar","John Deere",23.2161654135338,408,194.092857142857,200.322781954887,3.64706015037594,0.00972989429379715,-1.18155572794745,-0.237733972419121,-0.189510256158578,0.0101803691264333,5.59156718686474
"Medium","Low","Medium","Medium","Medium","North West","Irrigated","Pannar","John Deere",23.2161654135338,408,194.092857142857,200.322781954887,3.64706015037594,0.00972989429379715,-1.18155572794745,-0.237733972419121,-0.189510256158578,0.0101803691264333,5.71825226374223
"Medium","Low","Medium","Medium","Medium","Free State","Rainfed","Dekalb","John Deere",23.2161654135338,408,194.092857142857,200.322781954887,3.64706015037594,0.00972989429379715,-1.18155572794745,-0.237733972419121,-0.189510256158578,0.0101803691264333,5.0606976807097
"Medium","Low","Medium","Medium","Medium","Mpumalanga","Rainfed","Dekalb","John Deere",23.2161654135338,408,194.092857142857,200.322781954887,3.64706015037594,0.00972989429379715,-1.18155572794745,-0.237733972419121,-0.189510256158578,0.0101803691264333,4.64028821068493
"Medium","Low","Medium","Medium","Medium","North West","Rainfed","Dekalb","John Deere",23.2161654135338,408,194.092857142857,200.322781954887,3.64706015037594,0.00972989429379715,-1.18155572794745,-0.237733972419121,-0.189510256158578,0.0101803691264333,5.7822681519537
"Medium","Low","Medium","Medium","Medium","Free State","Irrigated","Dekalb","John Deere",23.2161654135338,408,194.092857142857,200.322781954887,3.64706015037594,0.00972989429379715,-1.18155572794745,-0.237733972419121,-0.189510256158578,0.0101803691264333,5.94046139206695
"Medium","Low","Medium","Medium","Medium","Mpumalanga","Irrigated","Dekalb","John Deere",23.2161654135338,408,194.092857142857,200.322781954887,3.64706015037594,0.00972989429379715,-1.18155572794745,-0.237733972419121,-0.189510256158578,0.0101803691264333,6.3180141389397
"Medium","Low","Medium","Medium","Medium","North West","Irrigated","Dekalb","John Deere",23.2161654135338,408,194.092857142857,200.322781954887,3.64706015037594,0.00972989429379715,-1.18155572794745,-0.237733972419121,-0.189510256158578,0.0101803691264333,5.76222124281642
"Medium","Low","Medium","Medium","Medium","Free State","Rainfed","Pioneer","John Deere",23.2161654135338,408,194.092857142857,200.322781954887,3.64706015037594,0.00972989429379715,-1.18155572794745,-0.237733972419121,-0.189510256158578,0.0101803691264333,5.0903820785152
"Medium","Low","Medium","Medium","Medium","Mpumalanga","Rainfed","Pioneer","John Deere",23.2161654135338,408,194.092857142857,200.322781954887,3.64706015037594,0.00972989429379715,-1.18155572794745,-0.237733972419121,-0.189510256158578,0.0101803691264333,4.93490742201512
"Medium","Low","Medium","Medium","Medium","North West","Rainfed","Pioneer","John Deere",23.2161654135338,408,194.092857142857,200.322781954887,3.64706015037594,0.00972989429379715,-1.18155572794745,-0.237733972419121,-0.189510256158578,0.0101803691264333,6.2126837424914
"Medium","Low","Medium","Medium","Medium","Free State","Irrigated","Pioneer","John Deere",23.2161654135338,408,194.092857142857,200.322781954887,3.64706015037594,0.00972989429379715,-1.18155572794745,-0.237733972419121,-0.189510256158578,0.0101803691264333,5.59639676483272
"Medium","Low","Medium","Medium","Medium","Mpumalanga","Irrigated","Pioneer","John Deere",23.2161654135338,408,194.092857142857,200.322781954887,3.64706015037594,0.00972989429379715,-1.18155572794745,-0.237733972419121,-0.189510256158578,0.0101803691264333,5.18856294663552
"Medium","Low","Medium","Medium","Medium","North West","Irrigated","Pioneer","John Deere",23.2161654135338,408,194.092857142857,200.322781954887,3.64706015037594,0.00972989429379715,-1.18155572794745,-0.237733972419121,-0.189510256158578,0.0101803691264333,6.03831991505895
"Medium","Low","Medium","Medium","Medium","Free State","Rainfed","Pannar","New Holland",23.2161654135338,408,194.092857142857,200.322781954887,3.64706015037594,0.00972989429379715,-1.18155572794745,-0.237733972419121,-0.189510256158578,0.0101803691264333,5.9123271450192
"Medium","Low","Medium","Medium","Medium","Mpumalanga","Rainfed","Pannar","New Holland",23.2161654135338,408,194.092857142857,200.322781954887,3.64706015037594,0.00972989429379715,-1.18155572794745,-0.237733972419121,-0.189510256158578,0.0101803691264333,4.05897879355941
"Medium","Low","Medium","High","Medium","Free State","Rainfed","Pannar","John Deere",23.2161654135338,408,194.092857142857,285.840977443609,3.64706015037594,0.00972989429379715,-1.18155572794745,-0.237733972419121,1.30373775649338,0.0101803691264333,6.00749040624241
"Medium","Low","Medium","High","Medium","Mpumalanga","Rainfed","Pannar","John Deere",23.2161654135338,408,194.092857142857,285.840977443609,3.64706015037594,0.00972989429379715,-1.18155572794745,-0.237733972419121,1.30373775649338,0.0101803691264333,5.37159779214927
"Medium","Low","Medium","High","Medium","North West","Rainfed","Pannar","John Deere",23.2161654135338,408,194.092857142857,285.840977443609,3.64706015037594,0.00972989429379715,-1.18155572794745,-0.237733972419121,1.30373775649338,0.0101803691264333,5.30318080548096
"Medium","Low","Medium","High","Medium","Free State","Irrigated","Pannar","John Deere",23.2161654135338,408,194.092857142857,285.840977443609,3.64706015037594,0.00972989429379715,-1.18155572794745,-0.237733972419121,1.30373775649338,0.0101803691264333,5.71920776402381
"Medium","Low","Medium","High","Medium","Mpumalanga","Irrigated","Pannar","John Deere",23.2161654135338,408,194.092857142857,285.840977443609,3.64706015037594,0.00972989429379715,-1.18155572794745,-0.237733972419121,1.30373775649338,0.0101803691264333,4.00837672057961
"Medium","Low","Medium","High","Medium","North West","Irrigated","Pannar","John Deere",23.2161654135338,408,194.092857142857,285.840977443609,3.64706015037594,0.00972989429379715,-1.18155572794745,-0.237733972419121,1.30373775649338,0.0101803691264333,6.64386832873401
"Medium","Low","Medium","High","Medium","Free State","Rainfed","Dekalb","John Deere",23.2161654135338,408,194.092857142857,285.840977443609,3.64706015037594,0.00972989429379715,-1.18155572794745,-0.237733972419121,1.30373775649338,0.0101803691264333,6.25135609057795
"Medium","Low","Medium","High","Medium","Mpumalanga","Rainfed","Dekalb","John Deere",23.2161654135338,408,194.092857142857,285.840977443609,3.64706015037594,0.00972989429379715,-1.18155572794745,-0.237733972419121,1.30373775649338,0.0101803691264333,5.85280584764386
"Medium","Low","Medium","High","Medium","North West","Rainfed","Dekalb","John Deere",23.2161654135338,408,194.092857142857,285.840977443609,3.64706015037594,0.00972989429379715,-1.18155572794745,-0.237733972419121,1.30373775649338,0.0101803691264333,5.97804485954533
"Medium","Low","Medium","High","Medium","Free State","Irrigated","Dekalb","John Deere",23.2161654135338,408,194.092857142857,285.840977443609,3.64706015037594,0.00972989429379715,-1.18155572794745,-0.237733972419121,1.30373775649338,0.0101803691264333,5.19628858624681
"Medium","Low","Medium","High","Medium","Mpumalanga","Irrigated","Dekalb","John Deere",23.2161654135338,408,194.092857142857,285.840977443609,3.64706015037594,0.00972989429379715,-1.18155572794745,-0.237733972419121,1.30373775649338,0.0101803691264333,5.83787220512541
"Medium","Low","Medium","High","Medium","North West","Irrigated","Dekalb","John Deere",23.2161654135338,408,194.092857142857,285.840977443609,3.64706015037594,0.00972989429379715,-1.18155572794745,-0.237733972419121,1.30373775649338,0.0101803691264333,5.77175302625629
"Medium","Low","Medium","High","Medium","Free State","Rainfed","Pioneer","John Deere",23.2161654135338,408,194.092857142857,285.840977443609,3.64706015037594,0.00972989429379715,-1.18155572794745,-0.237733972419121,1.30373775649338,0.0101803691264333,5.30240673463948
"Medium","Low","Medium","High","Medium","Mpumalanga","Rainfed","Pioneer","John Deere",23.2161654135338,408,194.092857142857,285.840977443609,3.64706015037594,0.00972989429379715,-1.18155572794745,-0.237733972419121,1.30373775649338,0.0101803691264333,5.50002677197396
"Medium","Low","Medium","High","Medium","North West","Rainfed","Pioneer","John Deere",23.2161654135338,408,194.092857142857,285.840977443609,3.64706015037594,0.00972989429379715,-1.18155572794745,-0.237733972419121,1.30373775649338,0.0101803691264333,4.93648292013043
"Medium","Low","Medium","High","Medium","Free State","Irrigated","Pioneer","John Deere",23.2161654135338,408,194.092857142857,285.840977443609,3.64706015037594,0.00972989429379715,-1.18155572794745,-0.237733972419121,1.30373775649338,0.0101803691264333,6.46323330526887
"Medium","Low","Medium","High","Medium","Mpumalanga","Irrigated","Pioneer","John Deere",23.2161654135338,408,194.092857142857,285.840977443609,3.64706015037594,0.00972989429379715,-1.18155572794745,-0.237733972419121,1.30373775649338,0.0101803691264333,6.19748775447664
"Medium","Low","Medium","High","Medium","North West","Irrigated","Pioneer","John Deere",23.2161654135338,408,194.092857142857,285.840977443609,3.64706015037594,0.00972989429379715,-1.18155572794745,-0.237733972419121,1.30373775649338,0.0101803691264333,6.15912472680373
"Medium","Low","Medium","High","Medium","Free State","Rainfed","Pannar","New Holland",23.2161654135338,408,194.092857142857,285.840977443609,3.64706015037594,0.00972989429379715,-1.18155572794745,-0.237733972419121,1.30373775649338,0.0101803691264333,5.87048793721566
"Medium","Low","Medium","High","Medium","Mpumalanga","Rainfed","Pannar","New Holland",23.2161654135338,408,194.092857142857,285.840977443609,3.64706015037594,0.00972989429379715,-1.18155572794745,-0.237733972419121,1.30373775649338,0.0101803691264333,5.12703179587879
"Medium","Low","Medium","High","High","Free State","Rainfed","Pannar","John Deere",23.2161654135338,408,194.092857142857,285.840977443609,3.92764661654135,0.00972989429379715,-1.18155572794745,-0.237733972419121,1.30373775649338,1.2989009578967,5.50251926170341
"Medium","Low","Medium","High","High","Mpumalanga","Rainfed","Pannar","John Deere",23.2161654135338,408,194.092857142857,285.840977443609,3.92764661654135,0.00972989429379715,-1.18155572794745,-0.237733972419121,1.30373775649338,1.2989009578967,4.94567609538837
"Medium","Low","Medium","High","High","North West","Rainfed","Pannar","John Deere",23.2161654135338,408,194.092857142857,285.840977443609,3.92764661654135,0.00972989429379715,-1.18155572794745,-0.237733972419121,1.30373775649338,1.2989009578967,5.26600704929285
"Medium","Low","Medium","High","High","Free State","Irrigated","Pannar","John Deere",23.2161654135338,408,194.092857142857,285.840977443609,3.92764661654135,0.00972989429379715,-1.18155572794745,-0.237733972419121,1.30373775649338,1.2989009578967,5.88142433363979
"Medium","Low","Medium","High","High","Mpumalanga","Irrigated","Pannar","John Deere",23.2161654135338,408,194.092857142857,285.840977443609,3.92764661654135,0.00972989429379715,-1.18155572794745,-0.237733972419121,1.30373775649338,1.2989009578967,6.11514141767714
"Medium","Low","Medium","High","High","North West","Irrigated","Pannar","John Deere",23.2161654135338,408,194.092857142857,285.840977443609,3.92764661654135,0.00972989429379715,-1.18155572794745,-0.237733972419121,1.30373775649338,1.2989009578967,5.36400465181178
"Medium","Low","Medium","High","High","Free State","Rainfed","Dekalb","John Deere",23.2161654135338,408,194.092857142857,285.840977443609,3.92764661654135,0.00972989429379715,-1.18155572794745,-0.237733972419121,1.30373775649338,1.2989009578967,6.19678943510885
"Medium","Low","Medium","High","High","Mpumalanga","Rainfed","Dekalb","John Deere",23.2161654135338,408,194.092857142857,285.840977443609,3.92764661654135,0.00972989429379715,-1.18155572794745,-0.237733972419121,1.30373775649338,1.2989009578967,6.1433695579986
"Medium","Low","Medium","High","High","North West","Rainfed","Dekalb","John Deere",23.2161654135338,408,194.092857142857,285.840977443609,3.92764661654135,0.00972989429379715,-1.18155572794745,-0.237733972419121,1.30373775649338,1.2989009578967,5.31028054973941
"Medium","Low","Medium","High","High","Free State","Irrigated","Dekalb","John Deere",23.2161654135338,408,194.092857142857,285.840977443609,3.92764661654135,0.00972989429379715,-1.18155572794745,-0.237733972419121,1.30373775649338,1.2989009578967,6.13295596070813
"Medium","Low","Medium","High","High","Mpumalanga","Irrigated","Dekalb","John Deere",23.2161654135338,408,194.092857142857,285.840977443609,3.92764661654135,0.00972989429379715,-1.18155572794745,-0.237733972419121,1.30373775649338,1.2989009578967,6.54496023368438
"Medium","Low","Medium","High","High","North West","Irrigated","Dekalb","John Deere",23.2161654135338,408,194.092857142857,285.840977443609,3.92764661654135,0.00972989429379715,-1.18155572794745,-0.237733972419121,1.30373775649338,1.2989009578967,6.07372278357119
"Medium","Low","Medium","High","High","Free State","Rainfed","Pioneer","John Deere",23.2161654135338,408,194.092857142857,285.840977443609,3.92764661654135,0.00972989429379715,-1.18155572794745,-0.237733972419121,1.30373775649338,1.2989009578967,5.69254752157161
"Medium","Low","Medium","High","High","Mpumalanga","Rainfed","Pioneer","John Deere",23.2161654135338,408,194.092857142857,285.840977443609,3.92764661654135,0.00972989429379715,-1.18155572794745,-0.237733972419121,1.30373775649338,1.2989009578967,5.50085096428285
"Medium","Low","Medium","High","High","North West","Rainfed","Pioneer","John Deere",23.2161654135338,408,194.092857142857,285.840977443609,3.92764661654135,0.00972989429379715,-1.18155572794745,-0.237733972419121,1.30373775649338,1.2989009578967,4.87280262100486
"Medium","Low","Medium","High","High","Free State","Irrigated","Pioneer","John Deere",23.2161654135338,408,194.092857142857,285.840977443609,3.92764661654135,0.00972989429379715,-1.18155572794745,-0.237733972419121,1.30373775649338,1.2989009578967,5.80720404560704
"Medium","Low","Medium","High","High","Mpumalanga","Irrigated","Pioneer","John Deere",23.2161654135338,408,194.092857142857,285.840977443609,3.92764661654135,0.00972989429379715,-1.18155572794745,-0.237733972419121,1.30373775649338,1.2989009578967,6.60158943664743
"Medium","Low","Medium","High","High","North West","Irrigated","Pioneer","John Deere",23.2161654135338,408,194.092857142857,285.840977443609,3.92764661654135,0.00972989429379715,-1.18155572794745,-0.237733972419121,1.30373775649338,1.2989009578967,6.74100593430703
"Medium","Low","Medium","High","High","Free State","Rainfed","Pannar","New Holland",23.2161654135338,408,194.092857142857,285.840977443609,3.92764661654135,0.00972989429379715,-1.18155572794745,-0.237733972419121,1.30373775649338,1.2989009578967,4.3517894106789
"Medium","Low","Medium","High","High","Mpumalanga","Rainfed","Pannar","New Holland",23.2161654135338,408,194.092857142857,285.840977443609,3.92764661654135,0.00972989429379715,-1.18155572794745,-0.237733972419121,1.30373775649338,1.2989009578967,6.35201863151427
"Medium","Low","High","Low","Low","Free State","Rainfed","Pannar","John Deere",23.2161654135338,408,296.555789473684,144.721044776119,3.38760447761194,0.00972989429379715,-1.18155572794745,1.29344548222192,-1.16038181241284,-1.18148746836324,5.52820071762161
"Medium","Low","High","Low","Low","Mpumalanga","Rainfed","Pannar","John Deere",23.2161654135338,408,296.555789473684,144.721044776119,3.38760447761194,0.00972989429379715,-1.18155572794745,1.29344548222192,-1.16038181241284,-1.18148746836324,5.46242716988962
"Medium","Low","High","Low","Low","North West","Rainfed","Pannar","John Deere",23.2161654135338,408,296.555789473684,144.721044776119,3.38760447761194,0.00972989429379715,-1.18155572794745,1.29344548222192,-1.16038181241284,-1.18148746836324,5.89205497013192
"Medium","Low","High","Low","Low","Free State","Irrigated","Pannar","John Deere",23.2161654135338,408,296.555789473684,144.721044776119,3.38760447761194,0.00972989429379715,-1.18155572794745,1.29344548222192,-1.16038181241284,-1.18148746836324,6.01167835896102
"Medium","Low","High","Low","Low","Mpumalanga","Irrigated","Pannar","John Deere",23.2161654135338,408,296.555789473684,144.721044776119,3.38760447761194,0.00972989429379715,-1.18155572794745,1.29344548222192,-1.16038181241284,-1.18148746836324,6.18048808555952
"Medium","Low","High","Low","Low","North West","Irrigated","Pannar","John Deere",23.2161654135338,408,296.555789473684,144.721044776119,3.38760447761194,0.00972989429379715,-1.18155572794745,1.29344548222192,-1.16038181241284,-1.18148746836324,6.14947631362682
"Medium","Low","High","Low","Low","Free State","Rainfed","Dekalb","John Deere",23.2161654135338,408,296.555789473684,144.721044776119,3.38760447761194,0.00972989429379715,-1.18155572794745,1.29344548222192,-1.16038181241284,-1.18148746836324,5.63690249364181
"Medium","Low","High","Low","Low","Mpumalanga","Rainfed","Dekalb","John Deere",23.2161654135338,408,296.555789473684,144.721044776119,3.38760447761194,0.00972989429379715,-1.18155572794745,1.29344548222192,-1.16038181241284,-1.18148746836324,5.72139308947856
"Medium","Low","High","Low","Low","North West","Rainfed","Dekalb","John Deere",23.2161654135338,408,296.555789473684,144.721044776119,3.38760447761194,0.00972989429379715,-1.18155572794745,1.29344548222192,-1.16038181241284,-1.18148746836324,6.2081208206051
"Medium","Low","High","Low","Low","Free State","Irrigated","Dekalb","John Deere",23.2161654135338,408,296.555789473684,144.721044776119,3.38760447761194,0.00972989429379715,-1.18155572794745,1.29344548222192,-1.16038181241284,-1.18148746836324,6.09101432667811
"Medium","Low","High","Low","Low","Mpumalanga","Irrigated","Dekalb","John Deere",23.2161654135338,408,296.555789473684,144.721044776119,3.38760447761194,0.00972989429379715,-1.18155572794745,1.29344548222192,-1.16038181241284,-1.18148746836324,6.0267287469523
"Medium","Low","High","Low","Low","North West","Irrigated","Dekalb","John Deere",23.2161654135338,408,296.555789473684,144.721044776119,3.38760447761194,0.00972989429379715,-1.18155572794745,1.29344548222192,-1.16038181241284,-1.18148746836324,6.16256561652734
"Medium","Low","High","Low","Low","Free State","Rainfed","Pioneer","John Deere",23.2161654135338,408,296.555789473684,144.721044776119,3.38760447761194,0.00972989429379715,-1.18155572794745,1.29344548222192,-1.16038181241284,-1.18148746836324,5.76723700383589
"Medium","Low","High","Low","Low","Mpumalanga","Rainfed","Pioneer","John Deere",23.2161654135338,408,296.555789473684,144.721044776119,3.38760447761194,0.00972989429379715,-1.18155572794745,1.29344548222192,-1.16038181241284,-1.18148746836324,5.80885921289969
"Medium","Low","High","Low","Low","North West","Rainfed","Pioneer","John Deere",23.2161654135338,408,296.555789473684,144.721044776119,3.38760447761194,0.00972989429379715,-1.18155572794745,1.29344548222192,-1.16038181241284,-1.18148746836324,5.36097653961823
"Medium","Low","High","Low","Low","Free State","Irrigated","Pioneer","John Deere",23.2161654135338,408,296.555789473684,144.721044776119,3.38760447761194,0.00972989429379715,-1.18155572794745,1.29344548222192,-1.16038181241284,-1.18148746836324,6.3204226188351
"Medium","Low","High","Low","Low","Mpumalanga","Irrigated","Pioneer","John Deere",23.2161654135338,408,296.555789473684,144.721044776119,3.38760447761194,0.00972989429379715,-1.18155572794745,1.29344548222192,-1.16038181241284,-1.18148746836324,6.07467157448768
"Medium","Low","High","Low","Low","North West","Irrigated","Pioneer","John Deere",23.2161654135338,408,296.555789473684,144.721044776119,3.38760447761194,0.00972989429379715,-1.18155572794745,1.29344548222192,-1.16038181241284,-1.18148746836324,5.4743519936108
"Medium","Low","High","Low","Low","Free State","Rainfed","Pannar","New Holland",23.2161654135338,408,296.555789473684,144.721044776119,3.38760447761194,0.00972989429379715,-1.18155572794745,1.29344548222192,-1.16038181241284,-1.18148746836324,5.27032679978259
"Medium","Low","High","Low","Low","Mpumalanga","Rainfed","Pannar","New Holland",23.2161654135338,408,296.555789473684,144.721044776119,3.38760447761194,0.00972989429379715,-1.18155572794745,1.29344548222192,-1.16038181241284,-1.18148746836324,5.70138755142569
"Medium","Low","High","Low","Medium","Free State","Rainfed","Pannar","John Deere",23.2161654135338,408,296.555789473684,144.721044776119,3.64706015037594,0.00972989429379715,-1.18155572794745,1.29344548222192,-1.16038181241284,0.0101803691264333,5.17916782391869
"Medium","Low","High","Low","Medium","Mpumalanga","Rainfed","Pannar","John Deere",23.2161654135338,408,296.555789473684,144.721044776119,3.64706015037594,0.00972989429379715,-1.18155572794745,1.29344548222192,-1.16038181241284,0.0101803691264333,5.97580604493143
"Medium","Low","High","Low","Medium","North West","Rainfed","Pannar","John Deere",23.2161654135338,408,296.555789473684,144.721044776119,3.64706015037594,0.00972989429379715,-1.18155572794745,1.29344548222192,-1.16038181241284,0.0101803691264333,5.24747990971027
"Medium","Low","High","Low","Medium","Free State","Irrigated","Pannar","John Deere",23.2161654135338,408,296.555789473684,144.721044776119,3.64706015037594,0.00972989429379715,-1.18155572794745,1.29344548222192,-1.16038181241284,0.0101803691264333,6.48879185806166
"Medium","Low","High","Low","Medium","Mpumalanga","Irrigated","Pannar","John Deere",23.2161654135338,408,296.555789473684,144.721044776119,3.64706015037594,0.00972989429379715,-1.18155572794745,1.29344548222192,-1.16038181241284,0.0101803691264333,5.78824566539739
"Medium","Low","High","Low","Medium","North West","Irrigated","Pannar","John Deere",23.2161654135338,408,296.555789473684,144.721044776119,3.64706015037594,0.00972989429379715,-1.18155572794745,1.29344548222192,-1.16038181241284,0.0101803691264333,5.60858516128459
"Medium","Low","High","Low","Medium","Free State","Rainfed","Dekalb","John Deere",23.2161654135338,408,296.555789473684,144.721044776119,3.64706015037594,0.00972989429379715,-1.18155572794745,1.29344548222192,-1.16038181241284,0.0101803691264333,6.36169590489253
"Medium","Low","High","Low","Medium","Mpumalanga","Rainfed","Dekalb","John Deere",23.2161654135338,408,296.555789473684,144.721044776119,3.64706015037594,0.00972989429379715,-1.18155572794745,1.29344548222192,-1.16038181241284,0.0101803691264333,5.3218768564829
"Medium","Low","High","Low","Medium","North West","Rainfed","Dekalb","John Deere",23.2161654135338,408,296.555789473684,144.721044776119,3.64706015037594,0.00972989429379715,-1.18155572794745,1.29344548222192,-1.16038181241284,0.0101803691264333,5.28309395043699
"Medium","Low","High","Low","Medium","Free State","Irrigated","Dekalb","John Deere",23.2161654135338,408,296.555789473684,144.721044776119,3.64706015037594,0.00972989429379715,-1.18155572794745,1.29344548222192,-1.16038181241284,0.0101803691264333,6.12967681936101
"Medium","Low","High","Low","Medium","Mpumalanga","Irrigated","Dekalb","John Deere",23.2161654135338,408,296.555789473684,144.721044776119,3.64706015037594,0.00972989429379715,-1.18155572794745,1.29344548222192,-1.16038181241284,0.0101803691264333,5.76358767952833
"Medium","Low","High","Low","Medium","North West","Irrigated","Dekalb","John Deere",23.2161654135338,408,296.555789473684,144.721044776119,3.64706015037594,0.00972989429379715,-1.18155572794745,1.29344548222192,-1.16038181241284,0.0101803691264333,6.66272489520812
"Medium","Low","High","Low","Medium","Free State","Rainfed","Pioneer","John Deere",23.2161654135338,408,296.555789473684,144.721044776119,3.64706015037594,0.00972989429379715,-1.18155572794745,1.29344548222192,-1.16038181241284,0.0101803691264333,5.66997405525444
"Medium","Low","High","Low","Medium","Mpumalanga","Rainfed","Pioneer","John Deere",23.2161654135338,408,296.555789473684,144.721044776119,3.64706015037594,0.00972989429379715,-1.18155572794745,1.29344548222192,-1.16038181241284,0.0101803691264333,4.72423844902001
"Medium","Low","High","Low","Medium","North West","Rainfed","Pioneer","John Deere",23.2161654135338,408,296.555789473684,144.721044776119,3.64706015037594,0.00972989429379715,-1.18155572794745,1.29344548222192,-1.16038181241284,0.0101803691264333,5.96829526089584
"Medium","Low","High","Low","Medium","Free State","Irrigated","Pioneer","John Deere",23.2161654135338,408,296.555789473684,144.721044776119,3.64706015037594,0.00972989429379715,-1.18155572794745,1.29344548222192,-1.16038181241284,0.0101803691264333,6.2802426816242
"Medium","Low","High","Low","Medium","Mpumalanga","Irrigated","Pioneer","John Deere",23.2161654135338,408,296.555789473684,144.721044776119,3.64706015037594,0.00972989429379715,-1.18155572794745,1.29344548222192,-1.16038181241284,0.0101803691264333,6.0929929515961
"Medium","Low","High","Low","Medium","North West","Irrigated","Pioneer","John Deere",23.2161654135338,408,296.555789473684,144.721044776119,3.64706015037594,0.00972989429379715,-1.18155572794745,1.29344548222192,-1.16038181241284,0.0101803691264333,6.57002686343208
"Medium","Low","High","Low","Medium","Free State","Rainfed","Pannar","New Holland",23.2161654135338,408,296.555789473684,144.721044776119,3.64706015037594,0.00972989429379715,-1.18155572794745,1.29344548222192,-1.16038181241284,0.0101803691264333,5.81001195722959
"Medium","Low","High","Low","Medium","Mpumalanga","Rainfed","Pannar","New Holland",23.2161654135338,408,296.555789473684,144.721044776119,3.64706015037594,0.00972989429379715,-1.18155572794745,1.29344548222192,-1.16038181241284,0.0101803691264333,5.79812922122372
"Medium","Low","High","Medium","Low","Free State","Rainfed","Pannar","John Deere",23.2161654135338,408,296.555789473684,200.322781954887,3.38760447761194,0.00972989429379715,-1.18155572794745,1.29344548222192,-0.189510256158578,-1.18148746836324,5.54613926383473
"Medium","Low","High","Medium","Low","Mpumalanga","Rainfed","Pannar","John Deere",23.2161654135338,408,296.555789473684,200.322781954887,3.38760447761194,0.00972989429379715,-1.18155572794745,1.29344548222192,-0.189510256158578,-1.18148746836324,5.96872529094415
"Medium","Low","High","Medium","Low","North West","Rainfed","Pannar","John Deere",23.2161654135338,408,296.555789473684,200.322781954887,3.38760447761194,0.00972989429379715,-1.18155572794745,1.29344548222192,-0.189510256158578,-1.18148746836324,5.25661373204355
"Medium","Low","High","Medium","Low","Free State","Irrigated","Pannar","John Deere",23.2161654135338,408,296.555789473684,200.322781954887,3.38760447761194,0.00972989429379715,-1.18155572794745,1.29344548222192,-0.189510256158578,-1.18148746836324,5.40309329942391
"Medium","Low","High","Medium","Low","Mpumalanga","Irrigated","Pannar","John Deere",23.2161654135338,408,296.555789473684,200.322781954887,3.38760447761194,0.00972989429379715,-1.18155572794745,1.29344548222192,-0.189510256158578,-1.18148746836324,6.72977304054178
"Medium","Low","High","Medium","Low","North West","Irrigated","Pannar","John Deere",23.2161654135338,408,296.555789473684,200.322781954887,3.38760447761194,0.00972989429379715,-1.18155572794745,1.29344548222192,-0.189510256158578,-1.18148746836324,6.66756752149962
"Medium","Low","High","Medium","Low","Free State","Rainfed","Dekalb","John Deere",23.2161654135338,408,296.555789473684,200.322781954887,3.38760447761194,0.00972989429379715,-1.18155572794745,1.29344548222192,-0.189510256158578,-1.18148746836324,5.83271463081594
"Medium","Low","High","Medium","Low","Mpumalanga","Rainfed","Dekalb","John Deere",23.2161654135338,408,296.555789473684,200.322781954887,3.38760447761194,0.00972989429379715,-1.18155572794745,1.29344548222192,-0.189510256158578,-1.18148746836324,6.54158542986775
"Medium","Low","High","Medium","Low","North West","Rainfed","Dekalb","John Deere",23.2161654135338,408,296.555789473684,200.322781954887,3.38760447761194,0.00972989429379715,-1.18155572794745,1.29344548222192,-0.189510256158578,-1.18148746836324,6.16031149013599
"Medium","Low","High","Medium","Low","Free State","Irrigated","Dekalb","John Deere",23.2161654135338,408,296.555789473684,200.322781954887,3.38760447761194,0.00972989429379715,-1.18155572794745,1.29344548222192,-0.189510256158578,-1.18148746836324,7.07298942993107
"Medium","Low","High","Medium","Low","Mpumalanga","Irrigated","Dekalb","John Deere",23.2161654135338,408,296.555789473684,200.322781954887,3.38760447761194,0.00972989429379715,-1.18155572794745,1.29344548222192,-0.189510256158578,-1.18148746836324,6.29340849518826
"Medium","Low","High","Medium","Low","North West","Irrigated","Dekalb","John Deere",23.2161654135338,408,296.555789473684,200.322781954887,3.38760447761194,0.00972989429379715,-1.18155572794745,1.29344548222192,-0.189510256158578,-1.18148746836324,6.44420112451242
"Medium","Low","High","Medium","Low","Free State","Rainfed","Pioneer","John Deere",23.2161654135338,408,296.555789473684,200.322781954887,3.38760447761194,0.00972989429379715,-1.18155572794745,1.29344548222192,-0.189510256158578,-1.18148746836324,5.95371662176462
"Medium","Low","High","Medium","Low","Mpumalanga","Rainfed","Pioneer","John Deere",23.2161654135338,408,296.555789473684,200.322781954887,3.38760447761194,0.00972989429379715,-1.18155572794745,1.29344548222192,-0.189510256158578,-1.18148746836324,5.98910274252364
"Medium","Low","High","Medium","Low","North West","Rainfed","Pioneer","John Deere",23.2161654135338,408,296.555789473684,200.322781954887,3.38760447761194,0.00972989429379715,-1.18155572794745,1.29344548222192,-0.189510256158578,-1.18148746836324,6.49974871504941
"Medium","Low","High","Medium","Low","Free State","Irrigated","Pioneer","John Deere",23.2161654135338,408,296.555789473684,200.322781954887,3.38760447761194,0.00972989429379715,-1.18155572794745,1.29344548222192,-0.189510256158578,-1.18148746836324,5.60927437323029
"Medium","Low","High","Medium","Low","Mpumalanga","Irrigated","Pioneer","John Deere",23.2161654135338,408,296.555789473684,200.322781954887,3.38760447761194,0.00972989429379715,-1.18155572794745,1.29344548222192,-0.189510256158578,-1.18148746836324,7.38523056232082
"Medium","Low","High","Medium","Low","North West","Irrigated","Pioneer","John Deere",23.2161654135338,408,296.555789473684,200.322781954887,3.38760447761194,0.00972989429379715,-1.18155572794745,1.29344548222192,-0.189510256158578,-1.18148746836324,5.88918558811235
"Medium","Low","High","Medium","Low","Free State","Rainfed","Pannar","New Holland",23.2161654135338,408,296.555789473684,200.322781954887,3.38760447761194,0.00972989429379715,-1.18155572794745,1.29344548222192,-0.189510256158578,-1.18148746836324,5.17916021567831
"Medium","Low","High","Medium","Low","Mpumalanga","Rainfed","Pannar","New Holland",23.2161654135338,408,296.555789473684,200.322781954887,3.38760447761194,0.00972989429379715,-1.18155572794745,1.29344548222192,-0.189510256158578,-1.18148746836324,5.39332831439361
"Medium","Low","High","Medium","Medium","Free State","Rainfed","Pannar","John Deere",23.2161654135338,408,296.555789473684,200.322781954887,3.64706015037594,0.00972989429379715,-1.18155572794745,1.29344548222192,-0.189510256158578,0.0101803691264333,5.26032277447989
"Medium","Low","High","Medium","Medium","Mpumalanga","Rainfed","Pannar","John Deere",23.2161654135338,408,296.555789473684,200.322781954887,3.64706015037594,0.00972989429379715,-1.18155572794745,1.29344548222192,-0.189510256158578,0.0101803691264333,6.22226977263636
"Medium","Low","High","Medium","Medium","North West","Rainfed","Pannar","John Deere",23.2161654135338,408,296.555789473684,200.322781954887,3.64706015037594,0.00972989429379715,-1.18155572794745,1.29344548222192,-0.189510256158578,0.0101803691264333,5.88598583599949
"Medium","Low","High","Medium","Medium","Free State","Irrigated","Pannar","John Deere",23.2161654135338,408,296.555789473684,200.322781954887,3.64706015037594,0.00972989429379715,-1.18155572794745,1.29344548222192,-0.189510256158578,0.0101803691264333,5.97078979002237
"Medium","Low","High","Medium","Medium","Mpumalanga","Irrigated","Pannar","John Deere",23.2161654135338,408,296.555789473684,200.322781954887,3.64706015037594,0.00972989429379715,-1.18155572794745,1.29344548222192,-0.189510256158578,0.0101803691264333,5.83125846129168
"Medium","Low","High","Medium","Medium","North West","Irrigated","Pannar","John Deere",23.2161654135338,408,296.555789473684,200.322781954887,3.64706015037594,0.00972989429379715,-1.18155572794745,1.29344548222192,-0.189510256158578,0.0101803691264333,6.2227006021429
"Medium","Low","High","Medium","Medium","Free State","Rainfed","Dekalb","John Deere",23.2161654135338,408,296.555789473684,200.322781954887,3.64706015037594,0.00972989429379715,-1.18155572794745,1.29344548222192,-0.189510256158578,0.0101803691264333,6.11850797907052
"Medium","Low","High","Medium","Medium","Mpumalanga","Rainfed","Dekalb","John Deere",23.2161654135338,408,296.555789473684,200.322781954887,3.64706015037594,0.00972989429379715,-1.18155572794745,1.29344548222192,-0.189510256158578,0.0101803691264333,6.63421591124606
"Medium","Low","High","Medium","Medium","North West","Rainfed","Dekalb","John Deere",23.2161654135338,408,296.555789473684,200.322781954887,3.64706015037594,0.00972989429379715,-1.18155572794745,1.29344548222192,-0.189510256158578,0.0101803691264333,7.25335445293833
"Medium","Low","High","Medium","Medium","Free State","Irrigated","Dekalb","John Deere",23.2161654135338,408,296.555789473684,200.322781954887,3.64706015037594,0.00972989429379715,-1.18155572794745,1.29344548222192,-0.189510256158578,0.0101803691264333,7.03408281083919
"Medium","Low","High","Medium","Medium","Mpumalanga","Irrigated","Dekalb","John Deere",23.2161654135338,408,296.555789473684,200.322781954887,3.64706015037594,0.00972989429379715,-1.18155572794745,1.29344548222192,-0.189510256158578,0.0101803691264333,7.22859242869489
"Medium","Low","High","Medium","Medium","North West","Irrigated","Dekalb","John Deere",23.2161654135338,408,296.555789473684,200.322781954887,3.64706015037594,0.00972989429379715,-1.18155572794745,1.29344548222192,-0.189510256158578,0.0101803691264333,5.28135633236954
"Medium","Low","High","Medium","Medium","Free State","Rainfed","Pioneer","John Deere",23.2161654135338,408,296.555789473684,200.322781954887,3.64706015037594,0.00972989429379715,-1.18155572794745,1.29344548222192,-0.189510256158578,0.0101803691264333,5.95378339860671
"Medium","Low","High","Medium","Medium","Mpumalanga","Rainfed","Pioneer","John Deere",23.2161654135338,408,296.555789473684,200.322781954887,3.64706015037594,0.00972989429379715,-1.18155572794745,1.29344548222192,-0.189510256158578,0.0101803691264333,5.88665004729176
"Medium","Low","High","Medium","Medium","North West","Rainfed","Pioneer","John Deere",23.2161654135338,408,296.555789473684,200.322781954887,3.64706015037594,0.00972989429379715,-1.18155572794745,1.29344548222192,-0.189510256158578,0.0101803691264333,6.63654335025576
"Medium","Low","High","Medium","Medium","Free State","Irrigated","Pioneer","John Deere",23.2161654135338,408,296.555789473684,200.322781954887,3.64706015037594,0.00972989429379715,-1.18155572794745,1.29344548222192,-0.189510256158578,0.0101803691264333,7.20617601761264
"Medium","Low","High","Medium","Medium","Mpumalanga","Irrigated","Pioneer","John Deere",23.2161654135338,408,296.555789473684,200.322781954887,3.64706015037594,0.00972989429379715,-1.18155572794745,1.29344548222192,-0.189510256158578,0.0101803691264333,6.77596019954043
"Medium","Low","High","Medium","Medium","North West","Irrigated","Pioneer","John Deere",23.2161654135338,408,296.555789473684,200.322781954887,3.64706015037594,0.00972989429379715,-1.18155572794745,1.29344548222192,-0.189510256158578,0.0101803691264333,5.70900755748345
"Medium","Low","High","Medium","Medium","Free State","Rainfed","Pannar","New Holland",23.2161654135338,408,296.555789473684,200.322781954887,3.64706015037594,0.00972989429379715,-1.18155572794745,1.29344548222192,-0.189510256158578,0.0101803691264333,5.9037648855992
"Medium","Low","High","Medium","Medium","Mpumalanga","Rainfed","Pannar","New Holland",23.2161654135338,408,296.555789473684,200.322781954887,3.64706015037594,0.00972989429379715,-1.18155572794745,1.29344548222192,-0.189510256158578,0.0101803691264333,5.37338992929165
"Medium","Low","High","Medium","High","Free State","Rainfed","Pannar","John Deere",23.2161654135338,408,296.555789473684,200.322781954887,3.92764661654135,0.00972989429379715,-1.18155572794745,1.29344548222192,-0.189510256158578,1.2989009578967,6.23811131177179
"Medium","Low","High","Medium","High","Mpumalanga","Rainfed","Pannar","John Deere",23.2161654135338,408,296.555789473684,200.322781954887,3.92764661654135,0.00972989429379715,-1.18155572794745,1.29344548222192,-0.189510256158578,1.2989009578967,5.16606507404049
"Medium","Low","High","Medium","High","North West","Rainfed","Pannar","John Deere",23.2161654135338,408,296.555789473684,200.322781954887,3.92764661654135,0.00972989429379715,-1.18155572794745,1.29344548222192,-0.189510256158578,1.2989009578967,5.5456180776275
"Medium","Low","High","Medium","High","Free State","Irrigated","Pannar","John Deere",23.2161654135338,408,296.555789473684,200.322781954887,3.92764661654135,0.00972989429379715,-1.18155572794745,1.29344548222192,-0.189510256158578,1.2989009578967,6.08983235138461
"Medium","Low","High","Medium","High","Mpumalanga","Irrigated","Pannar","John Deere",23.2161654135338,408,296.555789473684,200.322781954887,3.92764661654135,0.00972989429379715,-1.18155572794745,1.29344548222192,-0.189510256158578,1.2989009578967,6.22209469516088
"Medium","Low","High","Medium","High","North West","Irrigated","Pannar","John Deere",23.2161654135338,408,296.555789473684,200.322781954887,3.92764661654135,0.00972989429379715,-1.18155572794745,1.29344548222192,-0.189510256158578,1.2989009578967,5.7290927034334
"Medium","Low","High","Medium","High","Free State","Rainfed","Dekalb","John Deere",23.2161654135338,408,296.555789473684,200.322781954887,3.92764661654135,0.00972989429379715,-1.18155572794745,1.29344548222192,-0.189510256158578,1.2989009578967,5.10696520388364
"Medium","Low","High","Medium","High","Mpumalanga","Rainfed","Dekalb","John Deere",23.2161654135338,408,296.555789473684,200.322781954887,3.92764661654135,0.00972989429379715,-1.18155572794745,1.29344548222192,-0.189510256158578,1.2989009578967,5.77078441453734
"Medium","Low","High","Medium","High","North West","Rainfed","Dekalb","John Deere",23.2161654135338,408,296.555789473684,200.322781954887,3.92764661654135,0.00972989429379715,-1.18155572794745,1.29344548222192,-0.189510256158578,1.2989009578967,5.89335572816238
"Medium","Low","High","Medium","High","Free State","Irrigated","Dekalb","John Deere",23.2161654135338,408,296.555789473684,200.322781954887,3.92764661654135,0.00972989429379715,-1.18155572794745,1.29344548222192,-0.189510256158578,1.2989009578967,6.31225325051042
"Medium","Low","High","Medium","High","Mpumalanga","Irrigated","Dekalb","John Deere",23.2161654135338,408,296.555789473684,200.322781954887,3.92764661654135,0.00972989429379715,-1.18155572794745,1.29344548222192,-0.189510256158578,1.2989009578967,7.02533351104687
"Medium","Low","High","Medium","High","North West","Irrigated","Dekalb","John Deere",23.2161654135338,408,296.555789473684,200.322781954887,3.92764661654135,0.00972989429379715,-1.18155572794745,1.29344548222192,-0.189510256158578,1.2989009578967,6.34608282982853
"Medium","Low","High","Medium","High","Free State","Rainfed","Pioneer","John Deere",23.2161654135338,408,296.555789473684,200.322781954887,3.92764661654135,0.00972989429379715,-1.18155572794745,1.29344548222192,-0.189510256158578,1.2989009578967,5.93936952346761
"Medium","Low","High","Medium","High","Mpumalanga","Rainfed","Pioneer","John Deere",23.2161654135338,408,296.555789473684,200.322781954887,3.92764661654135,0.00972989429379715,-1.18155572794745,1.29344548222192,-0.189510256158578,1.2989009578967,5.68158791868399
"Medium","Low","High","Medium","High","North West","Rainfed","Pioneer","John Deere",23.2161654135338,408,296.555789473684,200.322781954887,3.92764661654135,0.00972989429379715,-1.18155572794745,1.29344548222192,-0.189510256158578,1.2989009578967,6.40768313744875
"Medium","Low","High","Medium","High","Free State","Irrigated","Pioneer","John Deere",23.2161654135338,408,296.555789473684,200.322781954887,3.92764661654135,0.00972989429379715,-1.18155572794745,1.29344548222192,-0.189510256158578,1.2989009578967,6.26697699200323
"Medium","Low","High","Medium","High","Mpumalanga","Irrigated","Pioneer","John Deere",23.2161654135338,408,296.555789473684,200.322781954887,3.92764661654135,0.00972989429379715,-1.18155572794745,1.29344548222192,-0.189510256158578,1.2989009578967,7.01339144000381
"Medium","Low","High","Medium","High","North West","Irrigated","Pioneer","John Deere",23.2161654135338,408,296.555789473684,200.322781954887,3.92764661654135,0.00972989429379715,-1.18155572794745,1.29344548222192,-0.189510256158578,1.2989009578967,7.29341955797021
"Medium","Low","High","Medium","High","Free State","Rainfed","Pannar","New Holland",23.2161654135338,408,296.555789473684,200.322781954887,3.92764661654135,0.00972989429379715,-1.18155572794745,1.29344548222192,-0.189510256158578,1.2989009578967,6.13381919845432
"Medium","Low","High","Medium","High","Mpumalanga","Rainfed","Pannar","New Holland",23.2161654135338,408,296.555789473684,200.322781954887,3.92764661654135,0.00972989429379715,-1.18155572794745,1.29344548222192,-0.189510256158578,1.2989009578967,5.36379146093528
"Medium","Low","High","High","Low","Free State","Rainfed","Pannar","John Deere",23.2161654135338,408,296.555789473684,285.840977443609,3.38760447761194,0.00972989429379715,-1.18155572794745,1.29344548222192,1.30373775649338,-1.18148746836324,6.45395074415839
"Medium","Low","High","High","Low","Mpumalanga","Rainfed","Pannar","John Deere",23.2161654135338,408,296.555789473684,285.840977443609,3.38760447761194,0.00972989429379715,-1.18155572794745,1.29344548222192,1.30373775649338,-1.18148746836324,4.90499075614151
"Medium","Low","High","High","Low","North West","Rainfed","Pannar","John Deere",23.2161654135338,408,296.555789473684,285.840977443609,3.38760447761194,0.00972989429379715,-1.18155572794745,1.29344548222192,1.30373775649338,-1.18148746836324,6.02572479966096
"Medium","Low","High","High","Low","Free State","Irrigated","Pannar","John Deere",23.2161654135338,408,296.555789473684,285.840977443609,3.38760447761194,0.00972989429379715,-1.18155572794745,1.29344548222192,1.30373775649338,-1.18148746836324,7.28576909049104
"Medium","Low","High","High","Low","Mpumalanga","Irrigated","Pannar","John Deere",23.2161654135338,408,296.555789473684,285.840977443609,3.38760447761194,0.00972989429379715,-1.18155572794745,1.29344548222192,1.30373775649338,-1.18148746836324,6.64861503155047
"Medium","Low","High","High","Low","North West","Irrigated","Pannar","John Deere",23.2161654135338,408,296.555789473684,285.840977443609,3.38760447761194,0.00972989429379715,-1.18155572794745,1.29344548222192,1.30373775649338,-1.18148746836324,6.38246051964169
"Medium","Low","High","High","Low","Free State","Rainfed","Dekalb","John Deere",23.2161654135338,408,296.555789473684,285.840977443609,3.38760447761194,0.00972989429379715,-1.18155572794745,1.29344548222192,1.30373775649338,-1.18148746836324,5.95569044086336
"Medium","Low","High","High","Low","Mpumalanga","Rainfed","Dekalb","John Deere",23.2161654135338,408,296.555789473684,285.840977443609,3.38760447761194,0.00972989429379715,-1.18155572794745,1.29344548222192,1.30373775649338,-1.18148746836324,6.19348870563069
"Medium","Low","High","High","Low","North West","Rainfed","Dekalb","John Deere",23.2161654135338,408,296.555789473684,285.840977443609,3.38760447761194,0.00972989429379715,-1.18155572794745,1.29344548222192,1.30373775649338,-1.18148746836324,7.34250755458683
"Medium","Low","High","High","Low","Free State","Irrigated","Dekalb","John Deere",23.2161654135338,408,296.555789473684,285.840977443609,3.38760447761194,0.00972989429379715,-1.18155572794745,1.29344548222192,1.30373775649338,-1.18148746836324,7.13299118893347
"Medium","Low","High","High","Low","Mpumalanga","Irrigated","Dekalb","John Deere",23.2161654135338,408,296.555789473684,285.840977443609,3.38760447761194,0.00972989429379715,-1.18155572794745,1.29344548222192,1.30373775649338,-1.18148746836324,7.04877517768053
"Medium","Low","High","High","Low","North West","Irrigated","Dekalb","John Deere",23.2161654135338,408,296.555789473684,285.840977443609,3.38760447761194,0.00972989429379715,-1.18155572794745,1.29344548222192,1.30373775649338,-1.18148746836324,7.33830075546873
"Medium","Low","High","High","Low","Free State","Rainfed","Pioneer","John Deere",23.2161654135338,408,296.555789473684,285.840977443609,3.38760447761194,0.00972989429379715,-1.18155572794745,1.29344548222192,1.30373775649338,-1.18148746836324,5.38492144835391
"Medium","Low","High","High","Low","Mpumalanga","Rainfed","Pioneer","John Deere",23.2161654135338,408,296.555789473684,285.840977443609,3.38760447761194,0.00972989429379715,-1.18155572794745,1.29344548222192,1.30373775649338,-1.18148746836324,6.05205644898135
"Medium","Low","High","High","Low","North West","Rainfed","Pioneer","John Deere",23.2161654135338,408,296.555789473684,285.840977443609,3.38760447761194,0.00972989429379715,-1.18155572794745,1.29344548222192,1.30373775649338,-1.18148746836324,5.60553310923601
"Medium","Low","High","High","Low","Free State","Irrigated","Pioneer","John Deere",23.2161654135338,408,296.555789473684,285.840977443609,3.38760447761194,0.00972989429379715,-1.18155572794745,1.29344548222192,1.30373775649338,-1.18148746836324,6.667057458335
"Medium","Low","High","High","Low","Mpumalanga","Irrigated","Pioneer","John Deere",23.2161654135338,408,296.555789473684,285.840977443609,3.38760447761194,0.00972989429379715,-1.18155572794745,1.29344548222192,1.30373775649338,-1.18148746836324,6.61635976662125
"Medium","Low","High","High","Low","North West","Irrigated","Pioneer","John Deere",23.2161654135338,408,296.555789473684,285.840977443609,3.38760447761194,0.00972989429379715,-1.18155572794745,1.29344548222192,1.30373775649338,-1.18148746836324,7.3266347477849
"Medium","Low","High","High","Low","Free State","Rainfed","Pannar","New Holland",23.2161654135338,408,296.555789473684,285.840977443609,3.38760447761194,0.00972989429379715,-1.18155572794745,1.29344548222192,1.30373775649338,-1.18148746836324,5.72531295187981
"Medium","Low","High","High","Low","Mpumalanga","Rainfed","Pannar","New Holland",23.2161654135338,408,296.555789473684,285.840977443609,3.38760447761194,0.00972989429379715,-1.18155572794745,1.29344548222192,1.30373775649338,-1.18148746836324,5.13745467692389
"Medium","Medium","Low","Low","Low","Free State","Rainfed","Pannar","John Deere",23.2161654135338,604.676691729323,135.153059701493,144.721044776119,3.38760447761194,0.00972989429379715,-0.135282631961664,-1.11851500073808,-1.16038181241284,-1.18148746836324,4.688219120817
"Medium","Medium","Low","Low","Low","Mpumalanga","Rainfed","Pannar","John Deere",23.2161654135338,604.676691729323,135.153059701493,144.721044776119,3.38760447761194,0.00972989429379715,-0.135282631961664,-1.11851500073808,-1.16038181241284,-1.18148746836324,4.73765740614576
"Medium","Medium","Low","Low","Low","North West","Rainfed","Pannar","John Deere",23.2161654135338,604.676691729323,135.153059701493,144.721044776119,3.38760447761194,0.00972989429379715,-0.135282631961664,-1.11851500073808,-1.16038181241284,-1.18148746836324,4.99698749411336
"Medium","Medium","Low","Low","Low","Free State","Irrigated","Pannar","John Deere",23.2161654135338,604.676691729323,135.153059701493,144.721044776119,3.38760447761194,0.00972989429379715,-0.135282631961664,-1.11851500073808,-1.16038181241284,-1.18148746836324,6.219527855601
"Medium","Medium","Low","Low","Low","Mpumalanga","Irrigated","Pannar","John Deere",23.2161654135338,604.676691729323,135.153059701493,144.721044776119,3.38760447761194,0.00972989429379715,-0.135282631961664,-1.11851500073808,-1.16038181241284,-1.18148746836324,5.50635104430278
"Medium","Medium","Low","Low","Low","North West","Irrigated","Pannar","John Deere",23.2161654135338,604.676691729323,135.153059701493,144.721044776119,3.38760447761194,0.00972989429379715,-0.135282631961664,-1.11851500073808,-1.16038181241284,-1.18148746836324,5.77046709435905
"Medium","Medium","Low","Low","Low","Free State","Rainfed","Dekalb","John Deere",23.2161654135338,604.676691729323,135.153059701493,144.721044776119,3.38760447761194,0.00972989429379715,-0.135282631961664,-1.11851500073808,-1.16038181241284,-1.18148746836324,5.09560343683261
"Medium","Medium","Low","Low","Low","Mpumalanga","Rainfed","Dekalb","John Deere",23.2161654135338,604.676691729323,135.153059701493,144.721044776119,3.38760447761194,0.00972989429379715,-0.135282631961664,-1.11851500073808,-1.16038181241284,-1.18148746836324,5.74032945682478
"Medium","Medium","Low","Low","Low","North West","Rainfed","Dekalb","John Deere",23.2161654135338,604.676691729323,135.153059701493,144.721044776119,3.38760447761194,0.00972989429379715,-0.135282631961664,-1.11851500073808,-1.16038181241284,-1.18148746836324,4.85381611486107
"Medium","Medium","Low","Low","Low","Free State","Irrigated","Dekalb","John Deere",23.2161654135338,604.676691729323,135.153059701493,144.721044776119,3.38760447761194,0.00972989429379715,-0.135282631961664,-1.11851500073808,-1.16038181241284,-1.18148746836324,6.00127934117102
"Medium","Medium","Low","Low","Low","Mpumalanga","Irrigated","Dekalb","John Deere",23.2161654135338,604.676691729323,135.153059701493,144.721044776119,3.38760447761194,0.00972989429379715,-0.135282631961664,-1.11851500073808,-1.16038181241284,-1.18148746836324,6.64072091278233
"Medium","Medium","Low","Low","Low","North West","Irrigated","Dekalb","John Deere",23.2161654135338,604.676691729323,135.153059701493,144.721044776119,3.38760447761194,0.00972989429379715,-0.135282631961664,-1.11851500073808,-1.16038181241284,-1.18148746836324,5.53229224754107
"Medium","Medium","Low","Low","Low","Free State","Rainfed","Pioneer","John Deere",23.2161654135338,604.676691729323,135.153059701493,144.721044776119,3.38760447761194,0.00972989429379715,-0.135282631961664,-1.11851500073808,-1.16038181241284,-1.18148746836324,5.17127790787152
"Medium","Medium","Low","Low","Low","Mpumalanga","Rainfed","Pioneer","John Deere",23.2161654135338,604.676691729323,135.153059701493,144.721044776119,3.38760447761194,0.00972989429379715,-0.135282631961664,-1.11851500073808,-1.16038181241284,-1.18148746836324,4.06593595148443
"Medium","Medium","Low","Low","Low","North West","Rainfed","Pioneer","John Deere",23.2161654135338,604.676691729323,135.153059701493,144.721044776119,3.38760447761194,0.00972989429379715,-0.135282631961664,-1.11851500073808,-1.16038181241284,-1.18148746836324,5.34028009613451
"Medium","Medium","Low","Low","Low","Free State","Irrigated","Pioneer","John Deere",23.2161654135338,604.676691729323,135.153059701493,144.721044776119,3.38760447761194,0.00972989429379715,-0.135282631961664,-1.11851500073808,-1.16038181241284,-1.18148746836324,6.07045167301005
"Medium","Medium","Low","Low","Low","Mpumalanga","Irrigated","Pioneer","John Deere",23.2161654135338,604.676691729323,135.153059701493,144.721044776119,3.38760447761194,0.00972989429379715,-0.135282631961664,-1.11851500073808,-1.16038181241284,-1.18148746836324,6.22205351423018
"Medium","Medium","Low","Low","Low","North West","Irrigated","Pioneer","John Deere",23.2161654135338,604.676691729323,135.153059701493,144.721044776119,3.38760447761194,0.00972989429379715,-0.135282631961664,-1.11851500073808,-1.16038181241284,-1.18148746836324,5.98193365267073
"Medium","Medium","Low","Low","Low","Free State","Rainfed","Pannar","New Holland",23.2161654135338,604.676691729323,135.153059701493,144.721044776119,3.38760447761194,0.00972989429379715,-0.135282631961664,-1.11851500073808,-1.16038181241284,-1.18148746836324,6.14210260606046
"Medium","Medium","Low","Low","Low","Mpumalanga","Rainfed","Pannar","New Holland",23.2161654135338,604.676691729323,135.153059701493,144.721044776119,3.38760447761194,0.00972989429379715,-0.135282631961664,-1.11851500073808,-1.16038181241284,-1.18148746836324,5.21168012613104
"Medium","Medium","Low","Low","Medium","Free State","Rainfed","Pannar","John Deere",23.2161654135338,604.676691729323,135.153059701493,144.721044776119,3.64706015037594,0.00972989429379715,-0.135282631961664,-1.11851500073808,-1.16038181241284,0.0101803691264333,5.38737501583753
"Medium","Medium","Low","Low","Medium","Mpumalanga","Rainfed","Pannar","John Deere",23.2161654135338,604.676691729323,135.153059701493,144.721044776119,3.64706015037594,0.00972989429379715,-0.135282631961664,-1.11851500073808,-1.16038181241284,0.0101803691264333,5.1914565094963
"Medium","Medium","Low","Low","Medium","North West","Rainfed","Pannar","John Deere",23.2161654135338,604.676691729323,135.153059701493,144.721044776119,3.64706015037594,0.00972989429379715,-0.135282631961664,-1.11851500073808,-1.16038181241284,0.0101803691264333,5.37483250970146
"Medium","Medium","Low","Low","Medium","Free State","Irrigated","Pannar","John Deere",23.2161654135338,604.676691729323,135.153059701493,144.721044776119,3.64706015037594,0.00972989429379715,-0.135282631961664,-1.11851500073808,-1.16038181241284,0.0101803691264333,6.07050242871638
"Medium","Medium","Low","Low","Medium","Mpumalanga","Irrigated","Pannar","John Deere",23.2161654135338,604.676691729323,135.153059701493,144.721044776119,3.64706015037594,0.00972989429379715,-0.135282631961664,-1.11851500073808,-1.16038181241284,0.0101803691264333,6.10033772919922
"Medium","Medium","Low","Low","Medium","North West","Irrigated","Pannar","John Deere",23.2161654135338,604.676691729323,135.153059701493,144.721044776119,3.64706015037594,0.00972989429379715,-0.135282631961664,-1.11851500073808,-1.16038181241284,0.0101803691264333,5.6919305270223
"Medium","Medium","Low","Low","Medium","Free State","Rainfed","Dekalb","John Deere",23.2161654135338,604.676691729323,135.153059701493,144.721044776119,3.64706015037594,0.00972989429379715,-0.135282631961664,-1.11851500073808,-1.16038181241284,0.0101803691264333,4.5700727924029
"Medium","Medium","Low","Low","Medium","Mpumalanga","Rainfed","Dekalb","John Deere",23.2161654135338,604.676691729323,135.153059701493,144.721044776119,3.64706015037594,0.00972989429379715,-0.135282631961664,-1.11851500073808,-1.16038181241284,0.0101803691264333,5.73327764869037
"Medium","Medium","Low","Low","Medium","North West","Rainfed","Dekalb","John Deere",23.2161654135338,604.676691729323,135.153059701493,144.721044776119,3.64706015037594,0.00972989429379715,-0.135282631961664,-1.11851500073808,-1.16038181241284,0.0101803691264333,6.02768300658202
"Medium","Medium","Low","Low","Medium","Free State","Irrigated","Dekalb","John Deere",23.2161654135338,604.676691729323,135.153059701493,144.721044776119,3.64706015037594,0.00972989429379715,-0.135282631961664,-1.11851500073808,-1.16038181241284,0.0101803691264333,5.31533956938203
"Medium","Medium","Low","Low","Medium","Mpumalanga","Irrigated","Dekalb","John Deere",23.2161654135338,604.676691729323,135.153059701493,144.721044776119,3.64706015037594,0.00972989429379715,-0.135282631961664,-1.11851500073808,-1.16038181241284,0.0101803691264333,6.21314310192809
"Medium","Medium","Low","Low","Medium","North West","Irrigated","Dekalb","John Deere",23.2161654135338,604.676691729323,135.153059701493,144.721044776119,3.64706015037594,0.00972989429379715,-0.135282631961664,-1.11851500073808,-1.16038181241284,0.0101803691264333,5.52338402981368
"Medium","Medium","Low","Low","Medium","Free State","Rainfed","Pioneer","John Deere",23.2161654135338,604.676691729323,135.153059701493,144.721044776119,3.64706015037594,0.00972989429379715,-0.135282631961664,-1.11851500073808,-1.16038181241284,0.0101803691264333,5.10283242352779
"Medium","Medium","Low","Low","Medium","Mpumalanga","Rainfed","Pioneer","John Deere",23.2161654135338,604.676691729323,135.153059701493,144.721044776119,3.64706015037594,0.00972989429379715,-0.135282631961664,-1.11851500073808,-1.16038181241284,0.0101803691264333,4.82668495349133
"Medium","Medium","Low","Low","Medium","North West","Rainfed","Pioneer","John Deere",23.2161654135338,604.676691729323,135.153059701493,144.721044776119,3.64706015037594,0.00972989429379715,-0.135282631961664,-1.11851500073808,-1.16038181241284,0.0101803691264333,5.20859212672697
"Medium","Medium","Low","Low","Medium","Free State","Irrigated","Pioneer","John Deere",23.2161654135338,604.676691729323,135.153059701493,144.721044776119,3.64706015037594,0.00972989429379715,-0.135282631961664,-1.11851500073808,-1.16038181241284,0.0101803691264333,6.12000167536262
"Medium","Medium","Low","Low","Medium","Mpumalanga","Irrigated","Pioneer","John Deere",23.2161654135338,604.676691729323,135.153059701493,144.721044776119,3.64706015037594,0.00972989429379715,-0.135282631961664,-1.11851500073808,-1.16038181241284,0.0101803691264333,5.537350824144
"Medium","Medium","Low","Low","Medium","North West","Irrigated","Pioneer","John Deere",23.2161654135338,604.676691729323,135.153059701493,144.721044776119,3.64706015037594,0.00972989429379715,-0.135282631961664,-1.11851500073808,-1.16038181241284,0.0101803691264333,6.32311431040438
"Medium","Medium","Low","Low","Medium","Free State","Rainfed","Pannar","New Holland",23.2161654135338,604.676691729323,135.153059701493,144.721044776119,3.64706015037594,0.00972989429379715,-0.135282631961664,-1.11851500073808,-1.16038181241284,0.0101803691264333,5.63560724999398
"Medium","Medium","Low","Low","Medium","Mpumalanga","Rainfed","Pannar","New Holland",23.2161654135338,604.676691729323,135.153059701493,144.721044776119,3.64706015037594,0.00972989429379715,-0.135282631961664,-1.11851500073808,-1.16038181241284,0.0101803691264333,5.87603144082885
"Medium","Medium","Low","Low","High","Free State","Rainfed","Pannar","John Deere",23.2161654135338,604.676691729323,135.153059701493,144.721044776119,3.92764661654135,0.00972989429379715,-0.135282631961664,-1.11851500073808,-1.16038181241284,1.2989009578967,5.09507865824026
"Medium","Medium","Low","Low","High","Mpumalanga","Rainfed","Pannar","John Deere",23.2161654135338,604.676691729323,135.153059701493,144.721044776119,3.92764661654135,0.00972989429379715,-0.135282631961664,-1.11851500073808,-1.16038181241284,1.2989009578967,5.10476573558398
"Medium","Medium","Low","Low","High","North West","Rainfed","Pannar","John Deere",23.2161654135338,604.676691729323,135.153059701493,144.721044776119,3.92764661654135,0.00972989429379715,-0.135282631961664,-1.11851500073808,-1.16038181241284,1.2989009578967,6.14872133582463
"Medium","Medium","Low","Low","High","Free State","Irrigated","Pannar","John Deere",23.2161654135338,604.676691729323,135.153059701493,144.721044776119,3.92764661654135,0.00972989429379715,-0.135282631961664,-1.11851500073808,-1.16038181241284,1.2989009578967,5.84730905472636
"Medium","Medium","Low","Low","High","Mpumalanga","Irrigated","Pannar","John Deere",23.2161654135338,604.676691729323,135.153059701493,144.721044776119,3.92764661654135,0.00972989429379715,-0.135282631961664,-1.11851500073808,-1.16038181241284,1.2989009578967,5.85049646554955
"Medium","Medium","Low","Low","High","North West","Irrigated","Pannar","John Deere",23.2161654135338,604.676691729323,135.153059701493,144.721044776119,3.92764661654135,0.00972989429379715,-0.135282631961664,-1.11851500073808,-1.16038181241284,1.2989009578967,5.61210147313802
"Medium","Medium","Low","Low","High","Free State","Rainfed","Dekalb","John Deere",23.2161654135338,604.676691729323,135.153059701493,144.721044776119,3.92764661654135,0.00972989429379715,-0.135282631961664,-1.11851500073808,-1.16038181241284,1.2989009578967,5.72154693128303
"Medium","Medium","Low","Low","High","Mpumalanga","Rainfed","Dekalb","John Deere",23.2161654135338,604.676691729323,135.153059701493,144.721044776119,3.92764661654135,0.00972989429379715,-0.135282631961664,-1.11851500073808,-1.16038181241284,1.2989009578967,5.71502424994539
"Medium","Medium","Low","Low","High","North West","Rainfed","Dekalb","John Deere",23.2161654135338,604.676691729323,135.153059701493,144.721044776119,3.92764661654135,0.00972989429379715,-0.135282631961664,-1.11851500073808,-1.16038181241284,1.2989009578967,5.58882923498507
"Medium","Medium","Low","Low","High","Free State","Irrigated","Dekalb","John Deere",23.2161654135338,604.676691729323,135.153059701493,144.721044776119,3.92764661654135,0.00972989429379715,-0.135282631961664,-1.11851500073808,-1.16038181241284,1.2989009578967,6.21418274524968
"Medium","Medium","Low","Low","High","Mpumalanga","Irrigated","Dekalb","John Deere",23.2161654135338,604.676691729323,135.153059701493,144.721044776119,3.92764661654135,0.00972989429379715,-0.135282631961664,-1.11851500073808,-1.16038181241284,1.2989009578967,6.51544595429473
"Medium","Medium","Low","Low","High","North West","Irrigated","Dekalb","John Deere",23.2161654135338,604.676691729323,135.153059701493,144.721044776119,3.92764661654135,0.00972989429379715,-0.135282631961664,-1.11851500073808,-1.16038181241284,1.2989009578967,6.63151111993227
"Medium","Medium","Low","Low","High","Free State","Rainfed","Pioneer","John Deere",23.2161654135338,604.676691729323,135.153059701493,144.721044776119,3.92764661654135,0.00972989429379715,-0.135282631961664,-1.11851500073808,-1.16038181241284,1.2989009578967,5.99727377505119
"Medium","Medium","Low","Low","High","Mpumalanga","Rainfed","Pioneer","John Deere",23.2161654135338,604.676691729323,135.153059701493,144.721044776119,3.92764661654135,0.00972989429379715,-0.135282631961664,-1.11851500073808,-1.16038181241284,1.2989009578967,4.82311887326683
"Medium","Medium","Low","Low","High","North West","Rainfed","Pioneer","John Deere",23.2161654135338,604.676691729323,135.153059701493,144.721044776119,3.92764661654135,0.00972989429379715,-0.135282631961664,-1.11851500073808,-1.16038181241284,1.2989009578967,5.39685815123929
"Medium","Medium","Low","Low","High","Free State","Irrigated","Pioneer","John Deere",23.2161654135338,604.676691729323,135.153059701493,144.721044776119,3.92764661654135,0.00972989429379715,-0.135282631961664,-1.11851500073808,-1.16038181241284,1.2989009578967,6.63985615825399
"Medium","Medium","Low","Low","High","Mpumalanga","Irrigated","Pioneer","John Deere",23.2161654135338,604.676691729323,135.153059701493,144.721044776119,3.92764661654135,0.00972989429379715,-0.135282631961664,-1.11851500073808,-1.16038181241284,1.2989009578967,5.62362400074435
"Medium","Medium","Low","Low","High","North West","Irrigated","Pioneer","John Deere",23.2161654135338,604.676691729323,135.153059701493,144.721044776119,3.92764661654135,0.00972989429379715,-0.135282631961664,-1.11851500073808,-1.16038181241284,1.2989009578967,6.39559287471164
"Medium","Medium","Low","Low","High","Free State","Rainfed","Pannar","New Holland",23.2161654135338,604.676691729323,135.153059701493,144.721044776119,3.92764661654135,0.00972989429379715,-0.135282631961664,-1.11851500073808,-1.16038181241284,1.2989009578967,4.54999048641269
"Medium","Medium","Low","Low","High","Mpumalanga","Rainfed","Pannar","New Holland",23.2161654135338,604.676691729323,135.153059701493,144.721044776119,3.92764661654135,0.00972989429379715,-0.135282631961664,-1.11851500073808,-1.16038181241284,1.2989009578967,5.53859680131365
"Medium","Medium","Low","Medium","Medium","Free State","Rainfed","Pannar","John Deere",23.2161654135338,604.676691729323,135.153059701493,200.322781954887,3.64706015037594,0.00972989429379715,-0.135282631961664,-1.11851500073808,-0.189510256158578,0.0101803691264333,5.29020335219084
"Medium","Medium","Low","Medium","Medium","Mpumalanga","Rainfed","Pannar","John Deere",23.2161654135338,604.676691729323,135.153059701493,200.322781954887,3.64706015037594,0.00972989429379715,-0.135282631961664,-1.11851500073808,-0.189510256158578,0.0101803691264333,5.18218504605482
"Medium","Medium","Low","Medium","Medium","North West","Rainfed","Pannar","John Deere",23.2161654135338,604.676691729323,135.153059701493,200.322781954887,3.64706015037594,0.00972989429379715,-0.135282631961664,-1.11851500073808,-0.189510256158578,0.0101803691264333,5.97208825174623
"Medium","Medium","Low","Medium","Medium","Free State","Irrigated","Pannar","John Deere",23.2161654135338,604.676691729323,135.153059701493,200.322781954887,3.64706015037594,0.00972989429379715,-0.135282631961664,-1.11851500073808,-0.189510256158578,0.0101803691264333,5.83731633621968
"Medium","Medium","Low","Medium","Medium","Mpumalanga","Irrigated","Pannar","John Deere",23.2161654135338,604.676691729323,135.153059701493,200.322781954887,3.64706015037594,0.00972989429379715,-0.135282631961664,-1.11851500073808,-0.189510256158578,0.0101803691264333,5.49755112856036
"Medium","Medium","Low","Medium","Medium","North West","Irrigated","Pannar","John Deere",23.2161654135338,604.676691729323,135.153059701493,200.322781954887,3.64706015037594,0.00972989429379715,-0.135282631961664,-1.11851500073808,-0.189510256158578,0.0101803691264333,5.88897708149323
"Medium","Medium","Low","Medium","Medium","Free State","Rainfed","Dekalb","John Deere",23.2161654135338,604.676691729323,135.153059701493,200.322781954887,3.64706015037594,0.00972989429379715,-0.135282631961664,-1.11851500073808,-0.189510256158578,0.0101803691264333,5.47540283110656
"Medium","Medium","Low","Medium","Medium","Mpumalanga","Rainfed","Dekalb","John Deere",23.2161654135338,604.676691729323,135.153059701493,200.322781954887,3.64706015037594,0.00972989429379715,-0.135282631961664,-1.11851500073808,-0.189510256158578,0.0101803691264333,4.90882765004825
"Medium","Medium","Low","Medium","Medium","North West","Rainfed","Dekalb","John Deere",23.2161654135338,604.676691729323,135.153059701493,200.322781954887,3.64706015037594,0.00972989429379715,-0.135282631961664,-1.11851500073808,-0.189510256158578,0.0101803691264333,6.39968319443285
"Medium","Medium","Low","Medium","Medium","Free State","Irrigated","Dekalb","John Deere",23.2161654135338,604.676691729323,135.153059701493,200.322781954887,3.64706015037594,0.00972989429379715,-0.135282631961664,-1.11851500073808,-0.189510256158578,0.0101803691264333,6.25455362879079
"Medium","Medium","Low","Medium","Medium","Mpumalanga","Irrigated","Dekalb","John Deere",23.2161654135338,604.676691729323,135.153059701493,200.322781954887,3.64706015037594,0.00972989429379715,-0.135282631961664,-1.11851500073808,-0.189510256158578,0.0101803691264333,5.64370392220149
"Medium","Medium","Low","Medium","Medium","North West","Irrigated","Dekalb","John Deere",23.2161654135338,604.676691729323,135.153059701493,200.322781954887,3.64706015037594,0.00972989429379715,-0.135282631961664,-1.11851500073808,-0.189510256158578,0.0101803691264333,6.00388068635696
"Medium","Medium","Low","Medium","Medium","Free State","Rainfed","Pioneer","John Deere",23.2161654135338,604.676691729323,135.153059701493,200.322781954887,3.64706015037594,0.00972989429379715,-0.135282631961664,-1.11851500073808,-0.189510256158578,0.0101803691264333,5.80045004302391
"Medium","Medium","Low","Medium","Medium","Mpumalanga","Rainfed","Pioneer","John Deere",23.2161654135338,604.676691729323,135.153059701493,200.322781954887,3.64706015037594,0.00972989429379715,-0.135282631961664,-1.11851500073808,-0.189510256158578,0.0101803691264333,5.25946084035666
"Medium","Medium","Low","Medium","Medium","North West","Rainfed","Pioneer","John Deere",23.2161654135338,604.676691729323,135.153059701493,200.322781954887,3.64706015037594,0.00972989429379715,-0.135282631961664,-1.11851500073808,-0.189510256158578,0.0101803691264333,6.43782245757824
"Medium","Medium","Low","Medium","Medium","Free State","Irrigated","Pioneer","John Deere",23.2161654135338,604.676691729323,135.153059701493,200.322781954887,3.64706015037594,0.00972989429379715,-0.135282631961664,-1.11851500073808,-0.189510256158578,0.0101803691264333,5.94362389498757
"Medium","Medium","Low","Medium","Medium","Mpumalanga","Irrigated","Pioneer","John Deere",23.2161654135338,604.676691729323,135.153059701493,200.322781954887,3.64706015037594,0.00972989429379715,-0.135282631961664,-1.11851500073808,-0.189510256158578,0.0101803691264333,6.43538506447807
"Medium","Medium","Low","Medium","Medium","North West","Irrigated","Pioneer","John Deere",23.2161654135338,604.676691729323,135.153059701493,200.322781954887,3.64706015037594,0.00972989429379715,-0.135282631961664,-1.11851500073808,-0.189510256158578,0.0101803691264333,6.68540279442025
"Medium","Medium","Low","Medium","Medium","Free State","Rainfed","Pannar","New Holland",23.2161654135338,604.676691729323,135.153059701493,200.322781954887,3.64706015037594,0.00972989429379715,-0.135282631961664,-1.11851500073808,-0.189510256158578,0.0101803691264333,3.78017583211203
"Medium","Medium","Low","Medium","Medium","Mpumalanga","Rainfed","Pannar","New Holland",23.2161654135338,604.676691729323,135.153059701493,200.322781954887,3.64706015037594,0.00972989429379715,-0.135282631961664,-1.11851500073808,-0.189510256158578,0.0101803691264333,5.88137214141727
"Medium","Medium","Low","High","Low","Free State","Rainfed","Pannar","John Deere",23.2161654135338,604.676691729323,135.153059701493,285.840977443609,3.38760447761194,0.00972989429379715,-0.135282631961664,-1.11851500073808,1.30373775649338,-1.18148746836324,5.25996427286517
"Medium","Medium","Low","High","Low","Mpumalanga","Rainfed","Pannar","John Deere",23.2161654135338,604.676691729323,135.153059701493,285.840977443609,3.38760447761194,0.00972989429379715,-0.135282631961664,-1.11851500073808,1.30373775649338,-1.18148746836324,5.35304039231465
"Medium","Medium","Low","High","Low","North West","Rainfed","Pannar","John Deere",23.2161654135338,604.676691729323,135.153059701493,285.840977443609,3.38760447761194,0.00972989429379715,-0.135282631961664,-1.11851500073808,1.30373775649338,-1.18148746836324,5.89163568354729
"Medium","Medium","Low","High","Low","Free State","Irrigated","Pannar","John Deere",23.2161654135338,604.676691729323,135.153059701493,285.840977443609,3.38760447761194,0.00972989429379715,-0.135282631961664,-1.11851500073808,1.30373775649338,-1.18148746836324,6.71492193797723
"Medium","Medium","Low","High","Low","Mpumalanga","Irrigated","Pannar","John Deere",23.2161654135338,604.676691729323,135.153059701493,285.840977443609,3.38760447761194,0.00972989429379715,-0.135282631961664,-1.11851500073808,1.30373775649338,-1.18148746836324,5.31155687102229
"Medium","Medium","Low","High","Low","North West","Irrigated","Pannar","John Deere",23.2161654135338,604.676691729323,135.153059701493,285.840977443609,3.38760447761194,0.00972989429379715,-0.135282631961664,-1.11851500073808,1.30373775649338,-1.18148746836324,6.77127549259118
"Medium","Medium","Low","High","Low","Free State","Rainfed","Dekalb","John Deere",23.2161654135338,604.676691729323,135.153059701493,285.840977443609,3.38760447761194,0.00972989429379715,-0.135282631961664,-1.11851500073808,1.30373775649338,-1.18148746836324,5.40318014881734
"Medium","Medium","Low","High","Low","Mpumalanga","Rainfed","Dekalb","John Deere",23.2161654135338,604.676691729323,135.153059701493,285.840977443609,3.38760447761194,0.00972989429379715,-0.135282631961664,-1.11851500073808,1.30373775649338,-1.18148746836324,5.51068199664692
"Medium","Medium","Low","High","Low","North West","Rainfed","Dekalb","John Deere",23.2161654135338,604.676691729323,135.153059701493,285.840977443609,3.38760447761194,0.00972989429379715,-0.135282631961664,-1.11851500073808,1.30373775649338,-1.18148746836324,6.633482263967
"Medium","Medium","Low","High","Low","Free State","Irrigated","Dekalb","John Deere",23.2161654135338,604.676691729323,135.153059701493,285.840977443609,3.38760447761194,0.00972989429379715,-0.135282631961664,-1.11851500073808,1.30373775649338,-1.18148746836324,6.20239043584091
"Medium","Medium","Low","High","Low","Mpumalanga","Irrigated","Dekalb","John Deere",23.2161654135338,604.676691729323,135.153059701493,285.840977443609,3.38760447761194,0.00972989429379715,-0.135282631961664,-1.11851500073808,1.30373775649338,-1.18148746836324,6.87626810358097
"Medium","Medium","Low","High","Low","North West","Irrigated","Dekalb","John Deere",23.2161654135338,604.676691729323,135.153059701493,285.840977443609,3.38760447761194,0.00972989429379715,-0.135282631961664,-1.11851500073808,1.30373775649338,-1.18148746836324,6.97536979329866
"Medium","Medium","Low","High","Low","Free State","Rainfed","Pioneer","John Deere",23.2161654135338,604.676691729323,135.153059701493,285.840977443609,3.38760447761194,0.00972989429379715,-0.135282631961664,-1.11851500073808,1.30373775649338,-1.18148746836324,6.12067818199412
"Medium","Medium","Low","High","Low","Mpumalanga","Rainfed","Pioneer","John Deere",23.2161654135338,604.676691729323,135.153059701493,285.840977443609,3.38760447761194,0.00972989429379715,-0.135282631961664,-1.11851500073808,1.30373775649338,-1.18148746836324,5.39474701859809
"Medium","Medium","Low","High","Low","North West","Rainfed","Pioneer","John Deere",23.2161654135338,604.676691729323,135.153059701493,285.840977443609,3.38760447761194,0.00972989429379715,-0.135282631961664,-1.11851500073808,1.30373775649338,-1.18148746836324,5.73757228916694
"Medium","Medium","Low","High","Low","Free State","Irrigated","Pioneer","John Deere",23.2161654135338,604.676691729323,135.153059701493,285.840977443609,3.38760447761194,0.00972989429379715,-0.135282631961664,-1.11851500073808,1.30373775649338,-1.18148746836324,6.21124492870524
"Medium","Medium","Low","High","Low","Mpumalanga","Irrigated","Pioneer","John Deere",23.2161654135338,604.676691729323,135.153059701493,285.840977443609,3.38760447761194,0.00972989429379715,-0.135282631961664,-1.11851500073808,1.30373775649338,-1.18148746836324,6.60753547832366
"Medium","Medium","Low","High","Low","North West","Irrigated","Pioneer","John Deere",23.2161654135338,604.676691729323,135.153059701493,285.840977443609,3.38760447761194,0.00972989429379715,-0.135282631961664,-1.11851500073808,1.30373775649338,-1.18148746836324,6.13443950291855
"Medium","Medium","Low","High","Low","Free State","Rainfed","Pannar","New Holland",23.2161654135338,604.676691729323,135.153059701493,285.840977443609,3.38760447761194,0.00972989429379715,-0.135282631961664,-1.11851500073808,1.30373775649338,-1.18148746836324,6.55296851841452
"Medium","Medium","Low","High","Low","Mpumalanga","Rainfed","Pannar","New Holland",23.2161654135338,604.676691729323,135.153059701493,285.840977443609,3.38760447761194,0.00972989429379715,-0.135282631961664,-1.11851500073808,1.30373775649338,-1.18148746836324,6.40019632530757
"Medium","Medium","Low","High","Medium","Free State","Rainfed","Pannar","John Deere",23.2161654135338,604.676691729323,135.153059701493,285.840977443609,3.64706015037594,0.00972989429379715,-0.135282631961664,-1.11851500073808,1.30373775649338,0.0101803691264333,6.48704493930898
"Medium","Medium","Low","High","Medium","Mpumalanga","Rainfed","Pannar","John Deere",23.2161654135338,604.676691729323,135.153059701493,285.840977443609,3.64706015037594,0.00972989429379715,-0.135282631961664,-1.11851500073808,1.30373775649338,0.0101803691264333,6.51994302078387
"Medium","Medium","Low","High","Medium","North West","Rainfed","Pannar","John Deere",23.2161654135338,604.676691729323,135.153059701493,285.840977443609,3.64706015037594,0.00972989429379715,-0.135282631961664,-1.11851500073808,1.30373775649338,0.0101803691264333,7.05065768846285
"Medium","Medium","Low","High","Medium","Free State","Irrigated","Pannar","John Deere",23.2161654135338,604.676691729323,135.153059701493,285.840977443609,3.64706015037594,0.00972989429379715,-0.135282631961664,-1.11851500073808,1.30373775649338,0.0101803691264333,6.47169783927378
"Medium","Medium","Low","High","Medium","Mpumalanga","Irrigated","Pannar","John Deere",23.2161654135338,604.676691729323,135.153059701493,285.840977443609,3.64706015037594,0.00972989429379715,-0.135282631961664,-1.11851500073808,1.30373775649338,0.0101803691264333,6.0282561172322
"Medium","Medium","Low","High","Medium","North West","Irrigated","Pannar","John Deere",23.2161654135338,604.676691729323,135.153059701493,285.840977443609,3.64706015037594,0.00972989429379715,-0.135282631961664,-1.11851500073808,1.30373775649338,0.0101803691264333,5.62343472161098
"Medium","Medium","Low","High","Medium","Free State","Rainfed","Dekalb","John Deere",23.2161654135338,604.676691729323,135.153059701493,285.840977443609,3.64706015037594,0.00972989429379715,-0.135282631961664,-1.11851500073808,1.30373775649338,0.0101803691264333,6.53753584666242
"Medium","Medium","Low","High","Medium","Mpumalanga","Rainfed","Dekalb","John Deere",23.2161654135338,604.676691729323,135.153059701493,285.840977443609,3.64706015037594,0.00972989429379715,-0.135282631961664,-1.11851500073808,1.30373775649338,0.0101803691264333,6.11700033864792
"Medium","Medium","Low","High","Medium","North West","Rainfed","Dekalb","John Deere",23.2161654135338,604.676691729323,135.153059701493,285.840977443609,3.64706015037594,0.00972989429379715,-0.135282631961664,-1.11851500073808,1.30373775649338,0.0101803691264333,6.26432088900957
"Medium","Medium","Low","High","Medium","Free State","Irrigated","Dekalb","John Deere",23.2161654135338,604.676691729323,135.153059701493,285.840977443609,3.64706015037594,0.00972989429379715,-0.135282631961664,-1.11851500073808,1.30373775649338,0.0101803691264333,6.78548553788019
"Medium","Medium","Low","High","Medium","Mpumalanga","Irrigated","Dekalb","John Deere",23.2161654135338,604.676691729323,135.153059701493,285.840977443609,3.64706015037594,0.00972989429379715,-0.135282631961664,-1.11851500073808,1.30373775649338,0.0101803691264333,6.14343523325819
"Medium","Medium","Low","High","Medium","North West","Irrigated","Dekalb","John Deere",23.2161654135338,604.676691729323,135.153059701493,285.840977443609,3.64706015037594,0.00972989429379715,-0.135282631961664,-1.11851500073808,1.30373775649338,0.0101803691264333,6.84259666184916
"Medium","Medium","Low","High","Medium","Free State","Rainfed","Pioneer","John Deere",23.2161654135338,604.676691729323,135.153059701493,285.840977443609,3.64706015037594,0.00972989429379715,-0.135282631961664,-1.11851500073808,1.30373775649338,0.0101803691264333,5.58360284227025
"Medium","Medium","Low","High","Medium","Mpumalanga","Rainfed","Pioneer","John Deere",23.2161654135338,604.676691729323,135.153059701493,285.840977443609,3.64706015037594,0.00972989429379715,-0.135282631961664,-1.11851500073808,1.30373775649338,0.0101803691264333,6.18504457940811
"Medium","Medium","Low","High","Medium","North West","Rainfed","Pioneer","John Deere",23.2161654135338,604.676691729323,135.153059701493,285.840977443609,3.64706015037594,0.00972989429379715,-0.135282631961664,-1.11851500073808,1.30373775649338,0.0101803691264333,5.80731261334483
"Medium","Medium","Low","High","Medium","Free State","Irrigated","Pioneer","John Deere",23.2161654135338,604.676691729323,135.153059701493,285.840977443609,3.64706015037594,0.00972989429379715,-0.135282631961664,-1.11851500073808,1.30373775649338,0.0101803691264333,6.17248930196538
"Medium","Medium","Low","High","Medium","Mpumalanga","Irrigated","Pioneer","John Deere",23.2161654135338,604.676691729323,135.153059701493,285.840977443609,3.64706015037594,0.00972989429379715,-0.135282631961664,-1.11851500073808,1.30373775649338,0.0101803691264333,6.35896569530473
"Medium","Medium","Low","High","Medium","North West","Irrigated","Pioneer","John Deere",23.2161654135338,604.676691729323,135.153059701493,285.840977443609,3.64706015037594,0.00972989429379715,-0.135282631961664,-1.11851500073808,1.30373775649338,0.0101803691264333,6.9305447627944
"Medium","Medium","Low","High","Medium","Free State","Rainfed","Pannar","New Holland",23.2161654135338,604.676691729323,135.153059701493,285.840977443609,3.64706015037594,0.00972989429379715,-0.135282631961664,-1.11851500073808,1.30373775649338,0.0101803691264333,5.46167304813699
"Medium","Medium","Low","High","Medium","Mpumalanga","Rainfed","Pannar","New Holland",23.2161654135338,604.676691729323,135.153059701493,285.840977443609,3.64706015037594,0.00972989429379715,-0.135282631961664,-1.11851500073808,1.30373775649338,0.0101803691264333,6.00410747477839
"Medium","Medium","Low","High","High","Free State","Rainfed","Pannar","John Deere",23.2161654135338,604.676691729323,135.153059701493,285.840977443609,3.92764661654135,0.00972989429379715,-0.135282631961664,-1.11851500073808,1.30373775649338,1.2989009578967,5.71235105135391
"Medium","Medium","Low","High","High","Mpumalanga","Rainfed","Pannar","John Deere",23.2161654135338,604.676691729323,135.153059701493,285.840977443609,3.92764661654135,0.00972989429379715,-0.135282631961664,-1.11851500073808,1.30373775649338,1.2989009578967,7.2282627385256
"Medium","Medium","Low","High","High","North West","Rainfed","Pannar","John Deere",23.2161654135338,604.676691729323,135.153059701493,285.840977443609,3.92764661654135,0.00972989429379715,-0.135282631961664,-1.11851500073808,1.30373775649338,1.2989009578967,6.61467142388254
"Medium","Medium","Low","High","High","Free State","Irrigated","Pannar","John Deere",23.2161654135338,604.676691729323,135.153059701493,285.840977443609,3.92764661654135,0.00972989429379715,-0.135282631961664,-1.11851500073808,1.30373775649338,1.2989009578967,6.29871466775365
"Medium","Medium","Low","High","High","Mpumalanga","Irrigated","Pannar","John Deere",23.2161654135338,604.676691729323,135.153059701493,285.840977443609,3.92764661654135,0.00972989429379715,-0.135282631961664,-1.11851500073808,1.30373775649338,1.2989009578967,6.95682918464474
"Medium","Medium","Low","High","High","North West","Irrigated","Pannar","John Deere",23.2161654135338,604.676691729323,135.153059701493,285.840977443609,3.92764661654135,0.00972989429379715,-0.135282631961664,-1.11851500073808,1.30373775649338,1.2989009578967,6.00174721777884
"Medium","Medium","Low","High","High","Free State","Rainfed","Dekalb","John Deere",23.2161654135338,604.676691729323,135.153059701493,285.840977443609,3.92764661654135,0.00972989429379715,-0.135282631961664,-1.11851500073808,1.30373775649338,1.2989009578967,6.65467789524475
"Medium","Medium","Low","High","High","Mpumalanga","Rainfed","Dekalb","John Deere",23.2161654135338,604.676691729323,135.153059701493,285.840977443609,3.92764661654135,0.00972989429379715,-0.135282631961664,-1.11851500073808,1.30373775649338,1.2989009578967,5.31431484426121
"Medium","Medium","Low","High","High","North West","Rainfed","Dekalb","John Deere",23.2161654135338,604.676691729323,135.153059701493,285.840977443609,3.92764661654135,0.00972989429379715,-0.135282631961664,-1.11851500073808,1.30373775649338,1.2989009578967,5.80594138806667
"Medium","Medium","Low","High","High","Free State","Irrigated","Dekalb","John Deere",23.2161654135338,604.676691729323,135.153059701493,285.840977443609,3.92764661654135,0.00972989429379715,-0.135282631961664,-1.11851500073808,1.30373775649338,1.2989009578967,6.96664567476579
"Medium","Medium","Low","High","High","Mpumalanga","Irrigated","Dekalb","John Deere",23.2161654135338,604.676691729323,135.153059701493,285.840977443609,3.92764661654135,0.00972989429379715,-0.135282631961664,-1.11851500073808,1.30373775649338,1.2989009578967,7.70093140568732
"Medium","Medium","Low","High","High","North West","Irrigated","Dekalb","John Deere",23.2161654135338,604.676691729323,135.153059701493,285.840977443609,3.92764661654135,0.00972989429379715,-0.135282631961664,-1.11851500073808,1.30373775649338,1.2989009578967,7.25475105307292
"Medium","Medium","Low","High","High","Free State","Rainfed","Pioneer","John Deere",23.2161654135338,604.676691729323,135.153059701493,285.840977443609,3.92764661654135,0.00972989429379715,-0.135282631961664,-1.11851500073808,1.30373775649338,1.2989009578967,5.95100730527849
"Medium","Medium","Low","High","High","Mpumalanga","Rainfed","Pioneer","John Deere",23.2161654135338,604.676691729323,135.153059701493,285.840977443609,3.92764661654135,0.00972989429379715,-0.135282631961664,-1.11851500073808,1.30373775649338,1.2989009578967,6.23978239270264
"Medium","Medium","Low","High","High","North West","Rainfed","Pioneer","John Deere",23.2161654135338,604.676691729323,135.153059701493,285.840977443609,3.92764661654135,0.00972989429379715,-0.135282631961664,-1.11851500073808,1.30373775649338,1.2989009578967,5.35007002375117
"Medium","Medium","Low","High","High","Free State","Irrigated","Pioneer","John Deere",23.2161654135338,604.676691729323,135.153059701493,285.840977443609,3.92764661654135,0.00972989429379715,-0.135282631961664,-1.11851500073808,1.30373775649338,1.2989009578967,6.7519034209977
"Medium","Medium","Low","High","High","Mpumalanga","Irrigated","Pioneer","John Deere",23.2161654135338,604.676691729323,135.153059701493,285.840977443609,3.92764661654135,0.00972989429379715,-0.135282631961664,-1.11851500073808,1.30373775649338,1.2989009578967,4.84862835710664
"Medium","Medium","Low","High","High","North West","Irrigated","Pioneer","John Deere",23.2161654135338,604.676691729323,135.153059701493,285.840977443609,3.92764661654135,0.00972989429379715,-0.135282631961664,-1.11851500073808,1.30373775649338,1.2989009578967,6.71394584765821
"Medium","Medium","Low","High","High","Free State","Rainfed","Pannar","New Holland",23.2161654135338,604.676691729323,135.153059701493,285.840977443609,3.92764661654135,0.00972989429379715,-0.135282631961664,-1.11851500073808,1.30373775649338,1.2989009578967,5.897857892148
"Medium","Medium","Low","High","High","Mpumalanga","Rainfed","Pannar","New Holland",23.2161654135338,604.676691729323,135.153059701493,285.840977443609,3.92764661654135,0.00972989429379715,-0.135282631961664,-1.11851500073808,1.30373775649338,1.2989009578967,5.81756578038313
"Medium","Medium","Medium","Low","Low","Free State","Rainfed","Pannar","John Deere",23.2161654135338,604.676691729323,194.092857142857,144.721044776119,3.38760447761194,0.00972989429379715,-0.135282631961664,-0.237733972419121,-1.16038181241284,-1.18148746836324,5.42949533930186
"Medium","Medium","Medium","Low","Low","Mpumalanga","Rainfed","Pannar","John Deere",23.2161654135338,604.676691729323,194.092857142857,144.721044776119,3.38760447761194,0.00972989429379715,-0.135282631961664,-0.237733972419121,-1.16038181241284,-1.18148746836324,5.50833309203612
"Medium","Medium","Medium","Low","Low","North West","Rainfed","Pannar","John Deere",23.2161654135338,604.676691729323,194.092857142857,144.721044776119,3.38760447761194,0.00972989429379715,-0.135282631961664,-0.237733972419121,-1.16038181241284,-1.18148746836324,5.90586521403268
"Medium","Medium","Medium","Low","Low","Free State","Irrigated","Pannar","John Deere",23.2161654135338,604.676691729323,194.092857142857,144.721044776119,3.38760447761194,0.00972989429379715,-0.135282631961664,-0.237733972419121,-1.16038181241284,-1.18148746836324,5.13014669998577
"Medium","Medium","Medium","Low","Low","Mpumalanga","Irrigated","Pannar","John Deere",23.2161654135338,604.676691729323,194.092857142857,144.721044776119,3.38760447761194,0.00972989429379715,-0.135282631961664,-0.237733972419121,-1.16038181241284,-1.18148746836324,5.90562118718396
"Medium","Medium","Medium","Low","Low","North West","Irrigated","Pannar","John Deere",23.2161654135338,604.676691729323,194.092857142857,144.721044776119,3.38760447761194,0.00972989429379715,-0.135282631961664,-0.237733972419121,-1.16038181241284,-1.18148746836324,6.43084061920539
"Medium","Medium","Medium","Low","Low","Free State","Rainfed","Dekalb","John Deere",23.2161654135338,604.676691729323,194.092857142857,144.721044776119,3.38760447761194,0.00972989429379715,-0.135282631961664,-0.237733972419121,-1.16038181241284,-1.18148746836324,5.3209175815799
"Medium","Medium","Medium","Low","Low","Mpumalanga","Rainfed","Dekalb","John Deere",23.2161654135338,604.676691729323,194.092857142857,144.721044776119,3.38760447761194,0.00972989429379715,-0.135282631961664,-0.237733972419121,-1.16038181241284,-1.18148746836324,5.5329312153692
"Medium","Medium","Medium","Low","Low","North West","Rainfed","Dekalb","John Deere",23.2161654135338,604.676691729323,194.092857142857,144.721044776119,3.38760447761194,0.00972989429379715,-0.135282631961664,-0.237733972419121,-1.16038181241284,-1.18148746836324,6.06252351020348
"Medium","Medium","Medium","Low","Low","Free State","Irrigated","Dekalb","John Deere",23.2161654135338,604.676691729323,194.092857142857,144.721044776119,3.38760447761194,0.00972989429379715,-0.135282631961664,-0.237733972419121,-1.16038181241284,-1.18148746836324,5.91665087756352
"Medium","Medium","Medium","Low","Low","Mpumalanga","Irrigated","Dekalb","John Deere",23.2161654135338,604.676691729323,194.092857142857,144.721044776119,3.38760447761194,0.00972989429379715,-0.135282631961664,-0.237733972419121,-1.16038181241284,-1.18148746836324,6.11248462120196
"Medium","Medium","Medium","Low","Low","North West","Irrigated","Dekalb","John Deere",23.2161654135338,604.676691729323,194.092857142857,144.721044776119,3.38760447761194,0.00972989429379715,-0.135282631961664,-0.237733972419121,-1.16038181241284,-1.18148746836324,6.28865282186892
"Medium","Medium","Medium","Low","Low","Free State","Rainfed","Pioneer","John Deere",23.2161654135338,604.676691729323,194.092857142857,144.721044776119,3.38760447761194,0.00972989429379715,-0.135282631961664,-0.237733972419121,-1.16038181241284,-1.18148746836324,5.67547007757573
"Medium","Medium","Medium","Low","Low","Mpumalanga","Rainfed","Pioneer","John Deere",23.2161654135338,604.676691729323,194.092857142857,144.721044776119,3.38760447761194,0.00972989429379715,-0.135282631961664,-0.237733972419121,-1.16038181241284,-1.18148746836324,5.01430838819306
"Medium","Medium","Medium","Low","Low","North West","Rainfed","Pioneer","John Deere",23.2161654135338,604.676691729323,194.092857142857,144.721044776119,3.38760447761194,0.00972989429379715,-0.135282631961664,-0.237733972419121,-1.16038181241284,-1.18148746836324,5.59138590868898
"Medium","Medium","Medium","Low","Low","Free State","Irrigated","Pioneer","John Deere",23.2161654135338,604.676691729323,194.092857142857,144.721044776119,3.38760447761194,0.00972989429379715,-0.135282631961664,-0.237733972419121,-1.16038181241284,-1.18148746836324,6.24697855794696
"Medium","Medium","Medium","Low","Low","Mpumalanga","Irrigated","Pioneer","John Deere",23.2161654135338,604.676691729323,194.092857142857,144.721044776119,3.38760447761194,0.00972989429379715,-0.135282631961664,-0.237733972419121,-1.16038181241284,-1.18148746836324,6.13366899855116
"Medium","Medium","Medium","Low","Low","North West","Irrigated","Pioneer","John Deere",23.2161654135338,604.676691729323,194.092857142857,144.721044776119,3.38760447761194,0.00972989429379715,-0.135282631961664,-0.237733972419121,-1.16038181241284,-1.18148746836324,6.9756805703153
"Medium","Medium","Medium","Low","Low","Free State","Rainfed","Pannar","New Holland",23.2161654135338,604.676691729323,194.092857142857,144.721044776119,3.38760447761194,0.00972989429379715,-0.135282631961664,-0.237733972419121,-1.16038181241284,-1.18148746836324,5.37458942713839
"Medium","Medium","Medium","Low","Low","Mpumalanga","Rainfed","Pannar","New Holland",23.2161654135338,604.676691729323,194.092857142857,144.721044776119,3.38760447761194,0.00972989429379715,-0.135282631961664,-0.237733972419121,-1.16038181241284,-1.18148746836324,5.39363182858024
"Medium","Medium","Medium","Low","Medium","Free State","Rainfed","Pannar","John Deere",23.2161654135338,604.676691729323,194.092857142857,144.721044776119,3.64706015037594,0.00972989429379715,-0.135282631961664,-0.237733972419121,-1.16038181241284,0.0101803691264333,6.21317358825473
"Medium","Medium","Medium","Low","Medium","Mpumalanga","Rainfed","Pannar","John Deere",23.2161654135338,604.676691729323,194.092857142857,144.721044776119,3.64706015037594,0.00972989429379715,-0.135282631961664,-0.237733972419121,-1.16038181241284,0.0101803691264333,5.99572079857636
"Medium","Medium","Medium","Low","Medium","North West","Rainfed","Pannar","John Deere",23.2161654135338,604.676691729323,194.092857142857,144.721044776119,3.64706015037594,0.00972989429379715,-0.135282631961664,-0.237733972419121,-1.16038181241284,0.0101803691264333,6.72578836867643
"Medium","Medium","Medium","Low","Medium","Free State","Irrigated","Pannar","John Deere",23.2161654135338,604.676691729323,194.092857142857,144.721044776119,3.64706015037594,0.00972989429379715,-0.135282631961664,-0.237733972419121,-1.16038181241284,0.0101803691264333,6.08811591344527
"Medium","Medium","Medium","Low","Medium","Mpumalanga","Irrigated","Pannar","John Deere",23.2161654135338,604.676691729323,194.092857142857,144.721044776119,3.64706015037594,0.00972989429379715,-0.135282631961664,-0.237733972419121,-1.16038181241284,0.0101803691264333,5.50127207187769
"Medium","Medium","Medium","Low","Medium","North West","Irrigated","Pannar","John Deere",23.2161654135338,604.676691729323,194.092857142857,144.721044776119,3.64706015037594,0.00972989429379715,-0.135282631961664,-0.237733972419121,-1.16038181241284,0.0101803691264333,5.43003102442105
"Medium","Medium","Medium","Low","Medium","Free State","Rainfed","Dekalb","John Deere",23.2161654135338,604.676691729323,194.092857142857,144.721044776119,3.64706015037594,0.00972989429379715,-0.135282631961664,-0.237733972419121,-1.16038181241284,0.0101803691264333,6.23829378277566
"Medium","Medium","Medium","Low","Medium","Mpumalanga","Rainfed","Dekalb","John Deere",23.2161654135338,604.676691729323,194.092857142857,144.721044776119,3.64706015037594,0.00972989429379715,-0.135282631961664,-0.237733972419121,-1.16038181241284,0.0101803691264333,6.91655514831497
"Medium","Medium","Medium","Low","Medium","North West","Rainfed","Dekalb","John Deere",23.2161654135338,604.676691729323,194.092857142857,144.721044776119,3.64706015037594,0.00972989429379715,-0.135282631961664,-0.237733972419121,-1.16038181241284,0.0101803691264333,5.51858501443517
"Medium","Medium","Medium","Low","Medium","Free State","Irrigated","Dekalb","John Deere",23.2161654135338,604.676691729323,194.092857142857,144.721044776119,3.64706015037594,0.00972989429379715,-0.135282631961664,-0.237733972419121,-1.16038181241284,0.0101803691264333,6.34313219570514
"Medium","Medium","Medium","Low","Medium","Mpumalanga","Irrigated","Dekalb","John Deere",23.2161654135338,604.676691729323,194.092857142857,144.721044776119,3.64706015037594,0.00972989429379715,-0.135282631961664,-0.237733972419121,-1.16038181241284,0.0101803691264333,6.35641426943639
"Medium","Medium","Medium","Low","Medium","North West","Irrigated","Dekalb","John Deere",23.2161654135338,604.676691729323,194.092857142857,144.721044776119,3.64706015037594,0.00972989429379715,-0.135282631961664,-0.237733972419121,-1.16038181241284,0.0101803691264333,7.06965529937439
"Medium","Medium","Medium","Low","Medium","Free State","Rainfed","Pioneer","John Deere",23.2161654135338,604.676691729323,194.092857142857,144.721044776119,3.64706015037594,0.00972989429379715,-0.135282631961664,-0.237733972419121,-1.16038181241284,0.0101803691264333,5.19441716324146
"Medium","Medium","Medium","Low","Medium","Mpumalanga","Rainfed","Pioneer","John Deere",23.2161654135338,604.676691729323,194.092857142857,144.721044776119,3.64706015037594,0.00972989429379715,-0.135282631961664,-0.237733972419121,-1.16038181241284,0.0101803691264333,6.69303329239737
"Medium","Medium","Medium","Low","Medium","North West","Rainfed","Pioneer","John Deere",23.2161654135338,604.676691729323,194.092857142857,144.721044776119,3.64706015037594,0.00972989429379715,-0.135282631961664,-0.237733972419121,-1.16038181241284,0.0101803691264333,5.18192150663307
"Medium","Medium","Medium","Low","Medium","Free State","Irrigated","Pioneer","John Deere",23.2161654135338,604.676691729323,194.092857142857,144.721044776119,3.64706015037594,0.00972989429379715,-0.135282631961664,-0.237733972419121,-1.16038181241284,0.0101803691264333,6.05254756768655
"Medium","Medium","Medium","Low","Medium","Mpumalanga","Irrigated","Pioneer","John Deere",23.2161654135338,604.676691729323,194.092857142857,144.721044776119,3.64706015037594,0.00972989429379715,-0.135282631961664,-0.237733972419121,-1.16038181241284,0.0101803691264333,6.15700815415585
"Medium","Medium","Medium","Low","Medium","North West","Irrigated","Pioneer","John Deere",23.2161654135338,604.676691729323,194.092857142857,144.721044776119,3.64706015037594,0.00972989429379715,-0.135282631961664,-0.237733972419121,-1.16038181241284,0.0101803691264333,6.8467075275961
"Medium","Medium","Medium","Low","Medium","Free State","Rainfed","Pannar","New Holland",23.2161654135338,604.676691729323,194.092857142857,144.721044776119,3.64706015037594,0.00972989429379715,-0.135282631961664,-0.237733972419121,-1.16038181241284,0.0101803691264333,5.43339100608054
"Medium","Medium","Medium","Low","Medium","Mpumalanga","Rainfed","Pannar","New Holland",23.2161654135338,604.676691729323,194.092857142857,144.721044776119,3.64706015037594,0.00972989429379715,-0.135282631961664,-0.237733972419121,-1.16038181241284,0.0101803691264333,4.65520288819045
"Medium","Medium","Medium","Medium","Low","Free State","Rainfed","Pannar","John Deere",23.2161654135338,604.676691729323,194.092857142857,200.322781954887,3.38760447761194,0.00972989429379715,-0.135282631961664,-0.237733972419121,-0.189510256158578,-1.18148746836324,6.42808540957205
"Medium","Medium","Medium","Medium","Low","Mpumalanga","Rainfed","Pannar","John Deere",23.2161654135338,604.676691729323,194.092857142857,200.322781954887,3.38760447761194,0.00972989429379715,-0.135282631961664,-0.237733972419121,-0.189510256158578,-1.18148746836324,5.84782911876046
"Medium","Medium","Medium","Medium","Low","North West","Rainfed","Pannar","John Deere",23.2161654135338,604.676691729323,194.092857142857,200.322781954887,3.38760447761194,0.00972989429379715,-0.135282631961664,-0.237733972419121,-0.189510256158578,-1.18148746836324,6.14092211836492
"Medium","Medium","Medium","Medium","Low","Free State","Irrigated","Pannar","John Deere",23.2161654135338,604.676691729323,194.092857142857,200.322781954887,3.38760447761194,0.00972989429379715,-0.135282631961664,-0.237733972419121,-0.189510256158578,-1.18148746836324,6.94371070566979
"Medium","Medium","Medium","Medium","Low","Mpumalanga","Irrigated","Pannar","John Deere",23.2161654135338,604.676691729323,194.092857142857,200.322781954887,3.38760447761194,0.00972989429379715,-0.135282631961664,-0.237733972419121,-0.189510256158578,-1.18148746836324,6.10045355559411
"Medium","Medium","Medium","Medium","Low","North West","Irrigated","Pannar","John Deere",23.2161654135338,604.676691729323,194.092857142857,200.322781954887,3.38760447761194,0.00972989429379715,-0.135282631961664,-0.237733972419121,-0.189510256158578,-1.18148746836324,5.60316845652689
"Medium","Medium","Medium","Medium","Low","Free State","Rainfed","Dekalb","John Deere",23.2161654135338,604.676691729323,194.092857142857,200.322781954887,3.38760447761194,0.00972989429379715,-0.135282631961664,-0.237733972419121,-0.189510256158578,-1.18148746836324,5.18655435475152
"Medium","Medium","Medium","Medium","Low","Mpumalanga","Rainfed","Dekalb","John Deere",23.2161654135338,604.676691729323,194.092857142857,200.322781954887,3.38760447761194,0.00972989429379715,-0.135282631961664,-0.237733972419121,-0.189510256158578,-1.18148746836324,5.987941674722
"Medium","Medium","Medium","Medium","Low","North West","Rainfed","Dekalb","John Deere",23.2161654135338,604.676691729323,194.092857142857,200.322781954887,3.38760447761194,0.00972989429379715,-0.135282631961664,-0.237733972419121,-0.189510256158578,-1.18148746836324,5.55754479613559
"Medium","Medium","Medium","Medium","Low","Free State","Irrigated","Dekalb","John Deere",23.2161654135338,604.676691729323,194.092857142857,200.322781954887,3.38760447761194,0.00972989429379715,-0.135282631961664,-0.237733972419121,-0.189510256158578,-1.18148746836324,6.71444712944585
"Medium","Medium","Medium","Medium","Low","Mpumalanga","Irrigated","Dekalb","John Deere",23.2161654135338,604.676691729323,194.092857142857,200.322781954887,3.38760447761194,0.00972989429379715,-0.135282631961664,-0.237733972419121,-0.189510256158578,-1.18148746836324,5.98991983963285
"Medium","Medium","Medium","Medium","Low","North West","Irrigated","Dekalb","John Deere",23.2161654135338,604.676691729323,194.092857142857,200.322781954887,3.38760447761194,0.00972989429379715,-0.135282631961664,-0.237733972419121,-0.189510256158578,-1.18148746836324,5.84182466501178
"Medium","Medium","Medium","Medium","Low","Free State","Rainfed","Pioneer","John Deere",23.2161654135338,604.676691729323,194.092857142857,200.322781954887,3.38760447761194,0.00972989429379715,-0.135282631961664,-0.237733972419121,-0.189510256158578,-1.18148746836324,6.35352739447488
"Medium","Medium","Medium","Medium","Low","Mpumalanga","Rainfed","Pioneer","John Deere",23.2161654135338,604.676691729323,194.092857142857,200.322781954887,3.38760447761194,0.00972989429379715,-0.135282631961664,-0.237733972419121,-0.189510256158578,-1.18148746836324,5.74505405055525
"Medium","Medium","Medium","Medium","Low","North West","Rainfed","Pioneer","John Deere",23.2161654135338,604.676691729323,194.092857142857,200.322781954887,3.38760447761194,0.00972989429379715,-0.135282631961664,-0.237733972419121,-0.189510256158578,-1.18148746836324,6.55465105704017
"Medium","Medium","Medium","Medium","Low","Free State","Irrigated","Pioneer","John Deere",23.2161654135338,604.676691729323,194.092857142857,200.322781954887,3.38760447761194,0.00972989429379715,-0.135282631961664,-0.237733972419121,-0.189510256158578,-1.18148746836324,6.3773151711339
"Medium","Medium","Medium","Medium","Low","Mpumalanga","Irrigated","Pioneer","John Deere",23.2161654135338,604.676691729323,194.092857142857,200.322781954887,3.38760447761194,0.00972989429379715,-0.135282631961664,-0.237733972419121,-0.189510256158578,-1.18148746836324,6.03749242949381
"Medium","Medium","Medium","Medium","Low","North West","Irrigated","Pioneer","John Deere",23.2161654135338,604.676691729323,194.092857142857,200.322781954887,3.38760447761194,0.00972989429379715,-0.135282631961664,-0.237733972419121,-0.189510256158578,-1.18148746836324,6.47066129859201
"Medium","Medium","Medium","Medium","Low","Free State","Rainfed","Pannar","New Holland",23.2161654135338,604.676691729323,194.092857142857,200.322781954887,3.38760447761194,0.00972989429379715,-0.135282631961664,-0.237733972419121,-0.189510256158578,-1.18148746836324,5.91320882715557
"Medium","Medium","Medium","Medium","Low","Mpumalanga","Rainfed","Pannar","New Holland",23.2161654135338,604.676691729323,194.092857142857,200.322781954887,3.38760447761194,0.00972989429379715,-0.135282631961664,-0.237733972419121,-0.189510256158578,-1.18148746836324,5.72773815839265
"Medium","Medium","Medium","Medium","High","Free State","Rainfed","Pannar","John Deere",23.2161654135338,604.676691729323,194.092857142857,200.322781954887,3.92764661654135,0.00972989429379715,-0.135282631961664,-0.237733972419121,-0.189510256158578,1.2989009578967,6.22577861287951
"Medium","Medium","Medium","Medium","High","Mpumalanga","Rainfed","Pannar","John Deere",23.2161654135338,604.676691729323,194.092857142857,200.322781954887,3.92764661654135,0.00972989429379715,-0.135282631961664,-0.237733972419121,-0.189510256158578,1.2989009578967,5.59703672041072
"Medium","Medium","Medium","Medium","High","North West","Rainfed","Pannar","John Deere",23.2161654135338,604.676691729323,194.092857142857,200.322781954887,3.92764661654135,0.00972989429379715,-0.135282631961664,-0.237733972419121,-0.189510256158578,1.2989009578967,5.60831110535995
"Medium","Medium","Medium","Medium","High","Free State","Irrigated","Pannar","John Deere",23.2161654135338,604.676691729323,194.092857142857,200.322781954887,3.92764661654135,0.00972989429379715,-0.135282631961664,-0.237733972419121,-0.189510256158578,1.2989009578967,6.43903681952845
"Medium","Medium","Medium","Medium","High","Mpumalanga","Irrigated","Pannar","John Deere",23.2161654135338,604.676691729323,194.092857142857,200.322781954887,3.92764661654135,0.00972989429379715,-0.135282631961664,-0.237733972419121,-0.189510256158578,1.2989009578967,6.06151322355221
"Medium","Medium","Medium","Medium","High","North West","Irrigated","Pannar","John Deere",23.2161654135338,604.676691729323,194.092857142857,200.322781954887,3.92764661654135,0.00972989429379715,-0.135282631961664,-0.237733972419121,-0.189510256158578,1.2989009578967,6.72054826563333
"Medium","Medium","Medium","Medium","High","Free State","Rainfed","Dekalb","John Deere",23.2161654135338,604.676691729323,194.092857142857,200.322781954887,3.92764661654135,0.00972989429379715,-0.135282631961664,-0.237733972419121,-0.189510256158578,1.2989009578967,6.33541692124398
"Medium","Medium","Medium","Medium","High","Mpumalanga","Rainfed","Dekalb","John Deere",23.2161654135338,604.676691729323,194.092857142857,200.322781954887,3.92764661654135,0.00972989429379715,-0.135282631961664,-0.237733972419121,-0.189510256158578,1.2989009578967,6.3037879902518
"Medium","Medium","Medium","Medium","High","North West","Rainfed","Dekalb","John Deere",23.2161654135338,604.676691729323,194.092857142857,200.322781954887,3.92764661654135,0.00972989429379715,-0.135282631961664,-0.237733972419121,-0.189510256158578,1.2989009578967,6.32701011422395
"Medium","Medium","Medium","Medium","High","Free State","Irrigated","Dekalb","John Deere",23.2161654135338,604.676691729323,194.092857142857,200.322781954887,3.92764661654135,0.00972989429379715,-0.135282631961664,-0.237733972419121,-0.189510256158578,1.2989009578967,6.37878313792714
"Medium","Medium","Medium","Medium","High","Mpumalanga","Irrigated","Dekalb","John Deere",23.2161654135338,604.676691729323,194.092857142857,200.322781954887,3.92764661654135,0.00972989429379715,-0.135282631961664,-0.237733972419121,-0.189510256158578,1.2989009578967,7.30137278849661
"Medium","Medium","Medium","Medium","High","North West","Irrigated","Dekalb","John Deere",23.2161654135338,604.676691729323,194.092857142857,200.322781954887,3.92764661654135,0.00972989429379715,-0.135282631961664,-0.237733972419121,-0.189510256158578,1.2989009578967,6.81450445462339
"Medium","Medium","Medium","Medium","High","Free State","Rainfed","Pioneer","John Deere",23.2161654135338,604.676691729323,194.092857142857,200.322781954887,3.92764661654135,0.00972989429379715,-0.135282631961664,-0.237733972419121,-0.189510256158578,1.2989009578967,5.89207249474348
"Medium","Medium","Medium","Medium","High","Mpumalanga","Rainfed","Pioneer","John Deere",23.2161654135338,604.676691729323,194.092857142857,200.322781954887,3.92764661654135,0.00972989429379715,-0.135282631961664,-0.237733972419121,-0.189510256158578,1.2989009578967,6.53771040690216
"Medium","Medium","Medium","Medium","High","North West","Rainfed","Pioneer","John Deere",23.2161654135338,604.676691729323,194.092857142857,200.322781954887,3.92764661654135,0.00972989429379715,-0.135282631961664,-0.237733972419121,-0.189510256158578,1.2989009578967,6.13075889563505
"Medium","Medium","Medium","Medium","High","Free State","Irrigated","Pioneer","John Deere",23.2161654135338,604.676691729323,194.092857142857,200.322781954887,3.92764661654135,0.00972989429379715,-0.135282631961664,-0.237733972419121,-0.189510256158578,1.2989009578967,7.4208837062562
"Medium","Medium","Medium","Medium","High","Mpumalanga","Irrigated","Pioneer","John Deere",23.2161654135338,604.676691729323,194.092857142857,200.322781954887,3.92764661654135,0.00972989429379715,-0.135282631961664,-0.237733972419121,-0.189510256158578,1.2989009578967,5.67580463007332
"Medium","Medium","Medium","Medium","High","North West","Irrigated","Pioneer","John Deere",23.2161654135338,604.676691729323,194.092857142857,200.322781954887,3.92764661654135,0.00972989429379715,-0.135282631961664,-0.237733972419121,-0.189510256158578,1.2989009578967,6.12359565013712
"Medium","Medium","Medium","Medium","High","Free State","Rainfed","Pannar","New Holland",23.2161654135338,604.676691729323,194.092857142857,200.322781954887,3.92764661654135,0.00972989429379715,-0.135282631961664,-0.237733972419121,-0.189510256158578,1.2989009578967,6.12435435539852
"Medium","Medium","Medium","Medium","High","Mpumalanga","Rainfed","Pannar","New Holland",23.2161654135338,604.676691729323,194.092857142857,200.322781954887,3.92764661654135,0.00972989429379715,-0.135282631961664,-0.237733972419121,-0.189510256158578,1.2989009578967,5.61762918911259
"Medium","Medium","Medium","High","Low","Free State","Rainfed","Pannar","John Deere",23.2161654135338,604.676691729323,194.092857142857,285.840977443609,3.38760447761194,0.00972989429379715,-0.135282631961664,-0.237733972419121,1.30373775649338,-1.18148746836324,6.4621668385559
"Medium","Medium","Medium","High","Low","Mpumalanga","Rainfed","Pannar","John Deere",23.2161654135338,604.676691729323,194.092857142857,285.840977443609,3.38760447761194,0.00972989429379715,-0.135282631961664,-0.237733972419121,1.30373775649338,-1.18148746836324,6.33277719027031
"Medium","Medium","Medium","High","Low","North West","Rainfed","Pannar","John Deere",23.2161654135338,604.676691729323,194.092857142857,285.840977443609,3.38760447761194,0.00972989429379715,-0.135282631961664,-0.237733972419121,1.30373775649338,-1.18148746836324,5.79328435031467
"Medium","Medium","Medium","High","Low","Free State","Irrigated","Pannar","John Deere",23.2161654135338,604.676691729323,194.092857142857,285.840977443609,3.38760447761194,0.00972989429379715,-0.135282631961664,-0.237733972419121,1.30373775649338,-1.18148746836324,7.42043040247308
"Medium","Medium","Medium","High","Low","Mpumalanga","Irrigated","Pannar","John Deere",23.2161654135338,604.676691729323,194.092857142857,285.840977443609,3.38760447761194,0.00972989429379715,-0.135282631961664,-0.237733972419121,1.30373775649338,-1.18148746836324,6.94978049299936
"Medium","Medium","Medium","High","Low","North West","Irrigated","Pannar","John Deere",23.2161654135338,604.676691729323,194.092857142857,285.840977443609,3.38760447761194,0.00972989429379715,-0.135282631961664,-0.237733972419121,1.30373775649338,-1.18148746836324,6.16182275425919
"Medium","Medium","Medium","High","Low","Free State","Rainfed","Dekalb","John Deere",23.2161654135338,604.676691729323,194.092857142857,285.840977443609,3.38760447761194,0.00972989429379715,-0.135282631961664,-0.237733972419121,1.30373775649338,-1.18148746836324,6.06942265251254
"Medium","Medium","Medium","High","Low","Mpumalanga","Rainfed","Dekalb","John Deere",23.2161654135338,604.676691729323,194.092857142857,285.840977443609,3.38760447761194,0.00972989429379715,-0.135282631961664,-0.237733972419121,1.30373775649338,-1.18148746836324,6.59641880642301
"Medium","Medium","Medium","High","Low","North West","Rainfed","Dekalb","John Deere",23.2161654135338,604.676691729323,194.092857142857,285.840977443609,3.38760447761194,0.00972989429379715,-0.135282631961664,-0.237733972419121,1.30373775649338,-1.18148746836324,5.47255954659081
"Medium","Medium","Medium","High","Low","Free State","Irrigated","Dekalb","John Deere",23.2161654135338,604.676691729323,194.092857142857,285.840977443609,3.38760447761194,0.00972989429379715,-0.135282631961664,-0.237733972419121,1.30373775649338,-1.18148746836324,6.65607683873561
"Medium","Medium","Medium","High","Low","Mpumalanga","Irrigated","Dekalb","John Deere",23.2161654135338,604.676691729323,194.092857142857,285.840977443609,3.38760447761194,0.00972989429379715,-0.135282631961664,-0.237733972419121,1.30373775649338,-1.18148746836324,6.62940612408424
"Medium","Medium","Medium","High","Low","North West","Irrigated","Dekalb","John Deere",23.2161654135338,604.676691729323,194.092857142857,285.840977443609,3.38760447761194,0.00972989429379715,-0.135282631961664,-0.237733972419121,1.30373775649338,-1.18148746836324,6.69731167257035
"Medium","Medium","Medium","High","Low","Free State","Rainfed","Pioneer","John Deere",23.2161654135338,604.676691729323,194.092857142857,285.840977443609,3.38760447761194,0.00972989429379715,-0.135282631961664,-0.237733972419121,1.30373775649338,-1.18148746836324,7.36989216245309
"Medium","Medium","Medium","High","Low","Mpumalanga","Rainfed","Pioneer","John Deere",23.2161654135338,604.676691729323,194.092857142857,285.840977443609,3.38760447761194,0.00972989429379715,-0.135282631961664,-0.237733972419121,1.30373775649338,-1.18148746836324,5.89400157979718
"Medium","Medium","Medium","High","Low","North West","Rainfed","Pioneer","John Deere",23.2161654135338,604.676691729323,194.092857142857,285.840977443609,3.38760447761194,0.00972989429379715,-0.135282631961664,-0.237733972419121,1.30373775649338,-1.18148746836324,6.53147214229038
"Medium","Medium","Medium","High","Low","Free State","Irrigated","Pioneer","John Deere",23.2161654135338,604.676691729323,194.092857142857,285.840977443609,3.38760447761194,0.00972989429379715,-0.135282631961664,-0.237733972419121,1.30373775649338,-1.18148746836324,5.93455308061022
"Medium","Medium","Medium","High","Low","Mpumalanga","Irrigated","Pioneer","John Deere",23.2161654135338,604.676691729323,194.092857142857,285.840977443609,3.38760447761194,0.00972989429379715,-0.135282631961664,-0.237733972419121,1.30373775649338,-1.18148746836324,5.94788993429538
"Medium","Medium","Medium","High","Low","North West","Irrigated","Pioneer","John Deere",23.2161654135338,604.676691729323,194.092857142857,285.840977443609,3.38760447761194,0.00972989429379715,-0.135282631961664,-0.237733972419121,1.30373775649338,-1.18148746836324,7.34431858615646
"Medium","Medium","Medium","High","Low","Free State","Rainfed","Pannar","New Holland",23.2161654135338,604.676691729323,194.092857142857,285.840977443609,3.38760447761194,0.00972989429379715,-0.135282631961664,-0.237733972419121,1.30373775649338,-1.18148746836324,5.93558463173285
"Medium","Medium","Medium","High","Low","Mpumalanga","Rainfed","Pannar","New Holland",23.2161654135338,604.676691729323,194.092857142857,285.840977443609,3.38760447761194,0.00972989429379715,-0.135282631961664,-0.237733972419121,1.30373775649338,-1.18148746836324,5.78988403063989
"Medium","Medium","Medium","High","Medium","Free State","Rainfed","Pannar","John Deere",23.2161654135338,604.676691729323,194.092857142857,285.840977443609,3.64706015037594,0.00972989429379715,-0.135282631961664,-0.237733972419121,1.30373775649338,0.0101803691264333,5.93518049591865
"Medium","Medium","Medium","High","Medium","Mpumalanga","Rainfed","Pannar","John Deere",23.2161654135338,604.676691729323,194.092857142857,285.840977443609,3.64706015037594,0.00972989429379715,-0.135282631961664,-0.237733972419121,1.30373775649338,0.0101803691264333,6.05807363820484
"Medium","Medium","Medium","High","Medium","North West","Rainfed","Pannar","John Deere",23.2161654135338,604.676691729323,194.092857142857,285.840977443609,3.64706015037594,0.00972989429379715,-0.135282631961664,-0.237733972419121,1.30373775649338,0.0101803691264333,5.84544755407611
"Medium","Medium","Medium","High","Medium","Free State","Irrigated","Pannar","John Deere",23.2161654135338,604.676691729323,194.092857142857,285.840977443609,3.64706015037594,0.00972989429379715,-0.135282631961664,-0.237733972419121,1.30373775649338,0.0101803691264333,6.42558380501663
"Medium","Medium","Medium","High","Medium","Mpumalanga","Irrigated","Pannar","John Deere",23.2161654135338,604.676691729323,194.092857142857,285.840977443609,3.64706015037594,0.00972989429379715,-0.135282631961664,-0.237733972419121,1.30373775649338,0.0101803691264333,6.89552105271496
"Medium","Medium","Medium","High","Medium","North West","Irrigated","Pannar","John Deere",23.2161654135338,604.676691729323,194.092857142857,285.840977443609,3.64706015037594,0.00972989429379715,-0.135282631961664,-0.237733972419121,1.30373775649338,0.0101803691264333,6.25282142701935
"Medium","Medium","Medium","High","Medium","Free State","Rainfed","Dekalb","John Deere",23.2161654135338,604.676691729323,194.092857142857,285.840977443609,3.64706015037594,0.00972989429379715,-0.135282631961664,-0.237733972419121,1.30373775649338,0.0101803691264333,7.16799646471537
"Medium","Medium","Medium","High","Medium","Mpumalanga","Rainfed","Dekalb","John Deere",23.2161654135338,604.676691729323,194.092857142857,285.840977443609,3.64706015037594,0.00972989429379715,-0.135282631961664,-0.237733972419121,1.30373775649338,0.0101803691264333,6.31159086530875
"Medium","Medium","Medium","High","Medium","North West","Rainfed","Dekalb","John Deere",23.2161654135338,604.676691729323,194.092857142857,285.840977443609,3.64706015037594,0.00972989429379715,-0.135282631961664,-0.237733972419121,1.30373775649338,0.0101803691264333,5.63416630266703
"Medium","Medium","Medium","High","Medium","Free State","Irrigated","Dekalb","John Deere",23.2161654135338,604.676691729323,194.092857142857,285.840977443609,3.64706015037594,0.00972989429379715,-0.135282631961664,-0.237733972419121,1.30373775649338,0.0101803691264333,6.89392973686594
"Medium","Medium","Medium","High","Medium","Mpumalanga","Irrigated","Dekalb","John Deere",23.2161654135338,604.676691729323,194.092857142857,285.840977443609,3.64706015037594,0.00972989429379715,-0.135282631961664,-0.237733972419121,1.30373775649338,0.0101803691264333,7.20273222513081
"Medium","Medium","Medium","High","Medium","North West","Irrigated","Dekalb","John Deere",23.2161654135338,604.676691729323,194.092857142857,285.840977443609,3.64706015037594,0.00972989429379715,-0.135282631961664,-0.237733972419121,1.30373775649338,0.0101803691264333,7.38150224349679
"Medium","Medium","Medium","High","Medium","Free State","Rainfed","Pioneer","John Deere",23.2161654135338,604.676691729323,194.092857142857,285.840977443609,3.64706015037594,0.00972989429379715,-0.135282631961664,-0.237733972419121,1.30373775649338,0.0101803691264333,5.36627496138357
"Medium","Medium","Medium","High","Medium","Mpumalanga","Rainfed","Pioneer","John Deere",23.2161654135338,604.676691729323,194.092857142857,285.840977443609,3.64706015037594,0.00972989429379715,-0.135282631961664,-0.237733972419121,1.30373775649338,0.0101803691264333,6.01481913730633
"Medium","Medium","Medium","High","Medium","North West","Rainfed","Pioneer","John Deere",23.2161654135338,604.676691729323,194.092857142857,285.840977443609,3.64706015037594,0.00972989429379715,-0.135282631961664,-0.237733972419121,1.30373775649338,0.0101803691264333,6.80982690418367
"Medium","Medium","Medium","High","Medium","Free State","Irrigated","Pioneer","John Deere",23.2161654135338,604.676691729323,194.092857142857,285.840977443609,3.64706015037594,0.00972989429379715,-0.135282631961664,-0.237733972419121,1.30373775649338,0.0101803691264333,7.28880502734138
"Medium","Medium","Medium","High","Medium","Mpumalanga","Irrigated","Pioneer","John Deere",23.2161654135338,604.676691729323,194.092857142857,285.840977443609,3.64706015037594,0.00972989429379715,-0.135282631961664,-0.237733972419121,1.30373775649338,0.0101803691264333,7.20716322859362
"Medium","Medium","Medium","High","Medium","North West","Irrigated","Pioneer","John Deere",23.2161654135338,604.676691729323,194.092857142857,285.840977443609,3.64706015037594,0.00972989429379715,-0.135282631961664,-0.237733972419121,1.30373775649338,0.0101803691264333,6.61127166964003
"Medium","Medium","Medium","High","Medium","Free State","Rainfed","Pannar","New Holland",23.2161654135338,604.676691729323,194.092857142857,285.840977443609,3.64706015037594,0.00972989429379715,-0.135282631961664,-0.237733972419121,1.30373775649338,0.0101803691264333,5.68472582249563
"Medium","Medium","Medium","High","Medium","Mpumalanga","Rainfed","Pannar","New Holland",23.2161654135338,604.676691729323,194.092857142857,285.840977443609,3.64706015037594,0.00972989429379715,-0.135282631961664,-0.237733972419121,1.30373775649338,0.0101803691264333,6.10498184292064
"Medium","Medium","High","Low","Low","Free State","Rainfed","Pannar","John Deere",23.2161654135338,604.676691729323,296.555789473684,144.721044776119,3.38760447761194,0.00972989429379715,-0.135282631961664,1.29344548222192,-1.16038181241284,-1.18148746836324,6.51693608392141
"Medium","Medium","High","Low","Low","Mpumalanga","Rainfed","Pannar","John Deere",23.2161654135338,604.676691729323,296.555789473684,144.721044776119,3.38760447761194,0.00972989429379715,-0.135282631961664,1.29344548222192,-1.16038181241284,-1.18148746836324,6.07990821017251
"Medium","Medium","High","Low","Low","North West","Rainfed","Pannar","John Deere",23.2161654135338,604.676691729323,296.555789473684,144.721044776119,3.38760447761194,0.00972989429379715,-0.135282631961664,1.29344548222192,-1.16038181241284,-1.18148746836324,6.19036276533239
"Medium","Medium","High","Low","Low","Free State","Irrigated","Pannar","John Deere",23.2161654135338,604.676691729323,296.555789473684,144.721044776119,3.38760447761194,0.00972989429379715,-0.135282631961664,1.29344548222192,-1.16038181241284,-1.18148746836324,7.12294653985924
"Medium","Medium","High","Low","Low","Mpumalanga","Irrigated","Pannar","John Deere",23.2161654135338,604.676691729323,296.555789473684,144.721044776119,3.38760447761194,0.00972989429379715,-0.135282631961664,1.29344548222192,-1.16038181241284,-1.18148746836324,7.02679545661126
"Medium","Medium","High","Low","Low","North West","Irrigated","Pannar","John Deere",23.2161654135338,604.676691729323,296.555789473684,144.721044776119,3.38760447761194,0.00972989429379715,-0.135282631961664,1.29344548222192,-1.16038181241284,-1.18148746836324,6.56403967194399
"Medium","Medium","High","Low","Low","Free State","Rainfed","Dekalb","John Deere",23.2161654135338,604.676691729323,296.555789473684,144.721044776119,3.38760447761194,0.00972989429379715,-0.135282631961664,1.29344548222192,-1.16038181241284,-1.18148746836324,6.20256341201823
"Medium","Medium","High","Low","Low","Mpumalanga","Rainfed","Dekalb","John Deere",23.2161654135338,604.676691729323,296.555789473684,144.721044776119,3.38760447761194,0.00972989429379715,-0.135282631961664,1.29344548222192,-1.16038181241284,-1.18148746836324,6.95490117531508
"Medium","Medium","High","Low","Low","North West","Rainfed","Dekalb","John Deere",23.2161654135338,604.676691729323,296.555789473684,144.721044776119,3.38760447761194,0.00972989429379715,-0.135282631961664,1.29344548222192,-1.16038181241284,-1.18148746836324,6.55450057144335
"Medium","Medium","High","Low","Low","Free State","Irrigated","Dekalb","John Deere",23.2161654135338,604.676691729323,296.555789473684,144.721044776119,3.38760447761194,0.00972989429379715,-0.135282631961664,1.29344548222192,-1.16038181241284,-1.18148746836324,6.8405788172943
"Medium","Medium","High","Low","Low","Mpumalanga","Irrigated","Dekalb","John Deere",23.2161654135338,604.676691729323,296.555789473684,144.721044776119,3.38760447761194,0.00972989429379715,-0.135282631961664,1.29344548222192,-1.16038181241284,-1.18148746836324,7.27168686006462
"Medium","Medium","High","Low","Low","North West","Irrigated","Dekalb","John Deere",23.2161654135338,604.676691729323,296.555789473684,144.721044776119,3.38760447761194,0.00972989429379715,-0.135282631961664,1.29344548222192,-1.16038181241284,-1.18148746836324,6.90948609281267
"Medium","Medium","High","Low","Low","Free State","Rainfed","Pioneer","John Deere",23.2161654135338,604.676691729323,296.555789473684,144.721044776119,3.38760447761194,0.00972989429379715,-0.135282631961664,1.29344548222192,-1.16038181241284,-1.18148746836324,7.40747159646247
"Medium","Medium","High","Low","Low","Mpumalanga","Rainfed","Pioneer","John Deere",23.2161654135338,604.676691729323,296.555789473684,144.721044776119,3.38760447761194,0.00972989429379715,-0.135282631961664,1.29344548222192,-1.16038181241284,-1.18148746836324,5.87862136445558
"Medium","Medium","High","Low","Low","North West","Rainfed","Pioneer","John Deere",23.2161654135338,604.676691729323,296.555789473684,144.721044776119,3.38760447761194,0.00972989429379715,-0.135282631961664,1.29344548222192,-1.16038181241284,-1.18148746836324,5.83094974336876
"Medium","Medium","High","Low","Low","Free State","Irrigated","Pioneer","John Deere",23.2161654135338,604.676691729323,296.555789473684,144.721044776119,3.38760447761194,0.00972989429379715,-0.135282631961664,1.29344548222192,-1.16038181241284,-1.18148746836324,6.50414260470162
"Medium","Medium","High","Low","Low","Mpumalanga","Irrigated","Pioneer","John Deere",23.2161654135338,604.676691729323,296.555789473684,144.721044776119,3.38760447761194,0.00972989429379715,-0.135282631961664,1.29344548222192,-1.16038181241284,-1.18148746836324,8.08346355967489
"Medium","Medium","High","Low","Low","North West","Irrigated","Pioneer","John Deere",23.2161654135338,604.676691729323,296.555789473684,144.721044776119,3.38760447761194,0.00972989429379715,-0.135282631961664,1.29344548222192,-1.16038181241284,-1.18148746836324,6.91328112123111
"Medium","Medium","High","Low","Low","Free State","Rainfed","Pannar","New Holland",23.2161654135338,604.676691729323,296.555789473684,144.721044776119,3.38760447761194,0.00972989429379715,-0.135282631961664,1.29344548222192,-1.16038181241284,-1.18148746836324,6.22220038841003
"Medium","Medium","High","Low","Low","Mpumalanga","Rainfed","Pannar","New Holland",23.2161654135338,604.676691729323,296.555789473684,144.721044776119,3.38760447761194,0.00972989429379715,-0.135282631961664,1.29344548222192,-1.16038181241284,-1.18148746836324,5.3914900045745
"Medium","Medium","High","Low","High","Free State","Rainfed","Pannar","John Deere",23.2161654135338,604.676691729323,296.555789473684,144.721044776119,3.92764661654135,0.00972989429379715,-0.135282631961664,1.29344548222192,-1.16038181241284,1.2989009578967,6.16848708069693
"Medium","Medium","High","Low","High","Mpumalanga","Rainfed","Pannar","John Deere",23.2161654135338,604.676691729323,296.555789473684,144.721044776119,3.92764661654135,0.00972989429379715,-0.135282631961664,1.29344548222192,-1.16038181241284,1.2989009578967,6.63209111467726
"Medium","Medium","High","Low","High","North West","Rainfed","Pannar","John Deere",23.2161654135338,604.676691729323,296.555789473684,144.721044776119,3.92764661654135,0.00972989429379715,-0.135282631961664,1.29344548222192,-1.16038181241284,1.2989009578967,6.90279779284849
"Medium","Medium","High","Low","High","Free State","Irrigated","Pannar","John Deere",23.2161654135338,604.676691729323,296.555789473684,144.721044776119,3.92764661654135,0.00972989429379715,-0.135282631961664,1.29344548222192,-1.16038181241284,1.2989009578967,7.66504599906684
"Medium","Medium","High","Low","High","Mpumalanga","Irrigated","Pannar","John Deere",23.2161654135338,604.676691729323,296.555789473684,144.721044776119,3.92764661654135,0.00972989429379715,-0.135282631961664,1.29344548222192,-1.16038181241284,1.2989009578967,6.69506203308384
"Medium","Medium","High","Low","High","North West","Irrigated","Pannar","John Deere",23.2161654135338,604.676691729323,296.555789473684,144.721044776119,3.92764661654135,0.00972989429379715,-0.135282631961664,1.29344548222192,-1.16038181241284,1.2989009578967,6.96313106846385
"Medium","Medium","High","Low","High","Free State","Rainfed","Dekalb","John Deere",23.2161654135338,604.676691729323,296.555789473684,144.721044776119,3.92764661654135,0.00972989429379715,-0.135282631961664,1.29344548222192,-1.16038181241284,1.2989009578967,7.24331067174911
"Medium","Medium","High","Low","High","Mpumalanga","Rainfed","Dekalb","John Deere",23.2161654135338,604.676691729323,296.555789473684,144.721044776119,3.92764661654135,0.00972989429379715,-0.135282631961664,1.29344548222192,-1.16038181241284,1.2989009578967,6.17150546256524
"Medium","Medium","High","Low","High","North West","Rainfed","Dekalb","John Deere",23.2161654135338,604.676691729323,296.555789473684,144.721044776119,3.92764661654135,0.00972989429379715,-0.135282631961664,1.29344548222192,-1.16038181241284,1.2989009578967,6.72356009161037
"Medium","Medium","High","Low","High","Free State","Irrigated","Dekalb","John Deere",23.2161654135338,604.676691729323,296.555789473684,144.721044776119,3.92764661654135,0.00972989429379715,-0.135282631961664,1.29344548222192,-1.16038181241284,1.2989009578967,7.17766013464202
"Medium","Medium","High","Low","High","Mpumalanga","Irrigated","Dekalb","John Deere",23.2161654135338,604.676691729323,296.555789473684,144.721044776119,3.92764661654135,0.00972989429379715,-0.135282631961664,1.29344548222192,-1.16038181241284,1.2989009578967,8.38721917766993
"Medium","Medium","High","Low","High","North West","Irrigated","Dekalb","John Deere",23.2161654135338,604.676691729323,296.555789473684,144.721044776119,3.92764661654135,0.00972989429379715,-0.135282631961664,1.29344548222192,-1.16038181241284,1.2989009578967,7.1054847759354
"Medium","Medium","High","Low","High","Free State","Rainfed","Pioneer","John Deere",23.2161654135338,604.676691729323,296.555789473684,144.721044776119,3.92764661654135,0.00972989429379715,-0.135282631961664,1.29344548222192,-1.16038181241284,1.2989009578967,6.88838163321745
"Medium","Medium","High","Low","High","Mpumalanga","Rainfed","Pioneer","John Deere",23.2161654135338,604.676691729323,296.555789473684,144.721044776119,3.92764661654135,0.00972989429379715,-0.135282631961664,1.29344548222192,-1.16038181241284,1.2989009578967,7.14898470021622
"Medium","Medium","High","Low","High","North West","Rainfed","Pioneer","John Deere",23.2161654135338,604.676691729323,296.555789473684,144.721044776119,3.92764661654135,0.00972989429379715,-0.135282631961664,1.29344548222192,-1.16038181241284,1.2989009578967,6.36426463453957
"Medium","Medium","High","Low","High","Free State","Irrigated","Pioneer","John Deere",23.2161654135338,604.676691729323,296.555789473684,144.721044776119,3.92764661654135,0.00972989429379715,-0.135282631961664,1.29344548222192,-1.16038181241284,1.2989009578967,7.61064438066137
"Medium","Medium","High","Low","High","Mpumalanga","Irrigated","Pioneer","John Deere",23.2161654135338,604.676691729323,296.555789473684,144.721044776119,3.92764661654135,0.00972989429379715,-0.135282631961664,1.29344548222192,-1.16038181241284,1.2989009578967,7.43475186233871
"Medium","Medium","High","Low","High","North West","Irrigated","Pioneer","John Deere",23.2161654135338,604.676691729323,296.555789473684,144.721044776119,3.92764661654135,0.00972989429379715,-0.135282631961664,1.29344548222192,-1.16038181241284,1.2989009578967,6.85667409831891
"Medium","Medium","High","Low","High","Free State","Rainfed","Pannar","New Holland",23.2161654135338,604.676691729323,296.555789473684,144.721044776119,3.92764661654135,0.00972989429379715,-0.135282631961664,1.29344548222192,-1.16038181241284,1.2989009578967,6.18106873960006
"Medium","Medium","High","Low","High","Mpumalanga","Rainfed","Pannar","New Holland",23.2161654135338,604.676691729323,296.555789473684,144.721044776119,3.92764661654135,0.00972989429379715,-0.135282631961664,1.29344548222192,-1.16038181241284,1.2989009578967,6.69627956821545
"Medium","Medium","High","Medium","Low","Free State","Rainfed","Pannar","John Deere",23.2161654135338,604.676691729323,296.555789473684,200.322781954887,3.38760447761194,0.00972989429379715,-0.135282631961664,1.29344548222192,-0.189510256158578,-1.18148746836324,6.70290369127214
"Medium","Medium","High","Medium","Low","Mpumalanga","Rainfed","Pannar","John Deere",23.2161654135338,604.676691729323,296.555789473684,200.322781954887,3.38760447761194,0.00972989429379715,-0.135282631961664,1.29344548222192,-0.189510256158578,-1.18148746836324,6.88465444047957
"Medium","Medium","High","Medium","Low","North West","Rainfed","Pannar","John Deere",23.2161654135338,604.676691729323,296.555789473684,200.322781954887,3.38760447761194,0.00972989429379715,-0.135282631961664,1.29344548222192,-0.189510256158578,-1.18148746836324,6.26820761845079
"Medium","Medium","High","Medium","Low","Free State","Irrigated","Pannar","John Deere",23.2161654135338,604.676691729323,296.555789473684,200.322781954887,3.38760447761194,0.00972989429379715,-0.135282631961664,1.29344548222192,-0.189510256158578,-1.18148746836324,6.27881324172552
"Medium","Medium","High","Medium","Low","Mpumalanga","Irrigated","Pannar","John Deere",23.2161654135338,604.676691729323,296.555789473684,200.322781954887,3.38760447761194,0.00972989429379715,-0.135282631961664,1.29344548222192,-0.189510256158578,-1.18148746836324,7.22000050480284
"Medium","Medium","High","Medium","Low","North West","Irrigated","Pannar","John Deere",23.2161654135338,604.676691729323,296.555789473684,200.322781954887,3.38760447761194,0.00972989429379715,-0.135282631961664,1.29344548222192,-0.189510256158578,-1.18148746836324,5.93692431922638
"Medium","Medium","High","Medium","Low","Free State","Rainfed","Dekalb","John Deere",23.2161654135338,604.676691729323,296.555789473684,200.322781954887,3.38760447761194,0.00972989429379715,-0.135282631961664,1.29344548222192,-0.189510256158578,-1.18148746836324,6.28828420034459
"Medium","Medium","High","Medium","Low","Mpumalanga","Rainfed","Dekalb","John Deere",23.2161654135338,604.676691729323,296.555789473684,200.322781954887,3.38760447761194,0.00972989429379715,-0.135282631961664,1.29344548222192,-0.189510256158578,-1.18148746836324,6.4205469483815
"Medium","Medium","High","Medium","Low","North West","Rainfed","Dekalb","John Deere",23.2161654135338,604.676691729323,296.555789473684,200.322781954887,3.38760447761194,0.00972989429379715,-0.135282631961664,1.29344548222192,-0.189510256158578,-1.18148746836324,7.71161250211166
"Medium","Medium","High","Medium","Low","Free State","Irrigated","Dekalb","John Deere",23.2161654135338,604.676691729323,296.555789473684,200.322781954887,3.38760447761194,0.00972989429379715,-0.135282631961664,1.29344548222192,-0.189510256158578,-1.18148746836324,7.69549172962815
"Medium","Medium","High","Medium","Low","Mpumalanga","Irrigated","Dekalb","John Deere",23.2161654135338,604.676691729323,296.555789473684,200.322781954887,3.38760447761194,0.00972989429379715,-0.135282631961664,1.29344548222192,-0.189510256158578,-1.18148746836324,7.04426543302111
"Medium","Medium","High","Medium","Low","North West","Irrigated","Dekalb","John Deere",23.2161654135338,604.676691729323,296.555789473684,200.322781954887,3.38760447761194,0.00972989429379715,-0.135282631961664,1.29344548222192,-0.189510256158578,-1.18148746836324,8.20111823938499
"Medium","Medium","High","Medium","Low","Free State","Rainfed","Pioneer","John Deere",23.2161654135338,604.676691729323,296.555789473684,200.322781954887,3.38760447761194,0.00972989429379715,-0.135282631961664,1.29344548222192,-0.189510256158578,-1.18148746836324,6.03857286120126
"Medium","Medium","High","Medium","Low","Mpumalanga","Rainfed","Pioneer","John Deere",23.2161654135338,604.676691729323,296.555789473684,200.322781954887,3.38760447761194,0.00972989429379715,-0.135282631961664,1.29344548222192,-0.189510256158578,-1.18148746836324,6.53423696179294
"Medium","Medium","High","Medium","Low","North West","Rainfed","Pioneer","John Deere",23.2161654135338,604.676691729323,296.555789473684,200.322781954887,3.38760447761194,0.00972989429379715,-0.135282631961664,1.29344548222192,-0.189510256158578,-1.18148746836324,5.42438841582188
"Medium","Medium","High","Medium","Low","Free State","Irrigated","Pioneer","John Deere",23.2161654135338,604.676691729323,296.555789473684,200.322781954887,3.38760447761194,0.00972989429379715,-0.135282631961664,1.29344548222192,-0.189510256158578,-1.18148746836324,6.8820935682626
"Medium","Medium","High","Medium","Low","Mpumalanga","Irrigated","Pioneer","John Deere",23.2161654135338,604.676691729323,296.555789473684,200.322781954887,3.38760447761194,0.00972989429379715,-0.135282631961664,1.29344548222192,-0.189510256158578,-1.18148746836324,7.36781262980352
"Medium","Medium","High","Medium","Low","North West","Irrigated","Pioneer","John Deere",23.2161654135338,604.676691729323,296.555789473684,200.322781954887,3.38760447761194,0.00972989429379715,-0.135282631961664,1.29344548222192,-0.189510256158578,-1.18148746836324,7.12736760441665
"Medium","Medium","High","Medium","Low","Free State","Rainfed","Pannar","New Holland",23.2161654135338,604.676691729323,296.555789473684,200.322781954887,3.38760447761194,0.00972989429379715,-0.135282631961664,1.29344548222192,-0.189510256158578,-1.18148746836324,6.28777733239523
"Medium","Medium","High","Medium","Low","Mpumalanga","Rainfed","Pannar","New Holland",23.2161654135338,604.676691729323,296.555789473684,200.322781954887,3.38760447761194,0.00972989429379715,-0.135282631961664,1.29344548222192,-0.189510256158578,-1.18148746836324,5.69364259045412
"Medium","Medium","High","Medium","Medium","Free State","Rainfed","Pannar","John Deere",23.2161654135338,604.676691729323,296.555789473684,200.322781954887,3.64706015037594,0.00972989429379715,-0.135282631961664,1.29344548222192,-0.189510256158578,0.0101803691264333,6.78702417713931
"Medium","Medium","High","Medium","Medium","Mpumalanga","Rainfed","Pannar","John Deere",23.2161654135338,604.676691729323,296.555789473684,200.322781954887,3.64706015037594,0.00972989429379715,-0.135282631961664,1.29344548222192,-0.189510256158578,0.0101803691264333,6.62316323042254
"Medium","Medium","High","Medium","Medium","North West","Rainfed","Pannar","John Deere",23.2161654135338,604.676691729323,296.555789473684,200.322781954887,3.64706015037594,0.00972989429379715,-0.135282631961664,1.29344548222192,-0.189510256158578,0.0101803691264333,6.76384943171111
"Medium","Medium","High","Medium","Medium","Free State","Irrigated","Pannar","John Deere",23.2161654135338,604.676691729323,296.555789473684,200.322781954887,3.64706015037594,0.00972989429379715,-0.135282631961664,1.29344548222192,-0.189510256158578,0.0101803691264333,6.84819868632681
"Medium","Medium","High","Medium","Medium","Mpumalanga","Irrigated","Pannar","John Deere",23.2161654135338,604.676691729323,296.555789473684,200.322781954887,3.64706015037594,0.00972989429379715,-0.135282631961664,1.29344548222192,-0.189510256158578,0.0101803691264333,7.34742734923328
"Medium","Medium","High","Medium","Medium","North West","Irrigated","Pannar","John Deere",23.2161654135338,604.676691729323,296.555789473684,200.322781954887,3.64706015037594,0.00972989429379715,-0.135282631961664,1.29344548222192,-0.189510256158578,0.0101803691264333,7.37347380594171
"Medium","Medium","High","Medium","Medium","Free State","Rainfed","Dekalb","John Deere",23.2161654135338,604.676691729323,296.555789473684,200.322781954887,3.64706015037594,0.00972989429379715,-0.135282631961664,1.29344548222192,-0.189510256158578,0.0101803691264333,7.25419714648555
"Medium","Medium","High","Medium","Medium","Mpumalanga","Rainfed","Dekalb","John Deere",23.2161654135338,604.676691729323,296.555789473684,200.322781954887,3.64706015037594,0.00972989429379715,-0.135282631961664,1.29344548222192,-0.189510256158578,0.0101803691264333,6.78247390013314
"Medium","Medium","High","Medium","Medium","North West","Rainfed","Dekalb","John Deere",23.2161654135338,604.676691729323,296.555789473684,200.322781954887,3.64706015037594,0.00972989429379715,-0.135282631961664,1.29344548222192,-0.189510256158578,0.0101803691264333,6.82391933137062
"Medium","Medium","High","Medium","Medium","Free State","Irrigated","Dekalb","John Deere",23.2161654135338,604.676691729323,296.555789473684,200.322781954887,3.64706015037594,0.00972989429379715,-0.135282631961664,1.29344548222192,-0.189510256158578,0.0101803691264333,6.65279523070482
"Medium","Medium","High","Medium","Medium","Mpumalanga","Irrigated","Dekalb","John Deere",23.2161654135338,604.676691729323,296.555789473684,200.322781954887,3.64706015037594,0.00972989429379715,-0.135282631961664,1.29344548222192,-0.189510256158578,0.0101803691264333,7.21417079631795
"Medium","Medium","High","Medium","Medium","North West","Irrigated","Dekalb","John Deere",23.2161654135338,604.676691729323,296.555789473684,200.322781954887,3.64706015037594,0.00972989429379715,-0.135282631961664,1.29344548222192,-0.189510256158578,0.0101803691264333,7.90490295798094
"Medium","Medium","High","Medium","Medium","Free State","Rainfed","Pioneer","John Deere",23.2161654135338,604.676691729323,296.555789473684,200.322781954887,3.64706015037594,0.00972989429379715,-0.135282631961664,1.29344548222192,-0.189510256158578,0.0101803691264333,6.9161613718276
"Medium","Medium","High","Medium","Medium","Mpumalanga","Rainfed","Pioneer","John Deere",23.2161654135338,604.676691729323,296.555789473684,200.322781954887,3.64706015037594,0.00972989429379715,-0.135282631961664,1.29344548222192,-0.189510256158578,0.0101803691264333,7.15009675587559
"Medium","Medium","High","Medium","Medium","North West","Rainfed","Pioneer","John Deere",23.2161654135338,604.676691729323,296.555789473684,200.322781954887,3.64706015037594,0.00972989429379715,-0.135282631961664,1.29344548222192,-0.189510256158578,0.0101803691264333,6.83565310518853
"Medium","Medium","High","Medium","Medium","Free State","Irrigated","Pioneer","John Deere",23.2161654135338,604.676691729323,296.555789473684,200.322781954887,3.64706015037594,0.00972989429379715,-0.135282631961664,1.29344548222192,-0.189510256158578,0.0101803691264333,7.32106822552577
"Medium","Medium","High","Medium","Medium","Mpumalanga","Irrigated","Pioneer","John Deere",23.2161654135338,604.676691729323,296.555789473684,200.322781954887,3.64706015037594,0.00972989429379715,-0.135282631961664,1.29344548222192,-0.189510256158578,0.0101803691264333,7.54748510015308
"Medium","Medium","High","Medium","Medium","North West","Irrigated","Pioneer","John Deere",23.2161654135338,604.676691729323,296.555789473684,200.322781954887,3.64706015037594,0.00972989429379715,-0.135282631961664,1.29344548222192,-0.189510256158578,0.0101803691264333,7.44809344785629
"Medium","Medium","High","Medium","Medium","Free State","Rainfed","Pannar","New Holland",23.2161654135338,604.676691729323,296.555789473684,200.322781954887,3.64706015037594,0.00972989429379715,-0.135282631961664,1.29344548222192,-0.189510256158578,0.0101803691264333,5.88465788633488
"Medium","Medium","High","Medium","Medium","Mpumalanga","Rainfed","Pannar","New Holland",23.2161654135338,604.676691729323,296.555789473684,200.322781954887,3.64706015037594,0.00972989429379715,-0.135282631961664,1.29344548222192,-0.189510256158578,0.0101803691264333,6.31075092927391
"Medium","Medium","High","Medium","High","Free State","Rainfed","Pannar","John Deere",23.2161654135338,604.676691729323,296.555789473684,200.322781954887,3.92764661654135,0.00972989429379715,-0.135282631961664,1.29344548222192,-0.189510256158578,1.2989009578967,6.15940416993049
"Medium","Medium","High","Medium","High","Mpumalanga","Rainfed","Pannar","John Deere",23.2161654135338,604.676691729323,296.555789473684,200.322781954887,3.92764661654135,0.00972989429379715,-0.135282631961664,1.29344548222192,-0.189510256158578,1.2989009578967,5.67974649239078
"Medium","Medium","High","Medium","High","North West","Rainfed","Pannar","John Deere",23.2161654135338,604.676691729323,296.555789473684,200.322781954887,3.92764661654135,0.00972989429379715,-0.135282631961664,1.29344548222192,-0.189510256158578,1.2989009578967,7.25200148900652
"Medium","Medium","High","Medium","High","Free State","Irrigated","Pannar","John Deere",23.2161654135338,604.676691729323,296.555789473684,200.322781954887,3.92764661654135,0.00972989429379715,-0.135282631961664,1.29344548222192,-0.189510256158578,1.2989009578967,7.79414609377922
"Medium","Medium","High","Medium","High","Mpumalanga","Irrigated","Pannar","John Deere",23.2161654135338,604.676691729323,296.555789473684,200.322781954887,3.92764661654135,0.00972989429379715,-0.135282631961664,1.29344548222192,-0.189510256158578,1.2989009578967,7.87448835422447
"Medium","Medium","High","Medium","High","North West","Irrigated","Pannar","John Deere",23.2161654135338,604.676691729323,296.555789473684,200.322781954887,3.92764661654135,0.00972989429379715,-0.135282631961664,1.29344548222192,-0.189510256158578,1.2989009578967,6.61369962966677
"Medium","Medium","High","Medium","High","Free State","Rainfed","Dekalb","John Deere",23.2161654135338,604.676691729323,296.555789473684,200.322781954887,3.92764661654135,0.00972989429379715,-0.135282631961664,1.29344548222192,-0.189510256158578,1.2989009578967,7.15105880078324
"Medium","Medium","High","Medium","High","Mpumalanga","Rainfed","Dekalb","John Deere",23.2161654135338,604.676691729323,296.555789473684,200.322781954887,3.92764661654135,0.00972989429379715,-0.135282631961664,1.29344548222192,-0.189510256158578,1.2989009578967,6.87834793106769
"Medium","Medium","High","Medium","High","North West","Rainfed","Dekalb","John Deere",23.2161654135338,604.676691729323,296.555789473684,200.322781954887,3.92764661654135,0.00972989429379715,-0.135282631961664,1.29344548222192,-0.189510256158578,1.2989009578967,7.00138624218645
"Medium","Medium","High","Medium","High","Free State","Irrigated","Dekalb","John Deere",23.2161654135338,604.676691729323,296.555789473684,200.322781954887,3.92764661654135,0.00972989429379715,-0.135282631961664,1.29344548222192,-0.189510256158578,1.2989009578967,7.29011530580075
"Medium","Medium","High","Medium","High","Mpumalanga","Irrigated","Dekalb","John Deere",23.2161654135338,604.676691729323,296.555789473684,200.322781954887,3.92764661654135,0.00972989429379715,-0.135282631961664,1.29344548222192,-0.189510256158578,1.2989009578967,7.9493994026362
"Medium","Medium","High","Medium","High","North West","Irrigated","Dekalb","John Deere",23.2161654135338,604.676691729323,296.555789473684,200.322781954887,3.92764661654135,0.00972989429379715,-0.135282631961664,1.29344548222192,-0.189510256158578,1.2989009578967,7.69166246609286
"Medium","Medium","High","Medium","High","Free State","Rainfed","Pioneer","John Deere",23.2161654135338,604.676691729323,296.555789473684,200.322781954887,3.92764661654135,0.00972989429379715,-0.135282631961664,1.29344548222192,-0.189510256158578,1.2989009578967,6.62158131319776
"Medium","Medium","High","Medium","High","Mpumalanga","Rainfed","Pioneer","John Deere",23.2161654135338,604.676691729323,296.555789473684,200.322781954887,3.92764661654135,0.00972989429379715,-0.135282631961664,1.29344548222192,-0.189510256158578,1.2989009578967,7.77633920908612
"Medium","Medium","High","Medium","High","North West","Rainfed","Pioneer","John Deere",23.2161654135338,604.676691729323,296.555789473684,200.322781954887,3.92764661654135,0.00972989429379715,-0.135282631961664,1.29344548222192,-0.189510256158578,1.2989009578967,6.54261336359668
"Medium","Medium","High","Medium","High","Free State","Irrigated","Pioneer","John Deere",23.2161654135338,604.676691729323,296.555789473684,200.322781954887,3.92764661654135,0.00972989429379715,-0.135282631961664,1.29344548222192,-0.189510256158578,1.2989009578967,6.99980429402522
"Medium","Medium","High","Medium","High","Mpumalanga","Irrigated","Pioneer","John Deere",23.2161654135338,604.676691729323,296.555789473684,200.322781954887,3.92764661654135,0.00972989429379715,-0.135282631961664,1.29344548222192,-0.189510256158578,1.2989009578967,6.89735936763466
"Medium","Medium","High","Medium","High","North West","Irrigated","Pioneer","John Deere",23.2161654135338,604.676691729323,296.555789473684,200.322781954887,3.92764661654135,0.00972989429379715,-0.135282631961664,1.29344548222192,-0.189510256158578,1.2989009578967,7.75385458253252
"Medium","Medium","High","Medium","High","Free State","Rainfed","Pannar","New Holland",23.2161654135338,604.676691729323,296.555789473684,200.322781954887,3.92764661654135,0.00972989429379715,-0.135282631961664,1.29344548222192,-0.189510256158578,1.2989009578967,6.23638200655728
"Medium","Medium","High","Medium","High","Mpumalanga","Rainfed","Pannar","New Holland",23.2161654135338,604.676691729323,296.555789473684,200.322781954887,3.92764661654135,0.00972989429379715,-0.135282631961664,1.29344548222192,-0.189510256158578,1.2989009578967,6.2002212929779
"Medium","Medium","High","High","Low","Free State","Rainfed","Pannar","John Deere",23.2161654135338,604.676691729323,296.555789473684,285.840977443609,3.38760447761194,0.00972989429379715,-0.135282631961664,1.29344548222192,1.30373775649338,-1.18148746836324,5.81991713773428
"Medium","Medium","High","High","Low","Mpumalanga","Rainfed","Pannar","John Deere",23.2161654135338,604.676691729323,296.555789473684,285.840977443609,3.38760447761194,0.00972989429379715,-0.135282631961664,1.29344548222192,1.30373775649338,-1.18148746836324,6.33856297915919
"Medium","Medium","High","High","Low","North West","Rainfed","Pannar","John Deere",23.2161654135338,604.676691729323,296.555789473684,285.840977443609,3.38760447761194,0.00972989429379715,-0.135282631961664,1.29344548222192,1.30373775649338,-1.18148746836324,6.6977194533193
"Medium","Medium","High","High","Low","Free State","Irrigated","Pannar","John Deere",23.2161654135338,604.676691729323,296.555789473684,285.840977443609,3.38760447761194,0.00972989429379715,-0.135282631961664,1.29344548222192,1.30373775649338,-1.18148746836324,6.3727470526867
"Medium","Medium","High","High","Low","Mpumalanga","Irrigated","Pannar","John Deere",23.2161654135338,604.676691729323,296.555789473684,285.840977443609,3.38760447761194,0.00972989429379715,-0.135282631961664,1.29344548222192,1.30373775649338,-1.18148746836324,6.51238068229875
"Medium","Medium","High","High","Low","North West","Irrigated","Pannar","John Deere",23.2161654135338,604.676691729323,296.555789473684,285.840977443609,3.38760447761194,0.00972989429379715,-0.135282631961664,1.29344548222192,1.30373775649338,-1.18148746836324,6.47760291037007
"Medium","Medium","High","High","Low","Free State","Rainfed","Dekalb","John Deere",23.2161654135338,604.676691729323,296.555789473684,285.840977443609,3.38760447761194,0.00972989429379715,-0.135282631961664,1.29344548222192,1.30373775649338,-1.18148746836324,7.27321794614936
"Medium","Medium","High","High","Low","Mpumalanga","Rainfed","Dekalb","John Deere",23.2161654135338,604.676691729323,296.555789473684,285.840977443609,3.38760447761194,0.00972989429379715,-0.135282631961664,1.29344548222192,1.30373775649338,-1.18148746836324,7.39525205130685
"Medium","Medium","High","High","Low","North West","Rainfed","Dekalb","John Deere",23.2161654135338,604.676691729323,296.555789473684,285.840977443609,3.38760447761194,0.00972989429379715,-0.135282631961664,1.29344548222192,1.30373775649338,-1.18148746836324,6.38412939557918
"Medium","Medium","High","High","Low","Free State","Irrigated","Dekalb","John Deere",23.2161654135338,604.676691729323,296.555789473684,285.840977443609,3.38760447761194,0.00972989429379715,-0.135282631961664,1.29344548222192,1.30373775649338,-1.18148746836324,7.7366911242817
"Medium","Medium","High","High","Low","Mpumalanga","Irrigated","Dekalb","John Deere",23.2161654135338,604.676691729323,296.555789473684,285.840977443609,3.38760447761194,0.00972989429379715,-0.135282631961664,1.29344548222192,1.30373775649338,-1.18148746836324,6.86947788730083
"Medium","Medium","High","High","Low","North West","Irrigated","Dekalb","John Deere",23.2161654135338,604.676691729323,296.555789473684,285.840977443609,3.38760447761194,0.00972989429379715,-0.135282631961664,1.29344548222192,1.30373775649338,-1.18148746836324,7.9180325927081
"Medium","Medium","High","High","Low","Free State","Rainfed","Pioneer","John Deere",23.2161654135338,604.676691729323,296.555789473684,285.840977443609,3.38760447761194,0.00972989429379715,-0.135282631961664,1.29344548222192,1.30373775649338,-1.18148746836324,6.82484097189251
"Medium","Medium","High","High","Low","Mpumalanga","Rainfed","Pioneer","John Deere",23.2161654135338,604.676691729323,296.555789473684,285.840977443609,3.38760447761194,0.00972989429379715,-0.135282631961664,1.29344548222192,1.30373775649338,-1.18148746836324,7.38525074300405
"Medium","Medium","High","High","Low","North West","Rainfed","Pioneer","John Deere",23.2161654135338,604.676691729323,296.555789473684,285.840977443609,3.38760447761194,0.00972989429379715,-0.135282631961664,1.29344548222192,1.30373775649338,-1.18148746836324,7.32986366665566
"Medium","Medium","High","High","Low","Free State","Irrigated","Pioneer","John Deere",23.2161654135338,604.676691729323,296.555789473684,285.840977443609,3.38760447761194,0.00972989429379715,-0.135282631961664,1.29344548222192,1.30373775649338,-1.18148746836324,7.70793706095831
"Medium","Medium","High","High","Low","Mpumalanga","Irrigated","Pioneer","John Deere",23.2161654135338,604.676691729323,296.555789473684,285.840977443609,3.38760447761194,0.00972989429379715,-0.135282631961664,1.29344548222192,1.30373775649338,-1.18148746836324,7.27265053712775
"Medium","Medium","High","High","Low","North West","Irrigated","Pioneer","John Deere",23.2161654135338,604.676691729323,296.555789473684,285.840977443609,3.38760447761194,0.00972989429379715,-0.135282631961664,1.29344548222192,1.30373775649338,-1.18148746836324,8.47138520890862
"Medium","Medium","High","High","Low","Free State","Rainfed","Pannar","New Holland",23.2161654135338,604.676691729323,296.555789473684,285.840977443609,3.38760447761194,0.00972989429379715,-0.135282631961664,1.29344548222192,1.30373775649338,-1.18148746836324,7.12192397897998
"Medium","Medium","High","High","Low","Mpumalanga","Rainfed","Pannar","New Holland",23.2161654135338,604.676691729323,296.555789473684,285.840977443609,3.38760447761194,0.00972989429379715,-0.135282631961664,1.29344548222192,1.30373775649338,-1.18148746836324,6.99407748189267
"Medium","Medium","High","High","Medium","Free State","Rainfed","Pannar","John Deere",23.2161654135338,604.676691729323,296.555789473684,285.840977443609,3.64706015037594,0.00972989429379715,-0.135282631961664,1.29344548222192,1.30373775649338,0.0101803691264333,7.10061320280446
"Medium","Medium","High","High","Medium","Mpumalanga","Rainfed","Pannar","John Deere",23.2161654135338,604.676691729323,296.555789473684,285.840977443609,3.64706015037594,0.00972989429379715,-0.135282631961664,1.29344548222192,1.30373775649338,0.0101803691264333,6.11352405155142
"Medium","Medium","High","High","Medium","North West","Rainfed","Pannar","John Deere",23.2161654135338,604.676691729323,296.555789473684,285.840977443609,3.64706015037594,0.00972989429379715,-0.135282631961664,1.29344548222192,1.30373775649338,0.0101803691264333,5.78068039120253
"Medium","Medium","High","High","Medium","Free State","Irrigated","Pannar","John Deere",23.2161654135338,604.676691729323,296.555789473684,285.840977443609,3.64706015037594,0.00972989429379715,-0.135282631961664,1.29344548222192,1.30373775649338,0.0101803691264333,6.77492986037543
"Medium","Medium","High","High","Medium","Mpumalanga","Irrigated","Pannar","John Deere",23.2161654135338,604.676691729323,296.555789473684,285.840977443609,3.64706015037594,0.00972989429379715,-0.135282631961664,1.29344548222192,1.30373775649338,0.0101803691264333,7.45838450291001
"Medium","Medium","High","High","Medium","North West","Irrigated","Pannar","John Deere",23.2161654135338,604.676691729323,296.555789473684,285.840977443609,3.64706015037594,0.00972989429379715,-0.135282631961664,1.29344548222192,1.30373775649338,0.0101803691264333,7.17320350540858
"Medium","Medium","High","High","Medium","Free State","Rainfed","Dekalb","John Deere",23.2161654135338,604.676691729323,296.555789473684,285.840977443609,3.64706015037594,0.00972989429379715,-0.135282631961664,1.29344548222192,1.30373775649338,0.0101803691264333,6.38940931946951
"Medium","Medium","High","High","Medium","Mpumalanga","Rainfed","Dekalb","John Deere",23.2161654135338,604.676691729323,296.555789473684,285.840977443609,3.64706015037594,0.00972989429379715,-0.135282631961664,1.29344548222192,1.30373775649338,0.0101803691264333,6.74010223090011
"Medium","Medium","High","High","Medium","North West","Rainfed","Dekalb","John Deere",23.2161654135338,604.676691729323,296.555789473684,285.840977443609,3.64706015037594,0.00972989429379715,-0.135282631961664,1.29344548222192,1.30373775649338,0.0101803691264333,7.69263645986049
"Medium","Medium","High","High","Medium","Free State","Irrigated","Dekalb","John Deere",23.2161654135338,604.676691729323,296.555789473684,285.840977443609,3.64706015037594,0.00972989429379715,-0.135282631961664,1.29344548222192,1.30373775649338,0.0101803691264333,6.82106871628517
"Medium","Medium","High","High","Medium","Mpumalanga","Irrigated","Dekalb","John Deere",23.2161654135338,604.676691729323,296.555789473684,285.840977443609,3.64706015037594,0.00972989429379715,-0.135282631961664,1.29344548222192,1.30373775649338,0.0101803691264333,7.13874799864604
"Medium","Medium","High","High","Medium","North West","Irrigated","Dekalb","John Deere",23.2161654135338,604.676691729323,296.555789473684,285.840977443609,3.64706015037594,0.00972989429379715,-0.135282631961664,1.29344548222192,1.30373775649338,0.0101803691264333,7.20144651853514
"Medium","Medium","High","High","Medium","Free State","Rainfed","Pioneer","John Deere",23.2161654135338,604.676691729323,296.555789473684,285.840977443609,3.64706015037594,0.00972989429379715,-0.135282631961664,1.29344548222192,1.30373775649338,0.0101803691264333,7.07352803156859
"Medium","Medium","High","High","Medium","Mpumalanga","Rainfed","Pioneer","John Deere",23.2161654135338,604.676691729323,296.555789473684,285.840977443609,3.64706015037594,0.00972989429379715,-0.135282631961664,1.29344548222192,1.30373775649338,0.0101803691264333,6.37960251597095
"Medium","Medium","High","High","Medium","North West","Rainfed","Pioneer","John Deere",23.2161654135338,604.676691729323,296.555789473684,285.840977443609,3.64706015037594,0.00972989429379715,-0.135282631961664,1.29344548222192,1.30373775649338,0.0101803691264333,7.61020078698814
"Medium","Medium","High","High","Medium","Free State","Irrigated","Pioneer","John Deere",23.2161654135338,604.676691729323,296.555789473684,285.840977443609,3.64706015037594,0.00972989429379715,-0.135282631961664,1.29344548222192,1.30373775649338,0.0101803691264333,8.80810385254376
"Medium","Medium","High","High","Medium","Mpumalanga","Irrigated","Pioneer","John Deere",23.2161654135338,604.676691729323,296.555789473684,285.840977443609,3.64706015037594,0.00972989429379715,-0.135282631961664,1.29344548222192,1.30373775649338,0.0101803691264333,7.9597676933791
"Medium","Medium","High","High","Medium","North West","Irrigated","Pioneer","John Deere",23.2161654135338,604.676691729323,296.555789473684,285.840977443609,3.64706015037594,0.00972989429379715,-0.135282631961664,1.29344548222192,1.30373775649338,0.0101803691264333,7.75786751281491
"Medium","Medium","High","High","Medium","Free State","Rainfed","Pannar","New Holland",23.2161654135338,604.676691729323,296.555789473684,285.840977443609,3.64706015037594,0.00972989429379715,-0.135282631961664,1.29344548222192,1.30373775649338,0.0101803691264333,7.8532759505817
"Medium","Medium","High","High","Medium","Mpumalanga","Rainfed","Pannar","New Holland",23.2161654135338,604.676691729323,296.555789473684,285.840977443609,3.64706015037594,0.00972989429379715,-0.135282631961664,1.29344548222192,1.30373775649338,0.0101803691264333,6.54852450062293
"Medium","Medium","High","High","High","Free State","Rainfed","Pannar","John Deere",23.2161654135338,604.676691729323,296.555789473684,285.840977443609,3.92764661654135,0.00972989429379715,-0.135282631961664,1.29344548222192,1.30373775649338,1.2989009578967,6.64233576202302
"Medium","Medium","High","High","High","Mpumalanga","Rainfed","Pannar","John Deere",23.2161654135338,604.676691729323,296.555789473684,285.840977443609,3.92764661654135,0.00972989429379715,-0.135282631961664,1.29344548222192,1.30373775649338,1.2989009578967,7.06744626842184
"Medium","Medium","High","High","High","North West","Rainfed","Pannar","John Deere",23.2161654135338,604.676691729323,296.555789473684,285.840977443609,3.92764661654135,0.00972989429379715,-0.135282631961664,1.29344548222192,1.30373775649338,1.2989009578967,7.43142988224145
"Medium","Medium","High","High","High","Free State","Irrigated","Pannar","John Deere",23.2161654135338,604.676691729323,296.555789473684,285.840977443609,3.92764661654135,0.00972989429379715,-0.135282631961664,1.29344548222192,1.30373775649338,1.2989009578967,7.82435751700374
"Medium","Medium","High","High","High","Mpumalanga","Irrigated","Pannar","John Deere",23.2161654135338,604.676691729323,296.555789473684,285.840977443609,3.92764661654135,0.00972989429379715,-0.135282631961664,1.29344548222192,1.30373775649338,1.2989009578967,7.33416170376228
"Medium","Medium","High","High","High","North West","Irrigated","Pannar","John Deere",23.2161654135338,604.676691729323,296.555789473684,285.840977443609,3.92764661654135,0.00972989429379715,-0.135282631961664,1.29344548222192,1.30373775649338,1.2989009578967,7.74636024836789
"Medium","Medium","High","High","High","Free State","Rainfed","Dekalb","John Deere",23.2161654135338,604.676691729323,296.555789473684,285.840977443609,3.92764661654135,0.00972989429379715,-0.135282631961664,1.29344548222192,1.30373775649338,1.2989009578967,6.92027712120196
"Medium","Medium","High","High","High","Mpumalanga","Rainfed","Dekalb","John Deere",23.2161654135338,604.676691729323,296.555789473684,285.840977443609,3.92764661654135,0.00972989429379715,-0.135282631961664,1.29344548222192,1.30373775649338,1.2989009578967,7.62166641032021
"Medium","Medium","High","High","High","North West","Rainfed","Dekalb","John Deere",23.2161654135338,604.676691729323,296.555789473684,285.840977443609,3.92764661654135,0.00972989429379715,-0.135282631961664,1.29344548222192,1.30373775649338,1.2989009578967,6.97848859316473
"Medium","Medium","High","High","High","Free State","Irrigated","Dekalb","John Deere",23.2161654135338,604.676691729323,296.555789473684,285.840977443609,3.92764661654135,0.00972989429379715,-0.135282631961664,1.29344548222192,1.30373775649338,1.2989009578967,8.02321753119847
"Medium","Medium","High","High","High","Mpumalanga","Irrigated","Dekalb","John Deere",23.2161654135338,604.676691729323,296.555789473684,285.840977443609,3.92764661654135,0.00972989429379715,-0.135282631961664,1.29344548222192,1.30373775649338,1.2989009578967,7.70132392105624
"Medium","Medium","High","High","High","North West","Irrigated","Dekalb","John Deere",23.2161654135338,604.676691729323,296.555789473684,285.840977443609,3.92764661654135,0.00972989429379715,-0.135282631961664,1.29344548222192,1.30373775649338,1.2989009578967,7.31170894545933
"Medium","Medium","High","High","High","Free State","Rainfed","Pioneer","John Deere",23.2161654135338,604.676691729323,296.555789473684,285.840977443609,3.92764661654135,0.00972989429379715,-0.135282631961664,1.29344548222192,1.30373775649338,1.2989009578967,7.30186467584059
"Medium","Medium","High","High","High","Mpumalanga","Rainfed","Pioneer","John Deere",23.2161654135338,604.676691729323,296.555789473684,285.840977443609,3.92764661654135,0.00972989429379715,-0.135282631961664,1.29344548222192,1.30373775649338,1.2989009578967,6.41792741765444
"Medium","Medium","High","High","High","North West","Rainfed","Pioneer","John Deere",23.2161654135338,604.676691729323,296.555789473684,285.840977443609,3.92764661654135,0.00972989429379715,-0.135282631961664,1.29344548222192,1.30373775649338,1.2989009578967,7.24761737764622
"Medium","Medium","High","High","High","Free State","Irrigated","Pioneer","John Deere",23.2161654135338,604.676691729323,296.555789473684,285.840977443609,3.92764661654135,0.00972989429379715,-0.135282631961664,1.29344548222192,1.30373775649338,1.2989009578967,7.68610736139431
"Medium","Medium","High","High","High","Mpumalanga","Irrigated","Pioneer","John Deere",23.2161654135338,604.676691729323,296.555789473684,285.840977443609,3.92764661654135,0.00972989429379715,-0.135282631961664,1.29344548222192,1.30373775649338,1.2989009578967,7.68032031422348
"Medium","Medium","High","High","High","North West","Irrigated","Pioneer","John Deere",23.2161654135338,604.676691729323,296.555789473684,285.840977443609,3.92764661654135,0.00972989429379715,-0.135282631961664,1.29344548222192,1.30373775649338,1.2989009578967,7.58157932109681
"Medium","Medium","High","High","High","Free State","Rainfed","Pannar","New Holland",23.2161654135338,604.676691729323,296.555789473684,285.840977443609,3.92764661654135,0.00972989429379715,-0.135282631961664,1.29344548222192,1.30373775649338,1.2989009578967,7.39336232320867
"Medium","Medium","High","High","High","Mpumalanga","Rainfed","Pannar","New Holland",23.2161654135338,604.676691729323,296.555789473684,285.840977443609,3.92764661654135,0.00972989429379715,-0.135282631961664,1.29344548222192,1.30373775649338,1.2989009578967,6.15153419425279
"Medium","High","Low","Low","Low","Free State","Rainfed","Pannar","John Deere",23.2161654135338,877.316541353384,135.153059701493,144.721044776119,3.38760447761194,0.00972989429379715,1.31509634811518,-1.11851500073808,-1.16038181241284,-1.18148746836324,6.18616655998218
"Medium","High","Low","Low","Low","Mpumalanga","Rainfed","Pannar","John Deere",23.2161654135338,877.316541353384,135.153059701493,144.721044776119,3.38760447761194,0.00972989429379715,1.31509634811518,-1.11851500073808,-1.16038181241284,-1.18148746836324,5.78514649236632
"Medium","High","Low","Low","Low","North West","Rainfed","Pannar","John Deere",23.2161654135338,877.316541353384,135.153059701493,144.721044776119,3.38760447761194,0.00972989429379715,1.31509634811518,-1.11851500073808,-1.16038181241284,-1.18148746836324,6.16038382715728
"Medium","High","Low","Low","Low","Free State","Irrigated","Pannar","John Deere",23.2161654135338,877.316541353384,135.153059701493,144.721044776119,3.38760447761194,0.00972989429379715,1.31509634811518,-1.11851500073808,-1.16038181241284,-1.18148746836324,6.34472547493767
"Medium","High","Low","Low","Low","Mpumalanga","Irrigated","Pannar","John Deere",23.2161654135338,877.316541353384,135.153059701493,144.721044776119,3.38760447761194,0.00972989429379715,1.31509634811518,-1.11851500073808,-1.16038181241284,-1.18148746836324,6.46099389781268
"Medium","High","Low","Low","Low","North West","Irrigated","Pannar","John Deere",23.2161654135338,877.316541353384,135.153059701493,144.721044776119,3.38760447761194,0.00972989429379715,1.31509634811518,-1.11851500073808,-1.16038181241284,-1.18148746836324,6.52441357240982
"Medium","High","Low","Low","Low","Free State","Rainfed","Dekalb","John Deere",23.2161654135338,877.316541353384,135.153059701493,144.721044776119,3.38760447761194,0.00972989429379715,1.31509634811518,-1.11851500073808,-1.16038181241284,-1.18148746836324,6.37414119966936
"Medium","High","Low","Low","Low","Mpumalanga","Rainfed","Dekalb","John Deere",23.2161654135338,877.316541353384,135.153059701493,144.721044776119,3.38760447761194,0.00972989429379715,1.31509634811518,-1.11851500073808,-1.16038181241284,-1.18148746836324,7.082381127775
"Medium","High","Low","Low","Low","North West","Rainfed","Dekalb","John Deere",23.2161654135338,877.316541353384,135.153059701493,144.721044776119,3.38760447761194,0.00972989429379715,1.31509634811518,-1.11851500073808,-1.16038181241284,-1.18148746836324,6.41669269370632
"Medium","High","Low","Low","Low","Free State","Irrigated","Dekalb","John Deere",23.2161654135338,877.316541353384,135.153059701493,144.721044776119,3.38760447761194,0.00972989429379715,1.31509634811518,-1.11851500073808,-1.16038181241284,-1.18148746836324,6.76892587496855
"Medium","High","Low","Low","Low","Mpumalanga","Irrigated","Dekalb","John Deere",23.2161654135338,877.316541353384,135.153059701493,144.721044776119,3.38760447761194,0.00972989429379715,1.31509634811518,-1.11851500073808,-1.16038181241284,-1.18148746836324,7.18348503313042
"Medium","High","Low","Low","Low","North West","Irrigated","Dekalb","John Deere",23.2161654135338,877.316541353384,135.153059701493,144.721044776119,3.38760447761194,0.00972989429379715,1.31509634811518,-1.11851500073808,-1.16038181241284,-1.18148746836324,7.22050401531607
"Medium","High","Low","Low","Low","Free State","Rainfed","Pioneer","John Deere",23.2161654135338,877.316541353384,135.153059701493,144.721044776119,3.38760447761194,0.00972989429379715,1.31509634811518,-1.11851500073808,-1.16038181241284,-1.18148746836324,6.12317942844891
"Medium","High","Low","Low","Low","Mpumalanga","Rainfed","Pioneer","John Deere",23.2161654135338,877.316541353384,135.153059701493,144.721044776119,3.38760447761194,0.00972989429379715,1.31509634811518,-1.11851500073808,-1.16038181241284,-1.18148746836324,5.96310015860368
"Medium","High","Low","Low","Low","North West","Rainfed","Pioneer","John Deere",23.2161654135338,877.316541353384,135.153059701493,144.721044776119,3.38760447761194,0.00972989429379715,1.31509634811518,-1.11851500073808,-1.16038181241284,-1.18148746836324,6.63658526698303
"Medium","High","Low","Low","Low","Free State","Irrigated","Pioneer","John Deere",23.2161654135338,877.316541353384,135.153059701493,144.721044776119,3.38760447761194,0.00972989429379715,1.31509634811518,-1.11851500073808,-1.16038181241284,-1.18148746836324,6.4077315994446
"Medium","High","Low","Low","Low","Mpumalanga","Irrigated","Pioneer","John Deere",23.2161654135338,877.316541353384,135.153059701493,144.721044776119,3.38760447761194,0.00972989429379715,1.31509634811518,-1.11851500073808,-1.16038181241284,-1.18148746836324,7.57443469835062
"Medium","High","Low","Low","Low","North West","Irrigated","Pioneer","John Deere",23.2161654135338,877.316541353384,135.153059701493,144.721044776119,3.38760447761194,0.00972989429379715,1.31509634811518,-1.11851500073808,-1.16038181241284,-1.18148746836324,6.93061590862539
"Medium","High","Low","Low","Low","Free State","Rainfed","Pannar","New Holland",23.2161654135338,877.316541353384,135.153059701493,144.721044776119,3.38760447761194,0.00972989429379715,1.31509634811518,-1.11851500073808,-1.16038181241284,-1.18148746836324,6.2200229112862
"Medium","High","Low","Low","Low","Mpumalanga","Rainfed","Pannar","New Holland",23.2161654135338,877.316541353384,135.153059701493,144.721044776119,3.38760447761194,0.00972989429379715,1.31509634811518,-1.11851500073808,-1.16038181241284,-1.18148746836324,5.73751842414494
"Medium","High","Low","Low","High","Free State","Rainfed","Pannar","John Deere",23.2161654135338,877.316541353384,135.153059701493,144.721044776119,3.92764661654135,0.00972989429379715,1.31509634811518,-1.11851500073808,-1.16038181241284,1.2989009578967,7.10736247611533
"Medium","High","Low","Low","High","Mpumalanga","Rainfed","Pannar","John Deere",23.2161654135338,877.316541353384,135.153059701493,144.721044776119,3.92764661654135,0.00972989429379715,1.31509634811518,-1.11851500073808,-1.16038181241284,1.2989009578967,5.93376001249229
"Medium","High","Low","Low","High","North West","Rainfed","Pannar","John Deere",23.2161654135338,877.316541353384,135.153059701493,144.721044776119,3.92764661654135,0.00972989429379715,1.31509634811518,-1.11851500073808,-1.16038181241284,1.2989009578967,6.43410579015706
"Medium","High","Low","Low","High","Free State","Irrigated","Pannar","John Deere",23.2161654135338,877.316541353384,135.153059701493,144.721044776119,3.92764661654135,0.00972989429379715,1.31509634811518,-1.11851500073808,-1.16038181241284,1.2989009578967,7.24586921327506
"Medium","High","Low","Low","High","Mpumalanga","Irrigated","Pannar","John Deere",23.2161654135338,877.316541353384,135.153059701493,144.721044776119,3.92764661654135,0.00972989429379715,1.31509634811518,-1.11851500073808,-1.16038181241284,1.2989009578967,6.31301463357538
"Medium","High","Low","Low","High","North West","Irrigated","Pannar","John Deere",23.2161654135338,877.316541353384,135.153059701493,144.721044776119,3.92764661654135,0.00972989429379715,1.31509634811518,-1.11851500073808,-1.16038181241284,1.2989009578967,6.78863145247361
"Medium","High","Low","Low","High","Free State","Rainfed","Dekalb","John Deere",23.2161654135338,877.316541353384,135.153059701493,144.721044776119,3.92764661654135,0.00972989429379715,1.31509634811518,-1.11851500073808,-1.16038181241284,1.2989009578967,7.58790147353551
"Medium","High","Low","Low","High","Mpumalanga","Rainfed","Dekalb","John Deere",23.2161654135338,877.316541353384,135.153059701493,144.721044776119,3.92764661654135,0.00972989429379715,1.31509634811518,-1.11851500073808,-1.16038181241284,1.2989009578967,7.70254903875724
"Medium","High","Low","Low","High","North West","Rainfed","Dekalb","John Deere",23.2161654135338,877.316541353384,135.153059701493,144.721044776119,3.92764661654135,0.00972989429379715,1.31509634811518,-1.11851500073808,-1.16038181241284,1.2989009578967,6.58453996658036
"Medium","High","Low","Low","High","Free State","Irrigated","Dekalb","John Deere",23.2161654135338,877.316541353384,135.153059701493,144.721044776119,3.92764661654135,0.00972989429379715,1.31509634811518,-1.11851500073808,-1.16038181241284,1.2989009578967,8.08754799804068
"Medium","High","Low","Low","High","Mpumalanga","Irrigated","Dekalb","John Deere",23.2161654135338,877.316541353384,135.153059701493,144.721044776119,3.92764661654135,0.00972989429379715,1.31509634811518,-1.11851500073808,-1.16038181241284,1.2989009578967,7.05883676877372
"Medium","High","Low","Low","High","North West","Irrigated","Dekalb","John Deere",23.2161654135338,877.316541353384,135.153059701493,144.721044776119,3.92764661654135,0.00972989429379715,1.31509634811518,-1.11851500073808,-1.16038181241284,1.2989009578967,8.13856514174721
"Medium","High","Low","Low","High","Free State","Rainfed","Pioneer","John Deere",23.2161654135338,877.316541353384,135.153059701493,144.721044776119,3.92764661654135,0.00972989429379715,1.31509634811518,-1.11851500073808,-1.16038181241284,1.2989009578967,6.24619200425248
"Medium","High","Low","Low","High","Mpumalanga","Rainfed","Pioneer","John Deere",23.2161654135338,877.316541353384,135.153059701493,144.721044776119,3.92764661654135,0.00972989429379715,1.31509634811518,-1.11851500073808,-1.16038181241284,1.2989009578967,5.89531972021783
"Medium","High","Low","Low","High","North West","Rainfed","Pioneer","John Deere",23.2161654135338,877.316541353384,135.153059701493,144.721044776119,3.92764661654135,0.00972989429379715,1.31509634811518,-1.11851500073808,-1.16038181241284,1.2989009578967,7.55983283813405
"Medium","High","Low","Low","High","Free State","Irrigated","Pioneer","John Deere",23.2161654135338,877.316541353384,135.153059701493,144.721044776119,3.92764661654135,0.00972989429379715,1.31509634811518,-1.11851500073808,-1.16038181241284,1.2989009578967,6.87038221740543
"Medium","High","Low","Low","High","Mpumalanga","Irrigated","Pioneer","John Deere",23.2161654135338,877.316541353384,135.153059701493,144.721044776119,3.92764661654135,0.00972989429379715,1.31509634811518,-1.11851500073808,-1.16038181241284,1.2989009578967,7.20416703333258
"Medium","High","Low","Low","High","North West","Irrigated","Pioneer","John Deere",23.2161654135338,877.316541353384,135.153059701493,144.721044776119,3.92764661654135,0.00972989429379715,1.31509634811518,-1.11851500073808,-1.16038181241284,1.2989009578967,7.62408691416197
"Medium","High","Low","Low","High","Free State","Rainfed","Pannar","New Holland",23.2161654135338,877.316541353384,135.153059701493,144.721044776119,3.92764661654135,0.00972989429379715,1.31509634811518,-1.11851500073808,-1.16038181241284,1.2989009578967,6.74467671102732
"Medium","High","Low","Low","High","Mpumalanga","Rainfed","Pannar","New Holland",23.2161654135338,877.316541353384,135.153059701493,144.721044776119,3.92764661654135,0.00972989429379715,1.31509634811518,-1.11851500073808,-1.16038181241284,1.2989009578967,6.41510643861691
"Medium","High","Low","Medium","Low","Free State","Rainfed","Pannar","John Deere",23.2161654135338,877.316541353384,135.153059701493,200.322781954887,3.38760447761194,0.00972989429379715,1.31509634811518,-1.11851500073808,-0.189510256158578,-1.18148746836324,6.21769942937447
"Medium","High","Low","Medium","Low","Mpumalanga","Rainfed","Pannar","John Deere",23.2161654135338,877.316541353384,135.153059701493,200.322781954887,3.38760447761194,0.00972989429379715,1.31509634811518,-1.11851500073808,-0.189510256158578,-1.18148746836324,5.63618375520807
"Medium","High","Low","Medium","Low","North West","Rainfed","Pannar","John Deere",23.2161654135338,877.316541353384,135.153059701493,200.322781954887,3.38760447761194,0.00972989429379715,1.31509634811518,-1.11851500073808,-0.189510256158578,-1.18148746836324,6.97486048985204
"Medium","High","Low","Medium","Low","Free State","Irrigated","Pannar","John Deere",23.2161654135338,877.316541353384,135.153059701493,200.322781954887,3.38760447761194,0.00972989429379715,1.31509634811518,-1.11851500073808,-0.189510256158578,-1.18148746836324,6.94494942263302
"Medium","High","Low","Medium","Low","Mpumalanga","Irrigated","Pannar","John Deere",23.2161654135338,877.316541353384,135.153059701493,200.322781954887,3.38760447761194,0.00972989429379715,1.31509634811518,-1.11851500073808,-0.189510256158578,-1.18148746836324,6.90128921493147
"Medium","High","Low","Medium","Low","North West","Irrigated","Pannar","John Deere",23.2161654135338,877.316541353384,135.153059701493,200.322781954887,3.38760447761194,0.00972989429379715,1.31509634811518,-1.11851500073808,-0.189510256158578,-1.18148746836324,7.09610362319092
"Medium","High","Low","Medium","Low","Free State","Rainfed","Dekalb","John Deere",23.2161654135338,877.316541353384,135.153059701493,200.322781954887,3.38760447761194,0.00972989429379715,1.31509634811518,-1.11851500073808,-0.189510256158578,-1.18148746836324,7.20711462219557
"Medium","High","Low","Medium","Low","Mpumalanga","Rainfed","Dekalb","John Deere",23.2161654135338,877.316541353384,135.153059701493,200.322781954887,3.38760447761194,0.00972989429379715,1.31509634811518,-1.11851500073808,-0.189510256158578,-1.18148746836324,7.42885947660494
"Medium","High","Low","Medium","Low","North West","Rainfed","Dekalb","John Deere",23.2161654135338,877.316541353384,135.153059701493,200.322781954887,3.38760447761194,0.00972989429379715,1.31509634811518,-1.11851500073808,-0.189510256158578,-1.18148746836324,6.77864850348565
"Medium","High","Low","Medium","Low","Free State","Irrigated","Dekalb","John Deere",23.2161654135338,877.316541353384,135.153059701493,200.322781954887,3.38760447761194,0.00972989429379715,1.31509634811518,-1.11851500073808,-0.189510256158578,-1.18148746836324,7.04456425356381
"Medium","High","Low","Medium","Low","Mpumalanga","Irrigated","Dekalb","John Deere",23.2161654135338,877.316541353384,135.153059701493,200.322781954887,3.38760447761194,0.00972989429379715,1.31509634811518,-1.11851500073808,-0.189510256158578,-1.18148746836324,7.40037376825119
"Medium","High","Low","Medium","Low","North West","Irrigated","Dekalb","John Deere",23.2161654135338,877.316541353384,135.153059701493,200.322781954887,3.38760447761194,0.00972989429379715,1.31509634811518,-1.11851500073808,-0.189510256158578,-1.18148746836324,7.12004715145043
"Medium","High","Low","Medium","Low","Free State","Rainfed","Pioneer","John Deere",23.2161654135338,877.316541353384,135.153059701493,200.322781954887,3.38760447761194,0.00972989429379715,1.31509634811518,-1.11851500073808,-0.189510256158578,-1.18148746836324,6.88556302798197
"Medium","High","Low","Medium","Low","Mpumalanga","Rainfed","Pioneer","John Deere",23.2161654135338,877.316541353384,135.153059701493,200.322781954887,3.38760447761194,0.00972989429379715,1.31509634811518,-1.11851500073808,-0.189510256158578,-1.18148746836324,6.76961822030423
"Medium","High","Low","Medium","Low","North West","Rainfed","Pioneer","John Deere",23.2161654135338,877.316541353384,135.153059701493,200.322781954887,3.38760447761194,0.00972989429379715,1.31509634811518,-1.11851500073808,-0.189510256158578,-1.18148746836324,6.11074668691287
"Medium","High","Low","Medium","Low","Free State","Irrigated","Pioneer","John Deere",23.2161654135338,877.316541353384,135.153059701493,200.322781954887,3.38760447761194,0.00972989429379715,1.31509634811518,-1.11851500073808,-0.189510256158578,-1.18148746836324,7.85912185604866
"Medium","High","Low","Medium","Low","Mpumalanga","Irrigated","Pioneer","John Deere",23.2161654135338,877.316541353384,135.153059701493,200.322781954887,3.38760447761194,0.00972989429379715,1.31509634811518,-1.11851500073808,-0.189510256158578,-1.18148746836324,7.48409655270983
"Medium","High","Low","Medium","Low","North West","Irrigated","Pioneer","John Deere",23.2161654135338,877.316541353384,135.153059701493,200.322781954887,3.38760447761194,0.00972989429379715,1.31509634811518,-1.11851500073808,-0.189510256158578,-1.18148746836324,7.11432097090518
"Medium","High","Low","Medium","Low","Free State","Rainfed","Pannar","New Holland",23.2161654135338,877.316541353384,135.153059701493,200.322781954887,3.38760447761194,0.00972989429379715,1.31509634811518,-1.11851500073808,-0.189510256158578,-1.18148746836324,6.4141140385416
"Medium","High","Low","Medium","Low","Mpumalanga","Rainfed","Pannar","New Holland",23.2161654135338,877.316541353384,135.153059701493,200.322781954887,3.38760447761194,0.00972989429379715,1.31509634811518,-1.11851500073808,-0.189510256158578,-1.18148746836324,5.95325648590372
"Medium","High","Low","Medium","High","Free State","Rainfed","Pannar","John Deere",23.2161654135338,877.316541353384,135.153059701493,200.322781954887,3.92764661654135,0.00972989429379715,1.31509634811518,-1.11851500073808,-0.189510256158578,1.2989009578967,6.66524579043029
"Medium","High","Low","Medium","High","Mpumalanga","Rainfed","Pannar","John Deere",23.2161654135338,877.316541353384,135.153059701493,200.322781954887,3.92764661654135,0.00972989429379715,1.31509634811518,-1.11851500073808,-0.189510256158578,1.2989009578967,6.56778562217112
"Medium","High","Low","Medium","High","North West","Rainfed","Pannar","John Deere",23.2161654135338,877.316541353384,135.153059701493,200.322781954887,3.92764661654135,0.00972989429379715,1.31509634811518,-1.11851500073808,-0.189510256158578,1.2989009578967,7.23842148764523
"Medium","High","Low","Medium","High","Free State","Irrigated","Pannar","John Deere",23.2161654135338,877.316541353384,135.153059701493,200.322781954887,3.92764661654135,0.00972989429379715,1.31509634811518,-1.11851500073808,-0.189510256158578,1.2989009578967,7.28266156342686
"Medium","High","Low","Medium","High","Mpumalanga","Irrigated","Pannar","John Deere",23.2161654135338,877.316541353384,135.153059701493,200.322781954887,3.92764661654135,0.00972989429379715,1.31509634811518,-1.11851500073808,-0.189510256158578,1.2989009578967,6.64083993610932
"Medium","High","Low","Medium","High","North West","Irrigated","Pannar","John Deere",23.2161654135338,877.316541353384,135.153059701493,200.322781954887,3.92764661654135,0.00972989429379715,1.31509634811518,-1.11851500073808,-0.189510256158578,1.2989009578967,6.83269119321764
"Medium","High","Low","Medium","High","Free State","Rainfed","Dekalb","John Deere",23.2161654135338,877.316541353384,135.153059701493,200.322781954887,3.92764661654135,0.00972989429379715,1.31509634811518,-1.11851500073808,-0.189510256158578,1.2989009578967,7.20618609444065
"Medium","High","Low","Medium","High","Mpumalanga","Rainfed","Dekalb","John Deere",23.2161654135338,877.316541353384,135.153059701493,200.322781954887,3.92764661654135,0.00972989429379715,1.31509634811518,-1.11851500073808,-0.189510256158578,1.2989009578967,6.65437845461897
"Medium","High","Low","Medium","High","North West","Rainfed","Dekalb","John Deere",23.2161654135338,877.316541353384,135.153059701493,200.322781954887,3.92764661654135,0.00972989429379715,1.31509634811518,-1.11851500073808,-0.189510256158578,1.2989009578967,6.91808459983489
"Medium","High","Low","Medium","High","Free State","Irrigated","Dekalb","John Deere",23.2161654135338,877.316541353384,135.153059701493,200.322781954887,3.92764661654135,0.00972989429379715,1.31509634811518,-1.11851500073808,-0.189510256158578,1.2989009578967,7.22673613696851
"Medium","High","Low","Medium","High","Mpumalanga","Irrigated","Dekalb","John Deere",23.2161654135338,877.316541353384,135.153059701493,200.322781954887,3.92764661654135,0.00972989429379715,1.31509634811518,-1.11851500073808,-0.189510256158578,1.2989009578967,7.73175265375959
"Medium","High","Low","Medium","High","North West","Irrigated","Dekalb","John Deere",23.2161654135338,877.316541353384,135.153059701493,200.322781954887,3.92764661654135,0.00972989429379715,1.31509634811518,-1.11851500073808,-0.189510256158578,1.2989009578967,8.54201519986889
"Medium","High","Low","Medium","High","Free State","Rainfed","Pioneer","John Deere",23.2161654135338,877.316541353384,135.153059701493,200.322781954887,3.92764661654135,0.00972989429379715,1.31509634811518,-1.11851500073808,-0.189510256158578,1.2989009578967,6.73179605111909
"Medium","High","Low","Medium","High","Mpumalanga","Rainfed","Pioneer","John Deere",23.2161654135338,877.316541353384,135.153059701493,200.322781954887,3.92764661654135,0.00972989429379715,1.31509634811518,-1.11851500073808,-0.189510256158578,1.2989009578967,6.31466391875367
"Medium","High","Low","Medium","High","North West","Rainfed","Pioneer","John Deere",23.2161654135338,877.316541353384,135.153059701493,200.322781954887,3.92764661654135,0.00972989429379715,1.31509634811518,-1.11851500073808,-0.189510256158578,1.2989009578967,6.00676793983324
"Medium","High","Low","Medium","High","Free State","Irrigated","Pioneer","John Deere",23.2161654135338,877.316541353384,135.153059701493,200.322781954887,3.92764661654135,0.00972989429379715,1.31509634811518,-1.11851500073808,-0.189510256158578,1.2989009578967,6.7127067712904
"Medium","High","Low","Medium","High","Mpumalanga","Irrigated","Pioneer","John Deere",23.2161654135338,877.316541353384,135.153059701493,200.322781954887,3.92764661654135,0.00972989429379715,1.31509634811518,-1.11851500073808,-0.189510256158578,1.2989009578967,7.97768114666674
"Medium","High","Low","Medium","High","North West","Irrigated","Pioneer","John Deere",23.2161654135338,877.316541353384,135.153059701493,200.322781954887,3.92764661654135,0.00972989429379715,1.31509634811518,-1.11851500073808,-0.189510256158578,1.2989009578967,7.27931851336297
"Medium","High","Low","Medium","High","Free State","Rainfed","Pannar","New Holland",23.2161654135338,877.316541353384,135.153059701493,200.322781954887,3.92764661654135,0.00972989429379715,1.31509634811518,-1.11851500073808,-0.189510256158578,1.2989009578967,7.28260239804528
"Medium","High","Low","Medium","High","Mpumalanga","Rainfed","Pannar","New Holland",23.2161654135338,877.316541353384,135.153059701493,200.322781954887,3.92764661654135,0.00972989429379715,1.31509634811518,-1.11851500073808,-0.189510256158578,1.2989009578967,7.27368418174427
"Medium","High","Low","High","Low","Free State","Rainfed","Pannar","John Deere",23.2161654135338,877.316541353384,135.153059701493,285.840977443609,3.38760447761194,0.00972989429379715,1.31509634811518,-1.11851500073808,1.30373775649338,-1.18148746836324,7.66141732893224
"Medium","High","Low","High","Low","Mpumalanga","Rainfed","Pannar","John Deere",23.2161654135338,877.316541353384,135.153059701493,285.840977443609,3.38760447761194,0.00972989429379715,1.31509634811518,-1.11851500073808,1.30373775649338,-1.18148746836324,6.12697352565827
"Medium","High","Low","High","Low","North West","Rainfed","Pannar","John Deere",23.2161654135338,877.316541353384,135.153059701493,285.840977443609,3.38760447761194,0.00972989429379715,1.31509634811518,-1.11851500073808,1.30373775649338,-1.18148746836324,5.79559220549385
"Medium","High","Low","High","Low","Free State","Irrigated","Pannar","John Deere",23.2161654135338,877.316541353384,135.153059701493,285.840977443609,3.38760447761194,0.00972989429379715,1.31509634811518,-1.11851500073808,1.30373775649338,-1.18148746836324,7.34717974975071
"Medium","High","Low","High","Low","Mpumalanga","Irrigated","Pannar","John Deere",23.2161654135338,877.316541353384,135.153059701493,285.840977443609,3.38760447761194,0.00972989429379715,1.31509634811518,-1.11851500073808,1.30373775649338,-1.18148746836324,6.68027878202488
"Medium","High","Low","High","Low","North West","Irrigated","Pannar","John Deere",23.2161654135338,877.316541353384,135.153059701493,285.840977443609,3.38760447761194,0.00972989429379715,1.31509634811518,-1.11851500073808,1.30373775649338,-1.18148746836324,7.73406721317881
"Medium","High","Low","High","Low","Free State","Rainfed","Dekalb","John Deere",23.2161654135338,877.316541353384,135.153059701493,285.840977443609,3.38760447761194,0.00972989429379715,1.31509634811518,-1.11851500073808,1.30373775649338,-1.18148746836324,7.47071734290734
"Medium","High","Low","High","Low","Mpumalanga","Rainfed","Dekalb","John Deere",23.2161654135338,877.316541353384,135.153059701493,285.840977443609,3.38760447761194,0.00972989429379715,1.31509634811518,-1.11851500073808,1.30373775649338,-1.18148746836324,7.29280471769494
"Medium","High","Low","High","Low","North West","Rainfed","Dekalb","John Deere",23.2161654135338,877.316541353384,135.153059701493,285.840977443609,3.38760447761194,0.00972989429379715,1.31509634811518,-1.11851500073808,1.30373775649338,-1.18148746836324,7.22133281181139
"Medium","High","Low","High","Low","Free State","Irrigated","Dekalb","John Deere",23.2161654135338,877.316541353384,135.153059701493,285.840977443609,3.38760447761194,0.00972989429379715,1.31509634811518,-1.11851500073808,1.30373775649338,-1.18148746836324,7.9601472019229
"Medium","High","Low","High","Low","Mpumalanga","Irrigated","Dekalb","John Deere",23.2161654135338,877.316541353384,135.153059701493,285.840977443609,3.38760447761194,0.00972989429379715,1.31509634811518,-1.11851500073808,1.30373775649338,-1.18148746836324,8.0703266741816
"Medium","High","Low","High","Low","North West","Irrigated","Dekalb","John Deere",23.2161654135338,877.316541353384,135.153059701493,285.840977443609,3.38760447761194,0.00972989429379715,1.31509634811518,-1.11851500073808,1.30373775649338,-1.18148746836324,8.19139350397264
"Medium","High","Low","High","Low","Free State","Rainfed","Pioneer","John Deere",23.2161654135338,877.316541353384,135.153059701493,285.840977443609,3.38760447761194,0.00972989429379715,1.31509634811518,-1.11851500073808,1.30373775649338,-1.18148746836324,6.71322616697598
"Medium","High","Low","High","Low","Mpumalanga","Rainfed","Pioneer","John Deere",23.2161654135338,877.316541353384,135.153059701493,285.840977443609,3.38760447761194,0.00972989429379715,1.31509634811518,-1.11851500073808,1.30373775649338,-1.18148746836324,6.12880928427049
"Medium","High","Low","High","Low","North West","Rainfed","Pioneer","John Deere",23.2161654135338,877.316541353384,135.153059701493,285.840977443609,3.38760447761194,0.00972989429379715,1.31509634811518,-1.11851500073808,1.30373775649338,-1.18148746836324,6.74756212814312
"Medium","High","Low","High","Low","Free State","Irrigated","Pioneer","John Deere",23.2161654135338,877.316541353384,135.153059701493,285.840977443609,3.38760447761194,0.00972989429379715,1.31509634811518,-1.11851500073808,1.30373775649338,-1.18148746836324,7.74887189254294
"Medium","High","Low","High","Low","Mpumalanga","Irrigated","Pioneer","John Deere",23.2161654135338,877.316541353384,135.153059701493,285.840977443609,3.38760447761194,0.00972989429379715,1.31509634811518,-1.11851500073808,1.30373775649338,-1.18148746836324,7.26454025206849
"Medium","High","Low","High","Low","North West","Irrigated","Pioneer","John Deere",23.2161654135338,877.316541353384,135.153059701493,285.840977443609,3.38760447761194,0.00972989429379715,1.31509634811518,-1.11851500073808,1.30373775649338,-1.18148746836324,7.13031157285904
"Medium","High","Low","High","Low","Free State","Rainfed","Pannar","New Holland",23.2161654135338,877.316541353384,135.153059701493,285.840977443609,3.38760447761194,0.00972989429379715,1.31509634811518,-1.11851500073808,1.30373775649338,-1.18148746836324,6.76400289236686
"Medium","High","Low","High","Low","Mpumalanga","Rainfed","Pannar","New Holland",23.2161654135338,877.316541353384,135.153059701493,285.840977443609,3.38760447761194,0.00972989429379715,1.31509634811518,-1.11851500073808,1.30373775649338,-1.18148746836324,6.71557775015569
"Medium","High","Low","High","Medium","Free State","Rainfed","Pannar","John Deere",23.2161654135338,877.316541353384,135.153059701493,285.840977443609,3.64706015037594,0.00972989429379715,1.31509634811518,-1.11851500073808,1.30373775649338,0.0101803691264333,6.71487178052657
"Medium","High","Low","High","Medium","Mpumalanga","Rainfed","Pannar","John Deere",23.2161654135338,877.316541353384,135.153059701493,285.840977443609,3.64706015037594,0.00972989429379715,1.31509634811518,-1.11851500073808,1.30373775649338,0.0101803691264333,6.86673312767116
"Medium","High","Low","High","Medium","North West","Rainfed","Pannar","John Deere",23.2161654135338,877.316541353384,135.153059701493,285.840977443609,3.64706015037594,0.00972989429379715,1.31509634811518,-1.11851500073808,1.30373775649338,0.0101803691264333,7.32612105351155
"Medium","High","Low","High","Medium","Free State","Irrigated","Pannar","John Deere",23.2161654135338,877.316541353384,135.153059701493,285.840977443609,3.64706015037594,0.00972989429379715,1.31509634811518,-1.11851500073808,1.30373775649338,0.0101803691264333,7.93144942428346
"Medium","High","Low","High","Medium","Mpumalanga","Irrigated","Pannar","John Deere",23.2161654135338,877.316541353384,135.153059701493,285.840977443609,3.64706015037594,0.00972989429379715,1.31509634811518,-1.11851500073808,1.30373775649338,0.0101803691264333,7.93216200640546
"Medium","High","Low","High","Medium","North West","Irrigated","Pannar","John Deere",23.2161654135338,877.316541353384,135.153059701493,285.840977443609,3.64706015037594,0.00972989429379715,1.31509634811518,-1.11851500073808,1.30373775649338,0.0101803691264333,7.20628709902258
"Medium","High","Low","High","Medium","Free State","Rainfed","Dekalb","John Deere",23.2161654135338,877.316541353384,135.153059701493,285.840977443609,3.64706015037594,0.00972989429379715,1.31509634811518,-1.11851500073808,1.30373775649338,0.0101803691264333,6.95421013122504
"Medium","High","Low","High","Medium","Mpumalanga","Rainfed","Dekalb","John Deere",23.2161654135338,877.316541353384,135.153059701493,285.840977443609,3.64706015037594,0.00972989429379715,1.31509634811518,-1.11851500073808,1.30373775649338,0.0101803691264333,6.37118250095067
"Medium","High","Low","High","Medium","North West","Rainfed","Dekalb","John Deere",23.2161654135338,877.316541353384,135.153059701493,285.840977443609,3.64706015037594,0.00972989429379715,1.31509634811518,-1.11851500073808,1.30373775649338,0.0101803691264333,6.62294794606949
"Medium","High","Low","High","Medium","Free State","Irrigated","Dekalb","John Deere",23.2161654135338,877.316541353384,135.153059701493,285.840977443609,3.64706015037594,0.00972989429379715,1.31509634811518,-1.11851500073808,1.30373775649338,0.0101803691264333,7.41737936837759
"Medium","High","Low","High","Medium","Mpumalanga","Irrigated","Dekalb","John Deere",23.2161654135338,877.316541353384,135.153059701493,285.840977443609,3.64706015037594,0.00972989429379715,1.31509634811518,-1.11851500073808,1.30373775649338,0.0101803691264333,8.36696314654312
"Medium","High","Low","High","Medium","North West","Irrigated","Dekalb","John Deere",23.2161654135338,877.316541353384,135.153059701493,285.840977443609,3.64706015037594,0.00972989429379715,1.31509634811518,-1.11851500073808,1.30373775649338,0.0101803691264333,7.12789969722228
"Medium","High","Low","High","Medium","Free State","Rainfed","Pioneer","John Deere",23.2161654135338,877.316541353384,135.153059701493,285.840977443609,3.64706015037594,0.00972989429379715,1.31509634811518,-1.11851500073808,1.30373775649338,0.0101803691264333,6.39021074863455
"Medium","High","Low","High","Medium","Mpumalanga","Rainfed","Pioneer","John Deere",23.2161654135338,877.316541353384,135.153059701493,285.840977443609,3.64706015037594,0.00972989429379715,1.31509634811518,-1.11851500073808,1.30373775649338,0.0101803691264333,5.9826217042591
"Medium","High","Low","High","Medium","North West","Rainfed","Pioneer","John Deere",23.2161654135338,877.316541353384,135.153059701493,285.840977443609,3.64706015037594,0.00972989429379715,1.31509634811518,-1.11851500073808,1.30373775649338,0.0101803691264333,7.06041054049165
"Medium","High","Low","High","Medium","Free State","Irrigated","Pioneer","John Deere",23.2161654135338,877.316541353384,135.153059701493,285.840977443609,3.64706015037594,0.00972989429379715,1.31509634811518,-1.11851500073808,1.30373775649338,0.0101803691264333,6.34380959082615
"Medium","High","Low","High","Medium","Mpumalanga","Irrigated","Pioneer","John Deere",23.2161654135338,877.316541353384,135.153059701493,285.840977443609,3.64706015037594,0.00972989429379715,1.31509634811518,-1.11851500073808,1.30373775649338,0.0101803691264333,8.07153217795664
"Medium","High","Low","High","Medium","North West","Irrigated","Pioneer","John Deere",23.2161654135338,877.316541353384,135.153059701493,285.840977443609,3.64706015037594,0.00972989429379715,1.31509634811518,-1.11851500073808,1.30373775649338,0.0101803691264333,6.5835473644261
"Medium","High","Low","High","Medium","Free State","Rainfed","Pannar","New Holland",23.2161654135338,877.316541353384,135.153059701493,285.840977443609,3.64706015037594,0.00972989429379715,1.31509634811518,-1.11851500073808,1.30373775649338,0.0101803691264333,7.2637617598089
"Medium","High","Low","High","Medium","Mpumalanga","Rainfed","Pannar","New Holland",23.2161654135338,877.316541353384,135.153059701493,285.840977443609,3.64706015037594,0.00972989429379715,1.31509634811518,-1.11851500073808,1.30373775649338,0.0101803691264333,6.19606848623063
"Medium","High","Low","High","High","Free State","Rainfed","Pannar","John Deere",23.2161654135338,877.316541353384,135.153059701493,285.840977443609,3.92764661654135,0.00972989429379715,1.31509634811518,-1.11851500073808,1.30373775649338,1.2989009578967,7.0973300644429
"Medium","High","Low","High","High","Mpumalanga","Rainfed","Pannar","John Deere",23.2161654135338,877.316541353384,135.153059701493,285.840977443609,3.92764661654135,0.00972989429379715,1.31509634811518,-1.11851500073808,1.30373775649338,1.2989009578967,6.61194999758372
"Medium","High","Low","High","High","North West","Rainfed","Pannar","John Deere",23.2161654135338,877.316541353384,135.153059701493,285.840977443609,3.92764661654135,0.00972989429379715,1.31509634811518,-1.11851500073808,1.30373775649338,1.2989009578967,7.22728117371154
"Medium","High","Low","High","High","Free State","Irrigated","Pannar","John Deere",23.2161654135338,877.316541353384,135.153059701493,285.840977443609,3.92764661654135,0.00972989429379715,1.31509634811518,-1.11851500073808,1.30373775649338,1.2989009578967,7.51507799950366
"Medium","High","Low","High","High","Mpumalanga","Irrigated","Pannar","John Deere",23.2161654135338,877.316541353384,135.153059701493,285.840977443609,3.92764661654135,0.00972989429379715,1.31509634811518,-1.11851500073808,1.30373775649338,1.2989009578967,7.80949073760813
"Medium","High","Low","High","High","North West","Irrigated","Pannar","John Deere",23.2161654135338,877.316541353384,135.153059701493,285.840977443609,3.92764661654135,0.00972989429379715,1.31509634811518,-1.11851500073808,1.30373775649338,1.2989009578967,7.28660132025538
"Medium","High","Low","High","High","Free State","Rainfed","Dekalb","John Deere",23.2161654135338,877.316541353384,135.153059701493,285.840977443609,3.92764661654135,0.00972989429379715,1.31509634811518,-1.11851500073808,1.30373775649338,1.2989009578967,7.22173825041626
"Medium","High","Low","High","High","Mpumalanga","Rainfed","Dekalb","John Deere",23.2161654135338,877.316541353384,135.153059701493,285.840977443609,3.92764661654135,0.00972989429379715,1.31509634811518,-1.11851500073808,1.30373775649338,1.2989009578967,6.96513243683668
"Medium","High","Low","High","High","North West","Rainfed","Dekalb","John Deere",23.2161654135338,877.316541353384,135.153059701493,285.840977443609,3.92764661654135,0.00972989429379715,1.31509634811518,-1.11851500073808,1.30373775649338,1.2989009578967,6.91260072819129
"Medium","High","Low","High","High","Free State","Irrigated","Dekalb","John Deere",23.2161654135338,877.316541353384,135.153059701493,285.840977443609,3.92764661654135,0.00972989429379715,1.31509634811518,-1.11851500073808,1.30373775649338,1.2989009578967,7.35089039039272
"Medium","High","Low","High","High","Mpumalanga","Irrigated","Dekalb","John Deere",23.2161654135338,877.316541353384,135.153059701493,285.840977443609,3.92764661654135,0.00972989429379715,1.31509634811518,-1.11851500073808,1.30373775649338,1.2989009578967,8.56820522511667
"Medium","High","Low","High","High","North West","Irrigated","Dekalb","John Deere",23.2161654135338,877.316541353384,135.153059701493,285.840977443609,3.92764661654135,0.00972989429379715,1.31509634811518,-1.11851500073808,1.30373775649338,1.2989009578967,9.01053095149987
"Medium","High","Low","High","High","Free State","Rainfed","Pioneer","John Deere",23.2161654135338,877.316541353384,135.153059701493,285.840977443609,3.92764661654135,0.00972989429379715,1.31509634811518,-1.11851500073808,1.30373775649338,1.2989009578967,6.94499578223871
"Medium","High","Low","High","High","Mpumalanga","Rainfed","Pioneer","John Deere",23.2161654135338,877.316541353384,135.153059701493,285.840977443609,3.92764661654135,0.00972989429379715,1.31509634811518,-1.11851500073808,1.30373775649338,1.2989009578967,7.34101620993955
"Medium","High","Low","High","High","North West","Rainfed","Pioneer","John Deere",23.2161654135338,877.316541353384,135.153059701493,285.840977443609,3.92764661654135,0.00972989429379715,1.31509634811518,-1.11851500073808,1.30373775649338,1.2989009578967,6.80973584405689
"Medium","High","Low","High","High","Free State","Irrigated","Pioneer","John Deere",23.2161654135338,877.316541353384,135.153059701493,285.840977443609,3.92764661654135,0.00972989429379715,1.31509634811518,-1.11851500073808,1.30373775649338,1.2989009578967,7.01337265962361
"Medium","High","Low","High","High","Mpumalanga","Irrigated","Pioneer","John Deere",23.2161654135338,877.316541353384,135.153059701493,285.840977443609,3.92764661654135,0.00972989429379715,1.31509634811518,-1.11851500073808,1.30373775649338,1.2989009578967,7.47976833704299
"Medium","High","Low","High","High","North West","Irrigated","Pioneer","John Deere",23.2161654135338,877.316541353384,135.153059701493,285.840977443609,3.92764661654135,0.00972989429379715,1.31509634811518,-1.11851500073808,1.30373775649338,1.2989009578967,8.15531887606211
"Medium","High","Low","High","High","Free State","Rainfed","Pannar","New Holland",23.2161654135338,877.316541353384,135.153059701493,285.840977443609,3.92764661654135,0.00972989429379715,1.31509634811518,-1.11851500073808,1.30373775649338,1.2989009578967,6.46289105659082
"Medium","High","Low","High","High","Mpumalanga","Rainfed","Pannar","New Holland",23.2161654135338,877.316541353384,135.153059701493,285.840977443609,3.92764661654135,0.00972989429379715,1.31509634811518,-1.11851500073808,1.30373775649338,1.2989009578967,7.57657191680622
"Medium","High","Medium","Low","High","Free State","Rainfed","Pannar","John Deere",23.2161654135338,877.316541353384,194.092857142857,144.721044776119,3.92764661654135,0.00972989429379715,1.31509634811518,-0.237733972419121,-1.16038181241284,1.2989009578967,7.38409722929426
"Medium","High","Medium","Low","High","Mpumalanga","Rainfed","Pannar","John Deere",23.2161654135338,877.316541353384,194.092857142857,144.721044776119,3.92764661654135,0.00972989429379715,1.31509634811518,-0.237733972419121,-1.16038181241284,1.2989009578967,7.08419835187506
"Medium","High","Medium","Low","High","North West","Rainfed","Pannar","John Deere",23.2161654135338,877.316541353384,194.092857142857,144.721044776119,3.92764661654135,0.00972989429379715,1.31509634811518,-0.237733972419121,-1.16038181241284,1.2989009578967,7.15221190641841
"Medium","High","Medium","Low","High","Free State","Irrigated","Pannar","John Deere",23.2161654135338,877.316541353384,194.092857142857,144.721044776119,3.92764661654135,0.00972989429379715,1.31509634811518,-0.237733972419121,-1.16038181241284,1.2989009578967,7.93678901295873
"Medium","High","Medium","Low","High","Mpumalanga","Irrigated","Pannar","John Deere",23.2161654135338,877.316541353384,194.092857142857,144.721044776119,3.92764661654135,0.00972989429379715,1.31509634811518,-0.237733972419121,-1.16038181241284,1.2989009578967,7.08869608519739
"Medium","High","Medium","Low","High","North West","Irrigated","Pannar","John Deere",23.2161654135338,877.316541353384,194.092857142857,144.721044776119,3.92764661654135,0.00972989429379715,1.31509634811518,-0.237733972419121,-1.16038181241284,1.2989009578967,7.56719682438299
"Medium","High","Medium","Low","High","Free State","Rainfed","Dekalb","John Deere",23.2161654135338,877.316541353384,194.092857142857,144.721044776119,3.92764661654135,0.00972989429379715,1.31509634811518,-0.237733972419121,-1.16038181241284,1.2989009578967,6.60964222369345
"Medium","High","Medium","Low","High","Mpumalanga","Rainfed","Dekalb","John Deere",23.2161654135338,877.316541353384,194.092857142857,144.721044776119,3.92764661654135,0.00972989429379715,1.31509634811518,-0.237733972419121,-1.16038181241284,1.2989009578967,7.05110342387829
"Medium","High","Medium","Low","High","North West","Rainfed","Dekalb","John Deere",23.2161654135338,877.316541353384,194.092857142857,144.721044776119,3.92764661654135,0.00972989429379715,1.31509634811518,-0.237733972419121,-1.16038181241284,1.2989009578967,7.09525679430599
"Medium","High","Medium","Low","High","Free State","Irrigated","Dekalb","John Deere",23.2161654135338,877.316541353384,194.092857142857,144.721044776119,3.92764661654135,0.00972989429379715,1.31509634811518,-0.237733972419121,-1.16038181241284,1.2989009578967,7.17606144325423
"Medium","High","Medium","Low","High","Mpumalanga","Irrigated","Dekalb","John Deere",23.2161654135338,877.316541353384,194.092857142857,144.721044776119,3.92764661654135,0.00972989429379715,1.31509634811518,-0.237733972419121,-1.16038181241284,1.2989009578967,7.08657127249728
"Medium","High","Medium","Low","High","North West","Irrigated","Dekalb","John Deere",23.2161654135338,877.316541353384,194.092857142857,144.721044776119,3.92764661654135,0.00972989429379715,1.31509634811518,-0.237733972419121,-1.16038181241284,1.2989009578967,8.53780018151334
"Medium","High","Medium","Low","High","Free State","Rainfed","Pioneer","John Deere",23.2161654135338,877.316541353384,194.092857142857,144.721044776119,3.92764661654135,0.00972989429379715,1.31509634811518,-0.237733972419121,-1.16038181241284,1.2989009578967,7.08217205468642
"Medium","High","Medium","Low","High","Mpumalanga","Rainfed","Pioneer","John Deere",23.2161654135338,877.316541353384,194.092857142857,144.721044776119,3.92764661654135,0.00972989429379715,1.31509634811518,-0.237733972419121,-1.16038181241284,1.2989009578967,7.1262722957018
"Medium","High","Medium","Low","High","North West","Rainfed","Pioneer","John Deere",23.2161654135338,877.316541353384,194.092857142857,144.721044776119,3.92764661654135,0.00972989429379715,1.31509634811518,-0.237733972419121,-1.16038181241284,1.2989009578967,7.43046656433342
"Medium","High","Medium","Low","High","Free State","Irrigated","Pioneer","John Deere",23.2161654135338,877.316541353384,194.092857142857,144.721044776119,3.92764661654135,0.00972989429379715,1.31509634811518,-0.237733972419121,-1.16038181241284,1.2989009578967,7.55489277962817
"Medium","High","Medium","Low","High","Mpumalanga","Irrigated","Pioneer","John Deere",23.2161654135338,877.316541353384,194.092857142857,144.721044776119,3.92764661654135,0.00972989429379715,1.31509634811518,-0.237733972419121,-1.16038181241284,1.2989009578967,8.05591061991487
"Medium","High","Medium","Low","High","North West","Irrigated","Pioneer","John Deere",23.2161654135338,877.316541353384,194.092857142857,144.721044776119,3.92764661654135,0.00972989429379715,1.31509634811518,-0.237733972419121,-1.16038181241284,1.2989009578967,7.51844323300429
"Medium","High","Medium","Low","High","Free State","Rainfed","Pannar","New Holland",23.2161654135338,877.316541353384,194.092857142857,144.721044776119,3.92764661654135,0.00972989429379715,1.31509634811518,-0.237733972419121,-1.16038181241284,1.2989009578967,7.20104312187695
"Medium","High","Medium","Low","High","Mpumalanga","Rainfed","Pannar","New Holland",23.2161654135338,877.316541353384,194.092857142857,144.721044776119,3.92764661654135,0.00972989429379715,1.31509634811518,-0.237733972419121,-1.16038181241284,1.2989009578967,6.11944880235922
"Medium","High","Medium","Medium","Low","Free State","Rainfed","Pannar","John Deere",23.2161654135338,877.316541353384,194.092857142857,200.322781954887,3.38760447761194,0.00972989429379715,1.31509634811518,-0.237733972419121,-0.189510256158578,-1.18148746836324,6.54522723300188
"Medium","High","Medium","Medium","Low","Mpumalanga","Rainfed","Pannar","John Deere",23.2161654135338,877.316541353384,194.092857142857,200.322781954887,3.38760447761194,0.00972989429379715,1.31509634811518,-0.237733972419121,-0.189510256158578,-1.18148746836324,6.85950468990642
"Medium","High","Medium","Medium","Low","North West","Rainfed","Pannar","John Deere",23.2161654135338,877.316541353384,194.092857142857,200.322781954887,3.38760447761194,0.00972989429379715,1.31509634811518,-0.237733972419121,-0.189510256158578,-1.18148746836324,6.96004709500933
"Medium","High","Medium","Medium","Low","Free State","Irrigated","Pannar","John Deere",23.2161654135338,877.316541353384,194.092857142857,200.322781954887,3.38760447761194,0.00972989429379715,1.31509634811518,-0.237733972419121,-0.189510256158578,-1.18148746836324,6.85210507416443
"Medium","High","Medium","Medium","Low","Mpumalanga","Irrigated","Pannar","John Deere",23.2161654135338,877.316541353384,194.092857142857,200.322781954887,3.38760447761194,0.00972989429379715,1.31509634811518,-0.237733972419121,-0.189510256158578,-1.18148746836324,7.43885689513432
"Medium","High","Medium","Medium","Low","North West","Irrigated","Pannar","John Deere",23.2161654135338,877.316541353384,194.092857142857,200.322781954887,3.38760447761194,0.00972989429379715,1.31509634811518,-0.237733972419121,-0.189510256158578,-1.18148746836324,7.55220960901262
"Medium","High","Medium","Medium","Low","Free State","Rainfed","Dekalb","John Deere",23.2161654135338,877.316541353384,194.092857142857,200.322781954887,3.38760447761194,0.00972989429379715,1.31509634811518,-0.237733972419121,-0.189510256158578,-1.18148746836324,7.26353196287341
"Medium","High","Medium","Medium","Low","Mpumalanga","Rainfed","Dekalb","John Deere",23.2161654135338,877.316541353384,194.092857142857,200.322781954887,3.38760447761194,0.00972989429379715,1.31509634811518,-0.237733972419121,-0.189510256158578,-1.18148746836324,5.99713812448526
"Medium","High","Medium","Medium","Low","North West","Rainfed","Dekalb","John Deere",23.2161654135338,877.316541353384,194.092857142857,200.322781954887,3.38760447761194,0.00972989429379715,1.31509634811518,-0.237733972419121,-0.189510256158578,-1.18148746836324,7.54685862801889
"Medium","High","Medium","Medium","Low","Free State","Irrigated","Dekalb","John Deere",23.2161654135338,877.316541353384,194.092857142857,200.322781954887,3.38760447761194,0.00972989429379715,1.31509634811518,-0.237733972419121,-0.189510256158578,-1.18148746836324,7.63945232844284
"Medium","High","Medium","Medium","Low","Mpumalanga","Irrigated","Dekalb","John Deere",23.2161654135338,877.316541353384,194.092857142857,200.322781954887,3.38760447761194,0.00972989429379715,1.31509634811518,-0.237733972419121,-0.189510256158578,-1.18148746836324,7.67189715455728
"Medium","High","Medium","Medium","Low","North West","Irrigated","Dekalb","John Deere",23.2161654135338,877.316541353384,194.092857142857,200.322781954887,3.38760447761194,0.00972989429379715,1.31509634811518,-0.237733972419121,-0.189510256158578,-1.18148746836324,7.04410195393097
"Medium","High","Medium","Medium","Low","Free State","Rainfed","Pioneer","John Deere",23.2161654135338,877.316541353384,194.092857142857,200.322781954887,3.38760447761194,0.00972989429379715,1.31509634811518,-0.237733972419121,-0.189510256158578,-1.18148746836324,6.98976588365069
"Medium","High","Medium","Medium","Low","Mpumalanga","Rainfed","Pioneer","John Deere",23.2161654135338,877.316541353384,194.092857142857,200.322781954887,3.38760447761194,0.00972989429379715,1.31509634811518,-0.237733972419121,-0.189510256158578,-1.18148746836324,7.47578353802589
"Medium","High","Medium","Medium","Low","North West","Rainfed","Pioneer","John Deere",23.2161654135338,877.316541353384,194.092857142857,200.322781954887,3.38760447761194,0.00972989429379715,1.31509634811518,-0.237733972419121,-0.189510256158578,-1.18148746836324,6.47113944646944
"Medium","High","Medium","Medium","Low","Free State","Irrigated","Pioneer","John Deere",23.2161654135338,877.316541353384,194.092857142857,200.322781954887,3.38760447761194,0.00972989429379715,1.31509634811518,-0.237733972419121,-0.189510256158578,-1.18148746836324,7.11756420970453
"Medium","High","Medium","Medium","Low","Mpumalanga","Irrigated","Pioneer","John Deere",23.2161654135338,877.316541353384,194.092857142857,200.322781954887,3.38760447761194,0.00972989429379715,1.31509634811518,-0.237733972419121,-0.189510256158578,-1.18148746836324,7.48331781596873
"Medium","High","Medium","Medium","Low","North West","Irrigated","Pioneer","John Deere",23.2161654135338,877.316541353384,194.092857142857,200.322781954887,3.38760447761194,0.00972989429379715,1.31509634811518,-0.237733972419121,-0.189510256158578,-1.18148746836324,7.7450422246926
"Medium","High","Medium","Medium","Low","Free State","Rainfed","Pannar","New Holland",23.2161654135338,877.316541353384,194.092857142857,200.322781954887,3.38760447761194,0.00972989429379715,1.31509634811518,-0.237733972419121,-0.189510256158578,-1.18148746836324,6.73752189648698
"Medium","High","Medium","Medium","Low","Mpumalanga","Rainfed","Pannar","New Holland",23.2161654135338,877.316541353384,194.092857142857,200.322781954887,3.38760447761194,0.00972989429379715,1.31509634811518,-0.237733972419121,-0.189510256158578,-1.18148746836324,7.48267596440966
"Medium","High","Medium","Medium","Medium","Free State","Rainfed","Pannar","John Deere",23.2161654135338,877.316541353384,194.092857142857,200.322781954887,3.64706015037594,0.00972989429379715,1.31509634811518,-0.237733972419121,-0.189510256158578,0.0101803691264333,6.70012414832966
"Medium","High","Medium","Medium","Medium","Mpumalanga","Rainfed","Pannar","John Deere",23.2161654135338,877.316541353384,194.092857142857,200.322781954887,3.64706015037594,0.00972989429379715,1.31509634811518,-0.237733972419121,-0.189510256158578,0.0101803691264333,7.58793010594832
"Medium","High","Medium","Medium","Medium","North West","Rainfed","Pannar","John Deere",23.2161654135338,877.316541353384,194.092857142857,200.322781954887,3.64706015037594,0.00972989429379715,1.31509634811518,-0.237733972419121,-0.189510256158578,0.0101803691264333,6.78074811147918
"Medium","High","Medium","Medium","Medium","Free State","Irrigated","Pannar","John Deere",23.2161654135338,877.316541353384,194.092857142857,200.322781954887,3.64706015037594,0.00972989429379715,1.31509634811518,-0.237733972419121,-0.189510256158578,0.0101803691264333,7.30545090935311
"Medium","High","Medium","Medium","Medium","Mpumalanga","Irrigated","Pannar","John Deere",23.2161654135338,877.316541353384,194.092857142857,200.322781954887,3.64706015037594,0.00972989429379715,1.31509634811518,-0.237733972419121,-0.189510256158578,0.0101803691264333,7.34833198395944
"Medium","High","Medium","Medium","Medium","North West","Irrigated","Pannar","John Deere",23.2161654135338,877.316541353384,194.092857142857,200.322781954887,3.64706015037594,0.00972989429379715,1.31509634811518,-0.237733972419121,-0.189510256158578,0.0101803691264333,7.5464793408
"Medium","High","Medium","Medium","Medium","Free State","Rainfed","Dekalb","John Deere",23.2161654135338,877.316541353384,194.092857142857,200.322781954887,3.64706015037594,0.00972989429379715,1.31509634811518,-0.237733972419121,-0.189510256158578,0.0101803691264333,7.31794603960273
"Medium","High","Medium","Medium","Medium","Mpumalanga","Rainfed","Dekalb","John Deere",23.2161654135338,877.316541353384,194.092857142857,200.322781954887,3.64706015037594,0.00972989429379715,1.31509634811518,-0.237733972419121,-0.189510256158578,0.0101803691264333,6.86865453694511
"Medium","High","Medium","Medium","Medium","North West","Rainfed","Dekalb","John Deere",23.2161654135338,877.316541353384,194.092857142857,200.322781954887,3.64706015037594,0.00972989429379715,1.31509634811518,-0.237733972419121,-0.189510256158578,0.0101803691264333,7.15087352540853
"Medium","High","Medium","Medium","Medium","Free State","Irrigated","Dekalb","John Deere",23.2161654135338,877.316541353384,194.092857142857,200.322781954887,3.64706015037594,0.00972989429379715,1.31509634811518,-0.237733972419121,-0.189510256158578,0.0101803691264333,7.69654151491901
"Medium","High","Medium","Medium","Medium","Mpumalanga","Irrigated","Dekalb","John Deere",23.2161654135338,877.316541353384,194.092857142857,200.322781954887,3.64706015037594,0.00972989429379715,1.31509634811518,-0.237733972419121,-0.189510256158578,0.0101803691264333,7.86758086936629
"Medium","High","Medium","Medium","Medium","North West","Irrigated","Dekalb","John Deere",23.2161654135338,877.316541353384,194.092857142857,200.322781954887,3.64706015037594,0.00972989429379715,1.31509634811518,-0.237733972419121,-0.189510256158578,0.0101803691264333,8.05822308136107
"Medium","High","Medium","Medium","Medium","Free State","Rainfed","Pioneer","John Deere",23.2161654135338,877.316541353384,194.092857142857,200.322781954887,3.64706015037594,0.00972989429379715,1.31509634811518,-0.237733972419121,-0.189510256158578,0.0101803691264333,7.42924710285372
"Medium","High","Medium","Medium","Medium","Mpumalanga","Rainfed","Pioneer","John Deere",23.2161654135338,877.316541353384,194.092857142857,200.322781954887,3.64706015037594,0.00972989429379715,1.31509634811518,-0.237733972419121,-0.189510256158578,0.0101803691264333,6.73151601547407
"Medium","High","Medium","Medium","Medium","North West","Rainfed","Pioneer","John Deere",23.2161654135338,877.316541353384,194.092857142857,200.322781954887,3.64706015037594,0.00972989429379715,1.31509634811518,-0.237733972419121,-0.189510256158578,0.0101803691264333,7.19628058531564
"Medium","High","Medium","Medium","Medium","Free State","Irrigated","Pioneer","John Deere",23.2161654135338,877.316541353384,194.092857142857,200.322781954887,3.64706015037594,0.00972989429379715,1.31509634811518,-0.237733972419121,-0.189510256158578,0.0101803691264333,7.19843838343818
"Medium","High","Medium","Medium","Medium","Mpumalanga","Irrigated","Pioneer","John Deere",23.2161654135338,877.316541353384,194.092857142857,200.322781954887,3.64706015037594,0.00972989429379715,1.31509634811518,-0.237733972419121,-0.189510256158578,0.0101803691264333,7.20251281416989
"Medium","High","Medium","Medium","Medium","North West","Irrigated","Pioneer","John Deere",23.2161654135338,877.316541353384,194.092857142857,200.322781954887,3.64706015037594,0.00972989429379715,1.31509634811518,-0.237733972419121,-0.189510256158578,0.0101803691264333,8.35619440909855
"Medium","High","Medium","Medium","Medium","Free State","Rainfed","Pannar","New Holland",23.2161654135338,877.316541353384,194.092857142857,200.322781954887,3.64706015037594,0.00972989429379715,1.31509634811518,-0.237733972419121,-0.189510256158578,0.0101803691264333,6.8520684778773
"Medium","High","Medium","Medium","Medium","Mpumalanga","Rainfed","Pannar","New Holland",23.2161654135338,877.316541353384,194.092857142857,200.322781954887,3.64706015037594,0.00972989429379715,1.31509634811518,-0.237733972419121,-0.189510256158578,0.0101803691264333,6.55781801131762
"Medium","High","Medium","Medium","High","Free State","Rainfed","Pannar","John Deere",23.2161654135338,877.316541353384,194.092857142857,200.322781954887,3.92764661654135,0.00972989429379715,1.31509634811518,-0.237733972419121,-0.189510256158578,1.2989009578967,7.57884201318941
"Medium","High","Medium","Medium","High","Mpumalanga","Rainfed","Pannar","John Deere",23.2161654135338,877.316541353384,194.092857142857,200.322781954887,3.92764661654135,0.00972989429379715,1.31509634811518,-0.237733972419121,-0.189510256158578,1.2989009578967,7.44931542591442
"Medium","High","Medium","Medium","High","North West","Rainfed","Pannar","John Deere",23.2161654135338,877.316541353384,194.092857142857,200.322781954887,3.92764661654135,0.00972989429379715,1.31509634811518,-0.237733972419121,-0.189510256158578,1.2989009578967,7.63238979040857
"Medium","High","Medium","Medium","High","Free State","Irrigated","Pannar","John Deere",23.2161654135338,877.316541353384,194.092857142857,200.322781954887,3.92764661654135,0.00972989429379715,1.31509634811518,-0.237733972419121,-0.189510256158578,1.2989009578967,7.97553047229838
"Medium","High","Medium","Medium","High","Mpumalanga","Irrigated","Pannar","John Deere",23.2161654135338,877.316541353384,194.092857142857,200.322781954887,3.92764661654135,0.00972989429379715,1.31509634811518,-0.237733972419121,-0.189510256158578,1.2989009578967,7.81352826346256
"Medium","High","Medium","Medium","High","North West","Irrigated","Pannar","John Deere",23.2161654135338,877.316541353384,194.092857142857,200.322781954887,3.92764661654135,0.00972989429379715,1.31509634811518,-0.237733972419121,-0.189510256158578,1.2989009578967,6.86863874005374
"Medium","High","Medium","Medium","High","Free State","Rainfed","Dekalb","John Deere",23.2161654135338,877.316541353384,194.092857142857,200.322781954887,3.92764661654135,0.00972989429379715,1.31509634811518,-0.237733972419121,-0.189510256158578,1.2989009578967,7.4213828505893
"Medium","High","Medium","Medium","High","Mpumalanga","Rainfed","Dekalb","John Deere",23.2161654135338,877.316541353384,194.092857142857,200.322781954887,3.92764661654135,0.00972989429379715,1.31509634811518,-0.237733972419121,-0.189510256158578,1.2989009578967,7.56216065715625
"Medium","High","Medium","Medium","High","North West","Rainfed","Dekalb","John Deere",23.2161654135338,877.316541353384,194.092857142857,200.322781954887,3.92764661654135,0.00972989429379715,1.31509634811518,-0.237733972419121,-0.189510256158578,1.2989009578967,7.5677025536471
"Medium","High","Medium","Medium","High","Free State","Irrigated","Dekalb","John Deere",23.2161654135338,877.316541353384,194.092857142857,200.322781954887,3.92764661654135,0.00972989429379715,1.31509634811518,-0.237733972419121,-0.189510256158578,1.2989009578967,7.84030993668254
"Medium","High","Medium","Medium","High","Mpumalanga","Irrigated","Dekalb","John Deere",23.2161654135338,877.316541353384,194.092857142857,200.322781954887,3.92764661654135,0.00972989429379715,1.31509634811518,-0.237733972419121,-0.189510256158578,1.2989009578967,8.42070233905616
"Medium","High","Medium","Medium","High","North West","Irrigated","Dekalb","John Deere",23.2161654135338,877.316541353384,194.092857142857,200.322781954887,3.92764661654135,0.00972989429379715,1.31509634811518,-0.237733972419121,-0.189510256158578,1.2989009578967,8.31907444072935
"Medium","High","Medium","Medium","High","Free State","Rainfed","Pioneer","John Deere",23.2161654135338,877.316541353384,194.092857142857,200.322781954887,3.92764661654135,0.00972989429379715,1.31509634811518,-0.237733972419121,-0.189510256158578,1.2989009578967,7.33266555364295
"Medium","High","Medium","Medium","High","Mpumalanga","Rainfed","Pioneer","John Deere",23.2161654135338,877.316541353384,194.092857142857,200.322781954887,3.92764661654135,0.00972989429379715,1.31509634811518,-0.237733972419121,-0.189510256158578,1.2989009578967,6.74625670903884
"Medium","High","Medium","Medium","High","North West","Rainfed","Pioneer","John Deere",23.2161654135338,877.316541353384,194.092857142857,200.322781954887,3.92764661654135,0.00972989429379715,1.31509634811518,-0.237733972419121,-0.189510256158578,1.2989009578967,6.62887519014128
"Medium","High","Medium","Medium","High","Free State","Irrigated","Pioneer","John Deere",23.2161654135338,877.316541353384,194.092857142857,200.322781954887,3.92764661654135,0.00972989429379715,1.31509634811518,-0.237733972419121,-0.189510256158578,1.2989009578967,8.16563166304631
"Medium","High","Medium","Medium","High","Mpumalanga","Irrigated","Pioneer","John Deere",23.2161654135338,877.316541353384,194.092857142857,200.322781954887,3.92764661654135,0.00972989429379715,1.31509634811518,-0.237733972419121,-0.189510256158578,1.2989009578967,7.69808728466563
"Medium","High","Medium","Medium","High","North West","Irrigated","Pioneer","John Deere",23.2161654135338,877.316541353384,194.092857142857,200.322781954887,3.92764661654135,0.00972989429379715,1.31509634811518,-0.237733972419121,-0.189510256158578,1.2989009578967,8.80611085627426
"Medium","High","Medium","Medium","High","Free State","Rainfed","Pannar","New Holland",23.2161654135338,877.316541353384,194.092857142857,200.322781954887,3.92764661654135,0.00972989429379715,1.31509634811518,-0.237733972419121,-0.189510256158578,1.2989009578967,7.25996617703158
"Medium","High","Medium","Medium","High","Mpumalanga","Rainfed","Pannar","New Holland",23.2161654135338,877.316541353384,194.092857142857,200.322781954887,3.92764661654135,0.00972989429379715,1.31509634811518,-0.237733972419121,-0.189510256158578,1.2989009578967,6.96411354777093
"Medium","High","Medium","High","Medium","Free State","Rainfed","Pannar","John Deere",23.2161654135338,877.316541353384,194.092857142857,285.840977443609,3.64706015037594,0.00972989429379715,1.31509634811518,-0.237733972419121,1.30373775649338,0.0101803691264333,8.07383764204755
"Medium","High","Medium","High","Medium","Mpumalanga","Rainfed","Pannar","John Deere",23.2161654135338,877.316541353384,194.092857142857,285.840977443609,3.64706015037594,0.00972989429379715,1.31509634811518,-0.237733972419121,1.30373775649338,0.0101803691264333,7.17608462601584
"Medium","High","Medium","High","Medium","North West","Rainfed","Pannar","John Deere",23.2161654135338,877.316541353384,194.092857142857,285.840977443609,3.64706015037594,0.00972989429379715,1.31509634811518,-0.237733972419121,1.30373775649338,0.0101803691264333,7.59288394887146
"Medium","High","Medium","High","Medium","Free State","Irrigated","Pannar","John Deere",23.2161654135338,877.316541353384,194.092857142857,285.840977443609,3.64706015037594,0.00972989429379715,1.31509634811518,-0.237733972419121,1.30373775649338,0.0101803691264333,8.21391951594756
"Medium","High","Medium","High","Medium","Mpumalanga","Irrigated","Pannar","John Deere",23.2161654135338,877.316541353384,194.092857142857,285.840977443609,3.64706015037594,0.00972989429379715,1.31509634811518,-0.237733972419121,1.30373775649338,0.0101803691264333,7.56539529565022
"Medium","High","Medium","High","Medium","North West","Irrigated","Pannar","John Deere",23.2161654135338,877.316541353384,194.092857142857,285.840977443609,3.64706015037594,0.00972989429379715,1.31509634811518,-0.237733972419121,1.30373775649338,0.0101803691264333,8.55312259824199
"Medium","High","Medium","High","Medium","Free State","Rainfed","Dekalb","John Deere",23.2161654135338,877.316541353384,194.092857142857,285.840977443609,3.64706015037594,0.00972989429379715,1.31509634811518,-0.237733972419121,1.30373775649338,0.0101803691264333,7.87588759450768
"Medium","High","Medium","High","Medium","Mpumalanga","Rainfed","Dekalb","John Deere",23.2161654135338,877.316541353384,194.092857142857,285.840977443609,3.64706015037594,0.00972989429379715,1.31509634811518,-0.237733972419121,1.30373775649338,0.0101803691264333,8.87795662721056
"Medium","High","Medium","High","Medium","North West","Rainfed","Dekalb","John Deere",23.2161654135338,877.316541353384,194.092857142857,285.840977443609,3.64706015037594,0.00972989429379715,1.31509634811518,-0.237733972419121,1.30373775649338,0.0101803691264333,6.78875534217714
"Medium","High","Medium","High","Medium","Free State","Irrigated","Dekalb","John Deere",23.2161654135338,877.316541353384,194.092857142857,285.840977443609,3.64706015037594,0.00972989429379715,1.31509634811518,-0.237733972419121,1.30373775649338,0.0101803691264333,8.05187049403856
"Medium","High","Medium","High","Medium","Mpumalanga","Irrigated","Dekalb","John Deere",23.2161654135338,877.316541353384,194.092857142857,285.840977443609,3.64706015037594,0.00972989429379715,1.31509634811518,-0.237733972419121,1.30373775649338,0.0101803691264333,7.86177224689108
"Medium","High","Medium","High","Medium","North West","Irrigated","Dekalb","John Deere",23.2161654135338,877.316541353384,194.092857142857,285.840977443609,3.64706015037594,0.00972989429379715,1.31509634811518,-0.237733972419121,1.30373775649338,0.0101803691264333,7.90875474531065
"Medium","High","Medium","High","Medium","Free State","Rainfed","Pioneer","John Deere",23.2161654135338,877.316541353384,194.092857142857,285.840977443609,3.64706015037594,0.00972989429379715,1.31509634811518,-0.237733972419121,1.30373775649338,0.0101803691264333,7.99978825842313
"Medium","High","Medium","High","Medium","Mpumalanga","Rainfed","Pioneer","John Deere",23.2161654135338,877.316541353384,194.092857142857,285.840977443609,3.64706015037594,0.00972989429379715,1.31509634811518,-0.237733972419121,1.30373775649338,0.0101803691264333,7.24984425128401
"Medium","High","Medium","High","Medium","North West","Rainfed","Pioneer","John Deere",23.2161654135338,877.316541353384,194.092857142857,285.840977443609,3.64706015037594,0.00972989429379715,1.31509634811518,-0.237733972419121,1.30373775649338,0.0101803691264333,7.54706592674213
"Medium","High","Medium","High","Medium","Free State","Irrigated","Pioneer","John Deere",23.2161654135338,877.316541353384,194.092857142857,285.840977443609,3.64706015037594,0.00972989429379715,1.31509634811518,-0.237733972419121,1.30373775649338,0.0101803691264333,8.50844146071171
"Medium","High","Medium","High","Medium","Mpumalanga","Irrigated","Pioneer","John Deere",23.2161654135338,877.316541353384,194.092857142857,285.840977443609,3.64706015037594,0.00972989429379715,1.31509634811518,-0.237733972419121,1.30373775649338,0.0101803691264333,7.09337039695128
"Medium","High","Medium","High","Medium","North West","Irrigated","Pioneer","John Deere",23.2161654135338,877.316541353384,194.092857142857,285.840977443609,3.64706015037594,0.00972989429379715,1.31509634811518,-0.237733972419121,1.30373775649338,0.0101803691264333,6.56733289535302
"Medium","High","Medium","High","Medium","Free State","Rainfed","Pannar","New Holland",23.2161654135338,877.316541353384,194.092857142857,285.840977443609,3.64706015037594,0.00972989429379715,1.31509634811518,-0.237733972419121,1.30373775649338,0.0101803691264333,6.83993912969902
"Medium","High","Medium","High","Medium","Mpumalanga","Rainfed","Pannar","New Holland",23.2161654135338,877.316541353384,194.092857142857,285.840977443609,3.64706015037594,0.00972989429379715,1.31509634811518,-0.237733972419121,1.30373775649338,0.0101803691264333,7.62197814002448
"Medium","High","Medium","High","High","Free State","Rainfed","Pannar","John Deere",23.2161654135338,877.316541353384,194.092857142857,285.840977443609,3.92764661654135,0.00972989429379715,1.31509634811518,-0.237733972419121,1.30373775649338,1.2989009578967,7.09235214157008
"Medium","High","Medium","High","High","Mpumalanga","Rainfed","Pannar","John Deere",23.2161654135338,877.316541353384,194.092857142857,285.840977443609,3.92764661654135,0.00972989429379715,1.31509634811518,-0.237733972419121,1.30373775649338,1.2989009578967,7.25592344122866
"Medium","High","Medium","High","High","North West","Rainfed","Pannar","John Deere",23.2161654135338,877.316541353384,194.092857142857,285.840977443609,3.92764661654135,0.00972989429379715,1.31509634811518,-0.237733972419121,1.30373775649338,1.2989009578967,7.33708917415219
"Medium","High","Medium","High","High","Free State","Irrigated","Pannar","John Deere",23.2161654135338,877.316541353384,194.092857142857,285.840977443609,3.92764661654135,0.00972989429379715,1.31509634811518,-0.237733972419121,1.30373775649338,1.2989009578967,7.43109527603015
"Medium","High","Medium","High","High","Mpumalanga","Irrigated","Pannar","John Deere",23.2161654135338,877.316541353384,194.092857142857,285.840977443609,3.92764661654135,0.00972989429379715,1.31509634811518,-0.237733972419121,1.30373775649338,1.2989009578967,8.78609905427962
"Medium","High","Medium","High","High","North West","Irrigated","Pannar","John Deere",23.2161654135338,877.316541353384,194.092857142857,285.840977443609,3.92764661654135,0.00972989429379715,1.31509634811518,-0.237733972419121,1.30373775649338,1.2989009578967,8.72169120604984
"Medium","High","Medium","High","High","Free State","Rainfed","Dekalb","John Deere",23.2161654135338,877.316541353384,194.092857142857,285.840977443609,3.92764661654135,0.00972989429379715,1.31509634811518,-0.237733972419121,1.30373775649338,1.2989009578967,7.49580746419204
"Medium","High","Medium","High","High","Mpumalanga","Rainfed","Dekalb","John Deere",23.2161654135338,877.316541353384,194.092857142857,285.840977443609,3.92764661654135,0.00972989429379715,1.31509634811518,-0.237733972419121,1.30373775649338,1.2989009578967,7.27818052330378
"Medium","High","Medium","High","High","North West","Rainfed","Dekalb","John Deere",23.2161654135338,877.316541353384,194.092857142857,285.840977443609,3.92764661654135,0.00972989429379715,1.31509634811518,-0.237733972419121,1.30373775649338,1.2989009578967,8.10660480764861
"Medium","High","Medium","High","High","Free State","Irrigated","Dekalb","John Deere",23.2161654135338,877.316541353384,194.092857142857,285.840977443609,3.92764661654135,0.00972989429379715,1.31509634811518,-0.237733972419121,1.30373775649338,1.2989009578967,8.22662937488484
"Medium","High","Medium","High","High","Mpumalanga","Irrigated","Dekalb","John Deere",23.2161654135338,877.316541353384,194.092857142857,285.840977443609,3.92764661654135,0.00972989429379715,1.31509634811518,-0.237733972419121,1.30373775649338,1.2989009578967,7.39001323542552
"Medium","High","Medium","High","High","North West","Irrigated","Dekalb","John Deere",23.2161654135338,877.316541353384,194.092857142857,285.840977443609,3.92764661654135,0.00972989429379715,1.31509634811518,-0.237733972419121,1.30373775649338,1.2989009578967,8.14110008584851
"Medium","High","Medium","High","High","Free State","Rainfed","Pioneer","John Deere",23.2161654135338,877.316541353384,194.092857142857,285.840977443609,3.92764661654135,0.00972989429379715,1.31509634811518,-0.237733972419121,1.30373775649338,1.2989009578967,7.24998159920887
"Medium","High","Medium","High","High","Mpumalanga","Rainfed","Pioneer","John Deere",23.2161654135338,877.316541353384,194.092857142857,285.840977443609,3.92764661654135,0.00972989429379715,1.31509634811518,-0.237733972419121,1.30373775649338,1.2989009578967,7.80970142877239
"Medium","High","Medium","High","High","North West","Rainfed","Pioneer","John Deere",23.2161654135338,877.316541353384,194.092857142857,285.840977443609,3.92764661654135,0.00972989429379715,1.31509634811518,-0.237733972419121,1.30373775649338,1.2989009578967,8.00490762035046
"Medium","High","Medium","High","High","Free State","Irrigated","Pioneer","John Deere",23.2161654135338,877.316541353384,194.092857142857,285.840977443609,3.92764661654135,0.00972989429379715,1.31509634811518,-0.237733972419121,1.30373775649338,1.2989009578967,7.72630789660907
"Medium","High","Medium","High","High","Mpumalanga","Irrigated","Pioneer","John Deere",23.2161654135338,877.316541353384,194.092857142857,285.840977443609,3.92764661654135,0.00972989429379715,1.31509634811518,-0.237733972419121,1.30373775649338,1.2989009578967,7.91844207513574
"Medium","High","Medium","High","High","North West","Irrigated","Pioneer","John Deere",23.2161654135338,877.316541353384,194.092857142857,285.840977443609,3.92764661654135,0.00972989429379715,1.31509634811518,-0.237733972419121,1.30373775649338,1.2989009578967,9.02342090942925
"Medium","High","Medium","High","High","Free State","Rainfed","Pannar","New Holland",23.2161654135338,877.316541353384,194.092857142857,285.840977443609,3.92764661654135,0.00972989429379715,1.31509634811518,-0.237733972419121,1.30373775649338,1.2989009578967,7.12557243846996
"Medium","High","Medium","High","High","Mpumalanga","Rainfed","Pannar","New Holland",23.2161654135338,877.316541353384,194.092857142857,285.840977443609,3.92764661654135,0.00972989429379715,1.31509634811518,-0.237733972419121,1.30373775649338,1.2989009578967,7.17791278287535
"Medium","High","High","Low","Low","Free State","Rainfed","Pannar","John Deere",23.2161654135338,877.316541353384,296.555789473684,144.721044776119,3.38760447761194,0.00972989429379715,1.31509634811518,1.29344548222192,-1.16038181241284,-1.18148746836324,7.29259530471724
"Medium","High","High","Low","Low","Mpumalanga","Rainfed","Pannar","John Deere",23.2161654135338,877.316541353384,296.555789473684,144.721044776119,3.38760447761194,0.00972989429379715,1.31509634811518,1.29344548222192,-1.16038181241284,-1.18148746836324,7.63333710574001
"Medium","High","High","Low","Low","North West","Rainfed","Pannar","John Deere",23.2161654135338,877.316541353384,296.555789473684,144.721044776119,3.38760447761194,0.00972989429379715,1.31509634811518,1.29344548222192,-1.16038181241284,-1.18148746836324,7.33886615686594
"Medium","High","High","Low","Low","Free State","Irrigated","Pannar","John Deere",23.2161654135338,877.316541353384,296.555789473684,144.721044776119,3.38760447761194,0.00972989429379715,1.31509634811518,1.29344548222192,-1.16038181241284,-1.18148746836324,8.2061484394794
"Medium","High","High","Low","Low","Mpumalanga","Irrigated","Pannar","John Deere",23.2161654135338,877.316541353384,296.555789473684,144.721044776119,3.38760447761194,0.00972989429379715,1.31509634811518,1.29344548222192,-1.16038181241284,-1.18148746836324,7.37603781788631
"Medium","High","High","Low","Low","North West","Irrigated","Pannar","John Deere",23.2161654135338,877.316541353384,296.555789473684,144.721044776119,3.38760447761194,0.00972989429379715,1.31509634811518,1.29344548222192,-1.16038181241284,-1.18148746836324,7.4584618419838
"Medium","High","High","Low","Low","Free State","Rainfed","Dekalb","John Deere",23.2161654135338,877.316541353384,296.555789473684,144.721044776119,3.38760447761194,0.00972989429379715,1.31509634811518,1.29344548222192,-1.16038181241284,-1.18148746836324,7.50605654682164
"Medium","High","High","Low","Low","Mpumalanga","Rainfed","Dekalb","John Deere",23.2161654135338,877.316541353384,296.555789473684,144.721044776119,3.38760447761194,0.00972989429379715,1.31509634811518,1.29344548222192,-1.16038181241284,-1.18148746836324,7.55528353556091
"Medium","High","High","Low","Low","North West","Rainfed","Dekalb","John Deere",23.2161654135338,877.316541353384,296.555789473684,144.721044776119,3.38760447761194,0.00972989429379715,1.31509634811518,1.29344548222192,-1.16038181241284,-1.18148746836324,6.88918601352243
"Medium","High","High","Low","Low","Free State","Irrigated","Dekalb","John Deere",23.2161654135338,877.316541353384,296.555789473684,144.721044776119,3.38760447761194,0.00972989429379715,1.31509634811518,1.29344548222192,-1.16038181241284,-1.18148746836324,8.37372591895919
"Medium","High","High","Low","Low","Mpumalanga","Irrigated","Dekalb","John Deere",23.2161654135338,877.316541353384,296.555789473684,144.721044776119,3.38760447761194,0.00972989429379715,1.31509634811518,1.29344548222192,-1.16038181241284,-1.18148746836324,8.07323983480973
"Medium","High","High","Low","Low","North West","Irrigated","Dekalb","John Deere",23.2161654135338,877.316541353384,296.555789473684,144.721044776119,3.38760447761194,0.00972989429379715,1.31509634811518,1.29344548222192,-1.16038181241284,-1.18148746836324,7.22174008059405
"Medium","High","High","Low","Low","Free State","Rainfed","Pioneer","John Deere",23.2161654135338,877.316541353384,296.555789473684,144.721044776119,3.38760447761194,0.00972989429379715,1.31509634811518,1.29344548222192,-1.16038181241284,-1.18148746836324,7.23489845482319
"Medium","High","High","Low","Low","Mpumalanga","Rainfed","Pioneer","John Deere",23.2161654135338,877.316541353384,296.555789473684,144.721044776119,3.38760447761194,0.00972989429379715,1.31509634811518,1.29344548222192,-1.16038181241284,-1.18148746836324,6.49625043974348
"Medium","High","High","Low","Low","North West","Rainfed","Pioneer","John Deere",23.2161654135338,877.316541353384,296.555789473684,144.721044776119,3.38760447761194,0.00972989429379715,1.31509634811518,1.29344548222192,-1.16038181241284,-1.18148746836324,7.61091789477337
"Medium","High","High","Low","Low","Free State","Irrigated","Pioneer","John Deere",23.2161654135338,877.316541353384,296.555789473684,144.721044776119,3.38760447761194,0.00972989429379715,1.31509634811518,1.29344548222192,-1.16038181241284,-1.18148746836324,8.76875232054686
"Medium","High","High","Low","Low","Mpumalanga","Irrigated","Pioneer","John Deere",23.2161654135338,877.316541353384,296.555789473684,144.721044776119,3.38760447761194,0.00972989429379715,1.31509634811518,1.29344548222192,-1.16038181241284,-1.18148746836324,7.86007057586324
"Medium","High","High","Low","Low","North West","Irrigated","Pioneer","John Deere",23.2161654135338,877.316541353384,296.555789473684,144.721044776119,3.38760447761194,0.00972989429379715,1.31509634811518,1.29344548222192,-1.16038181241284,-1.18148746836324,8.00894782176784
"Medium","High","High","Low","Low","Free State","Rainfed","Pannar","New Holland",23.2161654135338,877.316541353384,296.555789473684,144.721044776119,3.38760447761194,0.00972989429379715,1.31509634811518,1.29344548222192,-1.16038181241284,-1.18148746836324,6.81627739846833
"Medium","High","High","Low","Low","Mpumalanga","Rainfed","Pannar","New Holland",23.2161654135338,877.316541353384,296.555789473684,144.721044776119,3.38760447761194,0.00972989429379715,1.31509634811518,1.29344548222192,-1.16038181241284,-1.18148746836324,7.41487247865626
"Medium","High","High","Low","High","Free State","Rainfed","Pannar","John Deere",23.2161654135338,877.316541353384,296.555789473684,144.721044776119,3.92764661654135,0.00972989429379715,1.31509634811518,1.29344548222192,-1.16038181241284,1.2989009578967,7.32074643218686
"Medium","High","High","Low","High","Mpumalanga","Rainfed","Pannar","John Deere",23.2161654135338,877.316541353384,296.555789473684,144.721044776119,3.92764661654135,0.00972989429379715,1.31509634811518,1.29344548222192,-1.16038181241284,1.2989009578967,8.88298610349838
"Medium","High","High","Low","High","North West","Rainfed","Pannar","John Deere",23.2161654135338,877.316541353384,296.555789473684,144.721044776119,3.92764661654135,0.00972989429379715,1.31509634811518,1.29344548222192,-1.16038181241284,1.2989009578967,7.28457702286006
"Medium","High","High","Low","High","Free State","Irrigated","Pannar","John Deere",23.2161654135338,877.316541353384,296.555789473684,144.721044776119,3.92764661654135,0.00972989429379715,1.31509634811518,1.29344548222192,-1.16038181241284,1.2989009578967,8.42969669252651
"Medium","High","High","Low","High","Mpumalanga","Irrigated","Pannar","John Deere",23.2161654135338,877.316541353384,296.555789473684,144.721044776119,3.92764661654135,0.00972989429379715,1.31509634811518,1.29344548222192,-1.16038181241284,1.2989009578967,8.44080269386011
"Medium","High","High","Low","High","North West","Irrigated","Pannar","John Deere",23.2161654135338,877.316541353384,296.555789473684,144.721044776119,3.92764661654135,0.00972989429379715,1.31509634811518,1.29344548222192,-1.16038181241284,1.2989009578967,7.6412880310399
"Medium","High","High","Low","High","Free State","Rainfed","Dekalb","John Deere",23.2161654135338,877.316541353384,296.555789473684,144.721044776119,3.92764661654135,0.00972989429379715,1.31509634811518,1.29344548222192,-1.16038181241284,1.2989009578967,7.45846181485049
"Medium","High","High","Low","High","Mpumalanga","Rainfed","Dekalb","John Deere",23.2161654135338,877.316541353384,296.555789473684,144.721044776119,3.92764661654135,0.00972989429379715,1.31509634811518,1.29344548222192,-1.16038181241284,1.2989009578967,7.4070358838742
"Medium","High","High","Low","High","North West","Rainfed","Dekalb","John Deere",23.2161654135338,877.316541353384,296.555789473684,144.721044776119,3.92764661654135,0.00972989429379715,1.31509634811518,1.29344548222192,-1.16038181241284,1.2989009578967,7.79521726616186
"Medium","High","High","Low","High","Free State","Irrigated","Dekalb","John Deere",23.2161654135338,877.316541353384,296.555789473684,144.721044776119,3.92764661654135,0.00972989429379715,1.31509634811518,1.29344548222192,-1.16038181241284,1.2989009578967,8.44480584230991
"Medium","High","High","Low","High","Mpumalanga","Irrigated","Dekalb","John Deere",23.2161654135338,877.316541353384,296.555789473684,144.721044776119,3.92764661654135,0.00972989429379715,1.31509634811518,1.29344548222192,-1.16038181241284,1.2989009578967,8.70476654015919
"Medium","High","High","Low","High","North West","Irrigated","Dekalb","John Deere",23.2161654135338,877.316541353384,296.555789473684,144.721044776119,3.92764661654135,0.00972989429379715,1.31509634811518,1.29344548222192,-1.16038181241284,1.2989009578967,8.32012329755596
"Medium","High","High","Low","High","Free State","Rainfed","Pioneer","John Deere",23.2161654135338,877.316541353384,296.555789473684,144.721044776119,3.92764661654135,0.00972989429379715,1.31509634811518,1.29344548222192,-1.16038181241284,1.2989009578967,7.22623689463509
"Medium","High","High","Low","High","Mpumalanga","Rainfed","Pioneer","John Deere",23.2161654135338,877.316541353384,296.555789473684,144.721044776119,3.92764661654135,0.00972989429379715,1.31509634811518,1.29344548222192,-1.16038181241284,1.2989009578967,8.27241668724229
"Medium","High","High","Low","High","North West","Rainfed","Pioneer","John Deere",23.2161654135338,877.316541353384,296.555789473684,144.721044776119,3.92764661654135,0.00972989429379715,1.31509634811518,1.29344548222192,-1.16038181241284,1.2989009578967,7.60618160684206
"Medium","High","High","Low","High","Free State","Irrigated","Pioneer","John Deere",23.2161654135338,877.316541353384,296.555789473684,144.721044776119,3.92764661654135,0.00972989429379715,1.31509634811518,1.29344548222192,-1.16038181241284,1.2989009578967,8.62754712219601
"Medium","High","High","Low","High","Mpumalanga","Irrigated","Pioneer","John Deere",23.2161654135338,877.316541353384,296.555789473684,144.721044776119,3.92764661654135,0.00972989429379715,1.31509634811518,1.29344548222192,-1.16038181241284,1.2989009578967,9.47662937809778
"Medium","High","High","Low","High","North West","Irrigated","Pioneer","John Deere",23.2161654135338,877.316541353384,296.555789473684,144.721044776119,3.92764661654135,0.00972989429379715,1.31509634811518,1.29344548222192,-1.16038181241284,1.2989009578967,8.71454615201387
"Medium","High","High","Low","High","Free State","Rainfed","Pannar","New Holland",23.2161654135338,877.316541353384,296.555789473684,144.721044776119,3.92764661654135,0.00972989429379715,1.31509634811518,1.29344548222192,-1.16038181241284,1.2989009578967,7.84939046223029
"Medium","High","High","Low","High","Mpumalanga","Rainfed","Pannar","New Holland",23.2161654135338,877.316541353384,296.555789473684,144.721044776119,3.92764661654135,0.00972989429379715,1.31509634811518,1.29344548222192,-1.16038181241284,1.2989009578967,8.02258210045735
"Medium","High","High","Medium","Low","Free State","Rainfed","Pannar","John Deere",23.2161654135338,877.316541353384,296.555789473684,200.322781954887,3.38760447761194,0.00972989429379715,1.31509634811518,1.29344548222192,-0.189510256158578,-1.18148746836324,6.75779981660766
"Medium","High","High","Medium","Low","Mpumalanga","Rainfed","Pannar","John Deere",23.2161654135338,877.316541353384,296.555789473684,200.322781954887,3.38760447761194,0.00972989429379715,1.31509634811518,1.29344548222192,-0.189510256158578,-1.18148746836324,7.03930042402172
"Medium","High","High","Medium","Low","North West","Rainfed","Pannar","John Deere",23.2161654135338,877.316541353384,296.555789473684,200.322781954887,3.38760447761194,0.00972989429379715,1.31509634811518,1.29344548222192,-0.189510256158578,-1.18148746836324,7.56579153056344
"Medium","High","High","Medium","Low","Free State","Irrigated","Pannar","John Deere",23.2161654135338,877.316541353384,296.555789473684,200.322781954887,3.38760447761194,0.00972989429379715,1.31509634811518,1.29344548222192,-0.189510256158578,-1.18148746836324,8.43750099705824
"Medium","High","High","Medium","Low","Mpumalanga","Irrigated","Pannar","John Deere",23.2161654135338,877.316541353384,296.555789473684,200.322781954887,3.38760447761194,0.00972989429379715,1.31509634811518,1.29344548222192,-0.189510256158578,-1.18148746836324,7.7491411197413
"Medium","High","High","Medium","Low","North West","Irrigated","Pannar","John Deere",23.2161654135338,877.316541353384,296.555789473684,200.322781954887,3.38760447761194,0.00972989429379715,1.31509634811518,1.29344548222192,-0.189510256158578,-1.18148746836324,8.32843018832739
"Medium","High","High","Medium","Low","Free State","Rainfed","Dekalb","John Deere",23.2161654135338,877.316541353384,296.555789473684,200.322781954887,3.38760447761194,0.00972989429379715,1.31509634811518,1.29344548222192,-0.189510256158578,-1.18148746836324,7.40478268447841
"Medium","High","High","Medium","Low","Mpumalanga","Rainfed","Dekalb","John Deere",23.2161654135338,877.316541353384,296.555789473684,200.322781954887,3.38760447761194,0.00972989429379715,1.31509634811518,1.29344548222192,-0.189510256158578,-1.18148746836324,8.17657227903093
"Medium","High","High","Medium","Low","North West","Rainfed","Dekalb","John Deere",23.2161654135338,877.316541353384,296.555789473684,200.322781954887,3.38760447761194,0.00972989429379715,1.31509634811518,1.29344548222192,-0.189510256158578,-1.18148746836324,8.27888825847681
"Medium","High","High","Medium","Low","Free State","Irrigated","Dekalb","John Deere",23.2161654135338,877.316541353384,296.555789473684,200.322781954887,3.38760447761194,0.00972989429379715,1.31509634811518,1.29344548222192,-0.189510256158578,-1.18148746836324,8.64691364685794
"Medium","High","High","Medium","Low","Mpumalanga","Irrigated","Dekalb","John Deere",23.2161654135338,877.316541353384,296.555789473684,200.322781954887,3.38760447761194,0.00972989429379715,1.31509634811518,1.29344548222192,-0.189510256158578,-1.18148746836324,8.90543328538934
"Medium","High","High","Medium","Low","North West","Irrigated","Dekalb","John Deere",23.2161654135338,877.316541353384,296.555789473684,200.322781954887,3.38760447761194,0.00972989429379715,1.31509634811518,1.29344548222192,-0.189510256158578,-1.18148746836324,8.05468286245741
"Medium","High","High","Medium","Low","Free State","Rainfed","Pioneer","John Deere",23.2161654135338,877.316541353384,296.555789473684,200.322781954887,3.38760447761194,0.00972989429379715,1.31509634811518,1.29344548222192,-0.189510256158578,-1.18148746836324,7.83442544772861
"Medium","High","High","Medium","Low","Mpumalanga","Rainfed","Pioneer","John Deere",23.2161654135338,877.316541353384,296.555789473684,200.322781954887,3.38760447761194,0.00972989429379715,1.31509634811518,1.29344548222192,-0.189510256158578,-1.18148746836324,7.91395939827498
"Medium","High","High","Medium","Low","North West","Rainfed","Pioneer","John Deere",23.2161654135338,877.316541353384,296.555789473684,200.322781954887,3.38760447761194,0.00972989429379715,1.31509634811518,1.29344548222192,-0.189510256158578,-1.18148746836324,7.67491427265483
"Medium","High","High","Medium","Low","Free State","Irrigated","Pioneer","John Deere",23.2161654135338,877.316541353384,296.555789473684,200.322781954887,3.38760447761194,0.00972989429379715,1.31509634811518,1.29344548222192,-0.189510256158578,-1.18148746836324,8.93398823237633
"Medium","High","High","Medium","Low","Mpumalanga","Irrigated","Pioneer","John Deere",23.2161654135338,877.316541353384,296.555789473684,200.322781954887,3.38760447761194,0.00972989429379715,1.31509634811518,1.29344548222192,-0.189510256158578,-1.18148746836324,8.45165764650738
"Medium","High","High","Medium","Low","North West","Irrigated","Pioneer","John Deere",23.2161654135338,877.316541353384,296.555789473684,200.322781954887,3.38760447761194,0.00972989429379715,1.31509634811518,1.29344548222192,-0.189510256158578,-1.18148746836324,8.26894447556142
"Medium","High","High","Medium","Low","Free State","Rainfed","Pannar","New Holland",23.2161654135338,877.316541353384,296.555789473684,200.322781954887,3.38760447761194,0.00972989429379715,1.31509634811518,1.29344548222192,-0.189510256158578,-1.18148746836324,7.31691290151553
"Medium","High","High","Medium","Low","Mpumalanga","Rainfed","Pannar","New Holland",23.2161654135338,877.316541353384,296.555789473684,200.322781954887,3.38760447761194,0.00972989429379715,1.31509634811518,1.29344548222192,-0.189510256158578,-1.18148746836324,6.98491328707622
"Medium","High","High","Medium","Medium","Free State","Rainfed","Pannar","John Deere",23.2161654135338,877.316541353384,296.555789473684,200.322781954887,3.64706015037594,0.00972989429379715,1.31509634811518,1.29344548222192,-0.189510256158578,0.0101803691264333,8.97185598006702
"Medium","High","High","Medium","Medium","Mpumalanga","Rainfed","Pannar","John Deere",23.2161654135338,877.316541353384,296.555789473684,200.322781954887,3.64706015037594,0.00972989429379715,1.31509634811518,1.29344548222192,-0.189510256158578,0.0101803691264333,6.88375702395681
"Medium","High","High","Medium","Medium","North West","Rainfed","Pannar","John Deere",23.2161654135338,877.316541353384,296.555789473684,200.322781954887,3.64706015037594,0.00972989429379715,1.31509634811518,1.29344548222192,-0.189510256158578,0.0101803691264333,7.29199189654166
"Medium","High","High","Medium","Medium","Free State","Irrigated","Pannar","John Deere",23.2161654135338,877.316541353384,296.555789473684,200.322781954887,3.64706015037594,0.00972989429379715,1.31509634811518,1.29344548222192,-0.189510256158578,0.0101803691264333,7.45133223177244
"Medium","High","High","Medium","Medium","Mpumalanga","Irrigated","Pannar","John Deere",23.2161654135338,877.316541353384,296.555789473684,200.322781954887,3.64706015037594,0.00972989429379715,1.31509634811518,1.29344548222192,-0.189510256158578,0.0101803691264333,8.23983556232711
"Medium","High","High","Medium","Medium","North West","Irrigated","Pannar","John Deere",23.2161654135338,877.316541353384,296.555789473684,200.322781954887,3.64706015037594,0.00972989429379715,1.31509634811518,1.29344548222192,-0.189510256158578,0.0101803691264333,7.47890723326039
"Medium","High","High","Medium","Medium","Free State","Rainfed","Dekalb","John Deere",23.2161654135338,877.316541353384,296.555789473684,200.322781954887,3.64706015037594,0.00972989429379715,1.31509634811518,1.29344548222192,-0.189510256158578,0.0101803691264333,7.91947147809203
"Medium","High","High","Medium","Medium","Mpumalanga","Rainfed","Dekalb","John Deere",23.2161654135338,877.316541353384,296.555789473684,200.322781954887,3.64706015037594,0.00972989429379715,1.31509634811518,1.29344548222192,-0.189510256158578,0.0101803691264333,7.46031405217326
"Medium","High","High","Medium","Medium","North West","Rainfed","Dekalb","John Deere",23.2161654135338,877.316541353384,296.555789473684,200.322781954887,3.64706015037594,0.00972989429379715,1.31509634811518,1.29344548222192,-0.189510256158578,0.0101803691264333,8.13718510421073
"Medium","High","High","Medium","Medium","Free State","Irrigated","Dekalb","John Deere",23.2161654135338,877.316541353384,296.555789473684,200.322781954887,3.64706015037594,0.00972989429379715,1.31509634811518,1.29344548222192,-0.189510256158578,0.0101803691264333,8.85679274127979
"Medium","High","High","Medium","Medium","Mpumalanga","Irrigated","Dekalb","John Deere",23.2161654135338,877.316541353384,296.555789473684,200.322781954887,3.64706015037594,0.00972989429379715,1.31509634811518,1.29344548222192,-0.189510256158578,0.0101803691264333,9.11978281008326
"Medium","High","High","Medium","Medium","North West","Irrigated","Dekalb","John Deere",23.2161654135338,877.316541353384,296.555789473684,200.322781954887,3.64706015037594,0.00972989429379715,1.31509634811518,1.29344548222192,-0.189510256158578,0.0101803691264333,8.52763101642094
"Medium","High","High","Medium","Medium","Free State","Rainfed","Pioneer","John Deere",23.2161654135338,877.316541353384,296.555789473684,200.322781954887,3.64706015037594,0.00972989429379715,1.31509634811518,1.29344548222192,-0.189510256158578,0.0101803691264333,7.3593156287798
"Medium","High","High","Medium","Medium","Mpumalanga","Rainfed","Pioneer","John Deere",23.2161654135338,877.316541353384,296.555789473684,200.322781954887,3.64706015037594,0.00972989429379715,1.31509634811518,1.29344548222192,-0.189510256158578,0.0101803691264333,7.72644189662565
"Medium","High","High","Medium","Medium","North West","Rainfed","Pioneer","John Deere",23.2161654135338,877.316541353384,296.555789473684,200.322781954887,3.64706015037594,0.00972989429379715,1.31509634811518,1.29344548222192,-0.189510256158578,0.0101803691264333,7.57294710184079
"Medium","High","High","Medium","Medium","Free State","Irrigated","Pioneer","John Deere",23.2161654135338,877.316541353384,296.555789473684,200.322781954887,3.64706015037594,0.00972989429379715,1.31509634811518,1.29344548222192,-0.189510256158578,0.0101803691264333,8.7759029435216
"Medium","High","High","Medium","Medium","Mpumalanga","Irrigated","Pioneer","John Deere",23.2161654135338,877.316541353384,296.555789473684,200.322781954887,3.64706015037594,0.00972989429379715,1.31509634811518,1.29344548222192,-0.189510256158578,0.0101803691264333,9.2502771218676
"Medium","High","High","Medium","Medium","North West","Irrigated","Pioneer","John Deere",23.2161654135338,877.316541353384,296.555789473684,200.322781954887,3.64706015037594,0.00972989429379715,1.31509634811518,1.29344548222192,-0.189510256158578,0.0101803691264333,8.72172118603067
"Medium","High","High","Medium","Medium","Free State","Rainfed","Pannar","New Holland",23.2161654135338,877.316541353384,296.555789473684,200.322781954887,3.64706015037594,0.00972989429379715,1.31509634811518,1.29344548222192,-0.189510256158578,0.0101803691264333,7.27559052764654
"Medium","High","High","Medium","Medium","Mpumalanga","Rainfed","Pannar","New Holland",23.2161654135338,877.316541353384,296.555789473684,200.322781954887,3.64706015037594,0.00972989429379715,1.31509634811518,1.29344548222192,-0.189510256158578,0.0101803691264333,7.65224829731418
"Medium","High","High","Medium","High","Free State","Rainfed","Pannar","John Deere",23.2161654135338,877.316541353384,296.555789473684,200.322781954887,3.92764661654135,0.00972989429379715,1.31509634811518,1.29344548222192,-0.189510256158578,1.2989009578967,7.74529763027648
"Medium","High","High","Medium","High","Mpumalanga","Rainfed","Pannar","John Deere",23.2161654135338,877.316541353384,296.555789473684,200.322781954887,3.92764661654135,0.00972989429379715,1.31509634811518,1.29344548222192,-0.189510256158578,1.2989009578967,7.78812740164833
"Medium","High","High","Medium","High","North West","Rainfed","Pannar","John Deere",23.2161654135338,877.316541353384,296.555789473684,200.322781954887,3.92764661654135,0.00972989429379715,1.31509634811518,1.29344548222192,-0.189510256158578,1.2989009578967,8.29077254557882
"Medium","High","High","Medium","High","Free State","Irrigated","Pannar","John Deere",23.2161654135338,877.316541353384,296.555789473684,200.322781954887,3.92764661654135,0.00972989429379715,1.31509634811518,1.29344548222192,-0.189510256158578,1.2989009578967,9.15024599563302
"Medium","High","High","Medium","High","Mpumalanga","Irrigated","Pannar","John Deere",23.2161654135338,877.316541353384,296.555789473684,200.322781954887,3.92764661654135,0.00972989429379715,1.31509634811518,1.29344548222192,-0.189510256158578,1.2989009578967,8.14395886101571
"Medium","High","High","Medium","High","North West","Irrigated","Pannar","John Deere",23.2161654135338,877.316541353384,296.555789473684,200.322781954887,3.92764661654135,0.00972989429379715,1.31509634811518,1.29344548222192,-0.189510256158578,1.2989009578967,7.98466597939468
"Medium","High","High","Medium","High","Free State","Rainfed","Dekalb","John Deere",23.2161654135338,877.316541353384,296.555789473684,200.322781954887,3.92764661654135,0.00972989429379715,1.31509634811518,1.29344548222192,-0.189510256158578,1.2989009578967,8.47255442186562
"Medium","High","High","Medium","High","Mpumalanga","Rainfed","Dekalb","John Deere",23.2161654135338,877.316541353384,296.555789473684,200.322781954887,3.92764661654135,0.00972989429379715,1.31509634811518,1.29344548222192,-0.189510256158578,1.2989009578967,8.04804655155909
"Medium","High","High","Medium","High","North West","Rainfed","Dekalb","John Deere",23.2161654135338,877.316541353384,296.555789473684,200.322781954887,3.92764661654135,0.00972989429379715,1.31509634811518,1.29344548222192,-0.189510256158578,1.2989009578967,7.5463425200435
"Medium","High","High","Medium","High","Free State","Irrigated","Dekalb","John Deere",23.2161654135338,877.316541353384,296.555789473684,200.322781954887,3.92764661654135,0.00972989429379715,1.31509634811518,1.29344548222192,-0.189510256158578,1.2989009578967,7.92053962422542
"Medium","High","High","Medium","High","Mpumalanga","Irrigated","Dekalb","John Deere",23.2161654135338,877.316541353384,296.555789473684,200.322781954887,3.92764661654135,0.00972989429379715,1.31509634811518,1.29344548222192,-0.189510256158578,1.2989009578967,7.99445175830002
"Medium","High","High","Medium","High","North West","Irrigated","Dekalb","John Deere",23.2161654135338,877.316541353384,296.555789473684,200.322781954887,3.92764661654135,0.00972989429379715,1.31509634811518,1.29344548222192,-0.189510256158578,1.2989009578967,9.11268800396435
"Medium","High","High","Medium","High","Free State","Rainfed","Pioneer","John Deere",23.2161654135338,877.316541353384,296.555789473684,200.322781954887,3.92764661654135,0.00972989429379715,1.31509634811518,1.29344548222192,-0.189510256158578,1.2989009578967,8.25106828589091
"Medium","High","High","Medium","High","Mpumalanga","Rainfed","Pioneer","John Deere",23.2161654135338,877.316541353384,296.555789473684,200.322781954887,3.92764661654135,0.00972989429379715,1.31509634811518,1.29344548222192,-0.189510256158578,1.2989009578967,8.0448411571413
"Medium","High","High","Medium","High","North West","Rainfed","Pioneer","John Deere",23.2161654135338,877.316541353384,296.555789473684,200.322781954887,3.92764661654135,0.00972989429379715,1.31509634811518,1.29344548222192,-0.189510256158578,1.2989009578967,8.62060893549484
"Medium","High","High","Medium","High","Free State","Irrigated","Pioneer","John Deere",23.2161654135338,877.316541353384,296.555789473684,200.322781954887,3.92764661654135,0.00972989429379715,1.31509634811518,1.29344548222192,-0.189510256158578,1.2989009578967,8.73336410485825
"Medium","High","High","Medium","High","Mpumalanga","Irrigated","Pioneer","John Deere",23.2161654135338,877.316541353384,296.555789473684,200.322781954887,3.92764661654135,0.00972989429379715,1.31509634811518,1.29344548222192,-0.189510256158578,1.2989009578967,9.338639482799
"Medium","High","High","Medium","High","North West","Irrigated","Pioneer","John Deere",23.2161654135338,877.316541353384,296.555789473684,200.322781954887,3.92764661654135,0.00972989429379715,1.31509634811518,1.29344548222192,-0.189510256158578,1.2989009578967,8.57828667533411
"Medium","High","High","Medium","High","Free State","Rainfed","Pannar","New Holland",23.2161654135338,877.316541353384,296.555789473684,200.322781954887,3.92764661654135,0.00972989429379715,1.31509634811518,1.29344548222192,-0.189510256158578,1.2989009578967,7.57125118444464
"Medium","High","High","Medium","High","Mpumalanga","Rainfed","Pannar","New Holland",23.2161654135338,877.316541353384,296.555789473684,200.322781954887,3.92764661654135,0.00972989429379715,1.31509634811518,1.29344548222192,-0.189510256158578,1.2989009578967,8.49827358664375
"Medium","High","High","High","Medium","Free State","Rainfed","Pannar","John Deere",23.2161654135338,877.316541353384,296.555789473684,285.840977443609,3.64706015037594,0.00972989429379715,1.31509634811518,1.29344548222192,1.30373775649338,0.0101803691264333,7.23986001089144
"Medium","High","High","High","Medium","Mpumalanga","Rainfed","Pannar","John Deere",23.2161654135338,877.316541353384,296.555789473684,285.840977443609,3.64706015037594,0.00972989429379715,1.31509634811518,1.29344548222192,1.30373775649338,0.0101803691264333,8.1979168605547
"Medium","High","High","High","Medium","North West","Rainfed","Pannar","John Deere",23.2161654135338,877.316541353384,296.555789473684,285.840977443609,3.64706015037594,0.00972989429379715,1.31509634811518,1.29344548222192,1.30373775649338,0.0101803691264333,7.99709577183648
"Medium","High","High","High","Medium","Free State","Irrigated","Pannar","John Deere",23.2161654135338,877.316541353384,296.555789473684,285.840977443609,3.64706015037594,0.00972989429379715,1.31509634811518,1.29344548222192,1.30373775649338,0.0101803691264333,8.52311989783515
"Medium","High","High","High","Medium","Mpumalanga","Irrigated","Pannar","John Deere",23.2161654135338,877.316541353384,296.555789473684,285.840977443609,3.64706015037594,0.00972989429379715,1.31509634811518,1.29344548222192,1.30373775649338,0.0101803691264333,8.80558975631376
"Medium","High","High","High","Medium","North West","Irrigated","Pannar","John Deere",23.2161654135338,877.316541353384,296.555789473684,285.840977443609,3.64706015037594,0.00972989429379715,1.31509634811518,1.29344548222192,1.30373775649338,0.0101803691264333,8.80434536323315
"Medium","High","High","High","Medium","Free State","Rainfed","Dekalb","John Deere",23.2161654135338,877.316541353384,296.555789473684,285.840977443609,3.64706015037594,0.00972989429379715,1.31509634811518,1.29344548222192,1.30373775649338,0.0101803691264333,8.36227909397866
"Medium","High","High","High","Medium","Mpumalanga","Rainfed","Dekalb","John Deere",23.2161654135338,877.316541353384,296.555789473684,285.840977443609,3.64706015037594,0.00972989429379715,1.31509634811518,1.29344548222192,1.30373775649338,0.0101803691264333,8.96106354337982
"Medium","High","High","High","Medium","North West","Rainfed","Dekalb","John Deere",23.2161654135338,877.316541353384,296.555789473684,285.840977443609,3.64706015037594,0.00972989429379715,1.31509634811518,1.29344548222192,1.30373775649338,0.0101803691264333,8.06930388058465
"Medium","High","High","High","Medium","Free State","Irrigated","Dekalb","John Deere",23.2161654135338,877.316541353384,296.555789473684,285.840977443609,3.64706015037594,0.00972989429379715,1.31509634811518,1.29344548222192,1.30373775649338,0.0101803691264333,8.86136723386629
"Medium","High","High","High","Medium","Mpumalanga","Irrigated","Dekalb","John Deere",23.2161654135338,877.316541353384,296.555789473684,285.840977443609,3.64706015037594,0.00972989429379715,1.31509634811518,1.29344548222192,1.30373775649338,0.0101803691264333,8.49599835149605
"Medium","High","High","High","Medium","North West","Irrigated","Dekalb","John Deere",23.2161654135338,877.316541353384,296.555789473684,285.840977443609,3.64706015037594,0.00972989429379715,1.31509634811518,1.29344548222192,1.30373775649338,0.0101803691264333,7.9851175901465
"Medium","High","High","High","Medium","Free State","Rainfed","Pioneer","John Deere",23.2161654135338,877.316541353384,296.555789473684,285.840977443609,3.64706015037594,0.00972989429379715,1.31509634811518,1.29344548222192,1.30373775649338,0.0101803691264333,8.29465121500992
"Medium","High","High","High","Medium","Mpumalanga","Rainfed","Pioneer","John Deere",23.2161654135338,877.316541353384,296.555789473684,285.840977443609,3.64706015037594,0.00972989429379715,1.31509634811518,1.29344548222192,1.30373775649338,0.0101803691264333,8.62744793228246
"Medium","High","High","High","Medium","North West","Rainfed","Pioneer","John Deere",23.2161654135338,877.316541353384,296.555789473684,285.840977443609,3.64706015037594,0.00972989429379715,1.31509634811518,1.29344548222192,1.30373775649338,0.0101803691264333,8.2931058823624
"Medium","High","High","High","Medium","Free State","Irrigated","Pioneer","John Deere",23.2161654135338,877.316541353384,296.555789473684,285.840977443609,3.64706015037594,0.00972989429379715,1.31509634811518,1.29344548222192,1.30373775649338,0.0101803691264333,8.32699001609661
"Medium","High","High","High","Medium","Mpumalanga","Irrigated","Pioneer","John Deere",23.2161654135338,877.316541353384,296.555789473684,285.840977443609,3.64706015037594,0.00972989429379715,1.31509634811518,1.29344548222192,1.30373775649338,0.0101803691264333,8.74230598465166
"Medium","High","High","High","Medium","North West","Irrigated","Pioneer","John Deere",23.2161654135338,877.316541353384,296.555789473684,285.840977443609,3.64706015037594,0.00972989429379715,1.31509634811518,1.29344548222192,1.30373775649338,0.0101803691264333,8.99433724791078
"Medium","High","High","High","Medium","Free State","Rainfed","Pannar","New Holland",23.2161654135338,877.316541353384,296.555789473684,285.840977443609,3.64706015037594,0.00972989429379715,1.31509634811518,1.29344548222192,1.30373775649338,0.0101803691264333,8.28797786468175
"Medium","High","High","High","Medium","Mpumalanga","Rainfed","Pannar","New Holland",23.2161654135338,877.316541353384,296.555789473684,285.840977443609,3.64706015037594,0.00972989429379715,1.31509634811518,1.29344548222192,1.30373775649338,0.0101803691264333,7.21351877843486
"Medium","High","High","High","High","Free State","Rainfed","Pannar","John Deere",23.2161654135338,877.316541353384,296.555789473684,285.840977443609,3.92764661654135,0.00972989429379715,1.31509634811518,1.29344548222192,1.30373775649338,1.2989009578967,8.96062938719551
"Medium","High","High","High","High","Mpumalanga","Rainfed","Pannar","John Deere",23.2161654135338,877.316541353384,296.555789473684,285.840977443609,3.92764661654135,0.00972989429379715,1.31509634811518,1.29344548222192,1.30373775649338,1.2989009578967,7.50554115152504
"Medium","High","High","High","High","North West","Rainfed","Pannar","John Deere",23.2161654135338,877.316541353384,296.555789473684,285.840977443609,3.92764661654135,0.00972989429379715,1.31509634811518,1.29344548222192,1.30373775649338,1.2989009578967,7.84416516972618
"Medium","High","High","High","High","Free State","Irrigated","Pannar","John Deere",23.2161654135338,877.316541353384,296.555789473684,285.840977443609,3.92764661654135,0.00972989429379715,1.31509634811518,1.29344548222192,1.30373775649338,1.2989009578967,8.47601939992691
"Medium","High","High","High","High","Mpumalanga","Irrigated","Pannar","John Deere",23.2161654135338,877.316541353384,296.555789473684,285.840977443609,3.92764661654135,0.00972989429379715,1.31509634811518,1.29344548222192,1.30373775649338,1.2989009578967,8.81367091281289
"Medium","High","High","High","High","North West","Irrigated","Pannar","John Deere",23.2161654135338,877.316541353384,296.555789473684,285.840977443609,3.92764661654135,0.00972989429379715,1.31509634811518,1.29344548222192,1.30373775649338,1.2989009578967,8.61831968206612
"Medium","High","High","High","High","Free State","Rainfed","Dekalb","John Deere",23.2161654135338,877.316541353384,296.555789473684,285.840977443609,3.92764661654135,0.00972989429379715,1.31509634811518,1.29344548222192,1.30373775649338,1.2989009578967,7.20504023021962
"Medium","High","High","High","High","Mpumalanga","Rainfed","Dekalb","John Deere",23.2161654135338,877.316541353384,296.555789473684,285.840977443609,3.92764661654135,0.00972989429379715,1.31509634811518,1.29344548222192,1.30373775649338,1.2989009578967,8.73894118253096
"Medium","High","High","High","High","North West","Rainfed","Dekalb","John Deere",23.2161654135338,877.316541353384,296.555789473684,285.840977443609,3.92764661654135,0.00972989429379715,1.31509634811518,1.29344548222192,1.30373775649338,1.2989009578967,8.3711286373433
"Medium","High","High","High","High","Free State","Irrigated","Dekalb","John Deere",23.2161654135338,877.316541353384,296.555789473684,285.840977443609,3.92764661654135,0.00972989429379715,1.31509634811518,1.29344548222192,1.30373775649338,1.2989009578967,8.70660173043537
"Medium","High","High","High","High","Mpumalanga","Irrigated","Dekalb","John Deere",23.2161654135338,877.316541353384,296.555789473684,285.840977443609,3.92764661654135,0.00972989429379715,1.31509634811518,1.29344548222192,1.30373775649338,1.2989009578967,8.98720488355469
"Medium","High","High","High","High","North West","Irrigated","Dekalb","John Deere",23.2161654135338,877.316541353384,296.555789473684,285.840977443609,3.92764661654135,0.00972989429379715,1.31509634811518,1.29344548222192,1.30373775649338,1.2989009578967,9.74857672382636
"Medium","High","High","High","High","Free State","Rainfed","Pioneer","John Deere",23.2161654135338,877.316541353384,296.555789473684,285.840977443609,3.92764661654135,0.00972989429379715,1.31509634811518,1.29344548222192,1.30373775649338,1.2989009578967,8.80829935898721
"Medium","High","High","High","High","Mpumalanga","Rainfed","Pioneer","John Deere",23.2161654135338,877.316541353384,296.555789473684,285.840977443609,3.92764661654135,0.00972989429379715,1.31509634811518,1.29344548222192,1.30373775649338,1.2989009578967,8.28397715954319
"Medium","High","High","High","High","North West","Rainfed","Pioneer","John Deere",23.2161654135338,877.316541353384,296.555789473684,285.840977443609,3.92764661654135,0.00972989429379715,1.31509634811518,1.29344548222192,1.30373775649338,1.2989009578967,8.32785119268444
"Medium","High","High","High","High","Free State","Irrigated","Pioneer","John Deere",23.2161654135338,877.316541353384,296.555789473684,285.840977443609,3.92764661654135,0.00972989429379715,1.31509634811518,1.29344548222192,1.30373775649338,1.2989009578967,9.0601730339929
"Medium","High","High","High","High","Mpumalanga","Irrigated","Pioneer","John Deere",23.2161654135338,877.316541353384,296.555789473684,285.840977443609,3.92764661654135,0.00972989429379715,1.31509634811518,1.29344548222192,1.30373775649338,1.2989009578967,8.45295479948761
"Medium","High","High","High","High","North West","Irrigated","Pioneer","John Deere",23.2161654135338,877.316541353384,296.555789473684,285.840977443609,3.92764661654135,0.00972989429379715,1.31509634811518,1.29344548222192,1.30373775649338,1.2989009578967,9.12160475933895
"Medium","High","High","High","High","Free State","Rainfed","Pannar","New Holland",23.2161654135338,877.316541353384,296.555789473684,285.840977443609,3.92764661654135,0.00972989429379715,1.31509634811518,1.29344548222192,1.30373775649338,1.2989009578967,7.66588806703233
"Medium","High","High","High","High","Mpumalanga","Rainfed","Pannar","New Holland",23.2161654135338,877.316541353384,296.555789473684,285.840977443609,3.92764661654135,0.00972989429379715,1.31509634811518,1.29344548222192,1.30373775649338,1.2989009578967,7.80445068815714
"High","Low","Low","Low","Low","Free State","Rainfed","Pannar","John Deere",26.8465413533835,408,135.153059701493,144.721044776119,3.38760447761194,1.29218072841593,-1.18155572794745,-1.11851500073808,-1.16038181241284,-1.18148746836324,4.3833684238461
"High","Low","Low","Low","Low","Mpumalanga","Rainfed","Pannar","John Deere",26.8465413533835,408,135.153059701493,144.721044776119,3.38760447761194,1.29218072841593,-1.18155572794745,-1.11851500073808,-1.16038181241284,-1.18148746836324,4.18365299440678
"High","Low","Low","Low","Low","North West","Rainfed","Pannar","John Deere",26.8465413533835,408,135.153059701493,144.721044776119,3.38760447761194,1.29218072841593,-1.18155572794745,-1.11851500073808,-1.16038181241284,-1.18148746836324,3.90304188642999
"High","Low","Low","Low","Low","Free State","Irrigated","Pannar","John Deere",26.8465413533835,408,135.153059701493,144.721044776119,3.38760447761194,1.29218072841593,-1.18155572794745,-1.11851500073808,-1.16038181241284,-1.18148746836324,4.87763952057478
"High","Low","Low","Low","Low","Mpumalanga","Irrigated","Pannar","John Deere",26.8465413533835,408,135.153059701493,144.721044776119,3.38760447761194,1.29218072841593,-1.18155572794745,-1.11851500073808,-1.16038181241284,-1.18148746836324,4.77759555831457
"High","Low","Low","Low","Low","North West","Irrigated","Pannar","John Deere",26.8465413533835,408,135.153059701493,144.721044776119,3.38760447761194,1.29218072841593,-1.18155572794745,-1.11851500073808,-1.16038181241284,-1.18148746836324,4.72224168782257
"High","Low","Low","Low","Low","Free State","Rainfed","Dekalb","John Deere",26.8465413533835,408,135.153059701493,144.721044776119,3.38760447761194,1.29218072841593,-1.18155572794745,-1.11851500073808,-1.16038181241284,-1.18148746836324,4.73853739385424
"High","Low","Low","Low","Low","Mpumalanga","Rainfed","Dekalb","John Deere",26.8465413533835,408,135.153059701493,144.721044776119,3.38760447761194,1.29218072841593,-1.18155572794745,-1.11851500073808,-1.16038181241284,-1.18148746836324,3.92995909716712
"High","Low","Low","Low","Low","North West","Rainfed","Dekalb","John Deere",26.8465413533835,408,135.153059701493,144.721044776119,3.38760447761194,1.29218072841593,-1.18155572794745,-1.11851500073808,-1.16038181241284,-1.18148746836324,3.42294247253446
"High","Low","Low","Low","Low","Free State","Irrigated","Dekalb","John Deere",26.8465413533835,408,135.153059701493,144.721044776119,3.38760447761194,1.29218072841593,-1.18155572794745,-1.11851500073808,-1.16038181241284,-1.18148746836324,4.85509975119071
"High","Low","Low","Low","Low","Mpumalanga","Irrigated","Dekalb","John Deere",26.8465413533835,408,135.153059701493,144.721044776119,3.38760447761194,1.29218072841593,-1.18155572794745,-1.11851500073808,-1.16038181241284,-1.18148746836324,5.30902549861307
"High","Low","Low","Low","Low","North West","Irrigated","Dekalb","John Deere",26.8465413533835,408,135.153059701493,144.721044776119,3.38760447761194,1.29218072841593,-1.18155572794745,-1.11851500073808,-1.16038181241284,-1.18148746836324,4.81507428995835
"High","Low","Low","Low","Low","Free State","Rainfed","Pioneer","John Deere",26.8465413533835,408,135.153059701493,144.721044776119,3.38760447761194,1.29218072841593,-1.18155572794745,-1.11851500073808,-1.16038181241284,-1.18148746836324,3.50408889811038
"High","Low","Low","Low","Low","Mpumalanga","Rainfed","Pioneer","John Deere",26.8465413533835,408,135.153059701493,144.721044776119,3.38760447761194,1.29218072841593,-1.18155572794745,-1.11851500073808,-1.16038181241284,-1.18148746836324,4.11732218549324
"High","Low","Low","Low","Low","North West","Rainfed","Pioneer","John Deere",26.8465413533835,408,135.153059701493,144.721044776119,3.38760447761194,1.29218072841593,-1.18155572794745,-1.11851500073808,-1.16038181241284,-1.18148746836324,2.99406035834252
"High","Low","Low","Low","Low","Free State","Irrigated","Pioneer","John Deere",26.8465413533835,408,135.153059701493,144.721044776119,3.38760447761194,1.29218072841593,-1.18155572794745,-1.11851500073808,-1.16038181241284,-1.18148746836324,4.68844584686687
"High","Low","Low","Low","Low","Mpumalanga","Irrigated","Pioneer","John Deere",26.8465413533835,408,135.153059701493,144.721044776119,3.38760447761194,1.29218072841593,-1.18155572794745,-1.11851500073808,-1.16038181241284,-1.18148746836324,4.52922709542036
"High","Low","Low","Low","Low","North West","Irrigated","Pioneer","John Deere",26.8465413533835,408,135.153059701493,144.721044776119,3.38760447761194,1.29218072841593,-1.18155572794745,-1.11851500073808,-1.16038181241284,-1.18148746836324,4.06314042155694
"High","Low","Low","Low","Low","Free State","Rainfed","Pannar","New Holland",26.8465413533835,408,135.153059701493,144.721044776119,3.38760447761194,1.29218072841593,-1.18155572794745,-1.11851500073808,-1.16038181241284,-1.18148746836324,4.08937290402569
"High","Low","Low","Low","Low","Mpumalanga","Rainfed","Pannar","New Holland",26.8465413533835,408,135.153059701493,144.721044776119,3.38760447761194,1.29218072841593,-1.18155572794745,-1.11851500073808,-1.16038181241284,-1.18148746836324,3.76213166175737
"High","Low","Low","Low","Medium","Free State","Rainfed","Pannar","John Deere",26.8465413533835,408,135.153059701493,144.721044776119,3.64706015037594,1.29218072841593,-1.18155572794745,-1.11851500073808,-1.16038181241284,0.0101803691264333,4.88999554772656
"High","Low","Low","Low","Medium","Mpumalanga","Rainfed","Pannar","John Deere",26.8465413533835,408,135.153059701493,144.721044776119,3.64706015037594,1.29218072841593,-1.18155572794745,-1.11851500073808,-1.16038181241284,0.0101803691264333,4.60705473440859
"High","Low","Low","Low","Medium","North West","Rainfed","Pannar","John Deere",26.8465413533835,408,135.153059701493,144.721044776119,3.64706015037594,1.29218072841593,-1.18155572794745,-1.11851500073808,-1.16038181241284,0.0101803691264333,4.43769195601666
"High","Low","Low","Low","Medium","Free State","Irrigated","Pannar","John Deere",26.8465413533835,408,135.153059701493,144.721044776119,3.64706015037594,1.29218072841593,-1.18155572794745,-1.11851500073808,-1.16038181241284,0.0101803691264333,5.96320691747411
"High","Low","Low","Low","Medium","Mpumalanga","Irrigated","Pannar","John Deere",26.8465413533835,408,135.153059701493,144.721044776119,3.64706015037594,1.29218072841593,-1.18155572794745,-1.11851500073808,-1.16038181241284,0.0101803691264333,5.0412419295673
"High","Low","Low","Low","Medium","North West","Irrigated","Pannar","John Deere",26.8465413533835,408,135.153059701493,144.721044776119,3.64706015037594,1.29218072841593,-1.18155572794745,-1.11851500073808,-1.16038181241284,0.0101803691264333,4.53374111432
"High","Low","Low","Low","Medium","Free State","Rainfed","Dekalb","John Deere",26.8465413533835,408,135.153059701493,144.721044776119,3.64706015037594,1.29218072841593,-1.18155572794745,-1.11851500073808,-1.16038181241284,0.0101803691264333,4.31215729234541
"High","Low","Low","Low","Medium","Mpumalanga","Rainfed","Dekalb","John Deere",26.8465413533835,408,135.153059701493,144.721044776119,3.64706015037594,1.29218072841593,-1.18155572794745,-1.11851500073808,-1.16038181241284,0.0101803691264333,4.54086411761213
"High","Low","Low","Low","Medium","North West","Rainfed","Dekalb","John Deere",26.8465413533835,408,135.153059701493,144.721044776119,3.64706015037594,1.29218072841593,-1.18155572794745,-1.11851500073808,-1.16038181241284,0.0101803691264333,4.27873597347951
"High","Low","Low","Low","Medium","Free State","Irrigated","Dekalb","John Deere",26.8465413533835,408,135.153059701493,144.721044776119,3.64706015037594,1.29218072841593,-1.18155572794745,-1.11851500073808,-1.16038181241284,0.0101803691264333,4.18954721593355
"High","Low","Low","Low","Medium","Mpumalanga","Irrigated","Dekalb","John Deere",26.8465413533835,408,135.153059701493,144.721044776119,3.64706015037594,1.29218072841593,-1.18155572794745,-1.11851500073808,-1.16038181241284,0.0101803691264333,5.12361745210296
"High","Low","Low","Low","Medium","North West","Irrigated","Dekalb","John Deere",26.8465413533835,408,135.153059701493,144.721044776119,3.64706015037594,1.29218072841593,-1.18155572794745,-1.11851500073808,-1.16038181241284,0.0101803691264333,4.89193784341217
"High","Low","Low","Low","Medium","Free State","Rainfed","Pioneer","John Deere",26.8465413533835,408,135.153059701493,144.721044776119,3.64706015037594,1.29218072841593,-1.18155572794745,-1.11851500073808,-1.16038181241284,0.0101803691264333,3.96179799180395
"High","Low","Low","Low","Medium","Mpumalanga","Rainfed","Pioneer","John Deere",26.8465413533835,408,135.153059701493,144.721044776119,3.64706015037594,1.29218072841593,-1.18155572794745,-1.11851500073808,-1.16038181241284,0.0101803691264333,3.73950789564703
"High","Low","Low","Low","Medium","North West","Rainfed","Pioneer","John Deere",26.8465413533835,408,135.153059701493,144.721044776119,3.64706015037594,1.29218072841593,-1.18155572794745,-1.11851500073808,-1.16038181241284,0.0101803691264333,3.06461665351504
"High","Low","Low","Low","Medium","Free State","Irrigated","Pioneer","John Deere",26.8465413533835,408,135.153059701493,144.721044776119,3.64706015037594,1.29218072841593,-1.18155572794745,-1.11851500073808,-1.16038181241284,0.0101803691264333,4.16672763203848
"High","Low","Low","Low","Medium","Mpumalanga","Irrigated","Pioneer","John Deere",26.8465413533835,408,135.153059701493,144.721044776119,3.64706015037594,1.29218072841593,-1.18155572794745,-1.11851500073808,-1.16038181241284,0.0101803691264333,4.07355259049765
"High","Low","Low","Low","Medium","North West","Irrigated","Pioneer","John Deere",26.8465413533835,408,135.153059701493,144.721044776119,3.64706015037594,1.29218072841593,-1.18155572794745,-1.11851500073808,-1.16038181241284,0.0101803691264333,5.03704702451851
"High","Low","Low","Low","Medium","Free State","Rainfed","Pannar","New Holland",26.8465413533835,408,135.153059701493,144.721044776119,3.64706015037594,1.29218072841593,-1.18155572794745,-1.11851500073808,-1.16038181241284,0.0101803691264333,4.39301435005882
"High","Low","Low","Low","Medium","Mpumalanga","Rainfed","Pannar","New Holland",26.8465413533835,408,135.153059701493,144.721044776119,3.64706015037594,1.29218072841593,-1.18155572794745,-1.11851500073808,-1.16038181241284,0.0101803691264333,5.11195173715215
"High","Low","Low","Medium","Low","Free State","Rainfed","Pannar","John Deere",26.8465413533835,408,135.153059701493,200.322781954887,3.38760447761194,1.29218072841593,-1.18155572794745,-1.11851500073808,-0.189510256158578,-1.18148746836324,4.4493206868302
"High","Low","Low","Medium","Low","Mpumalanga","Rainfed","Pannar","John Deere",26.8465413533835,408,135.153059701493,200.322781954887,3.38760447761194,1.29218072841593,-1.18155572794745,-1.11851500073808,-0.189510256158578,-1.18148746836324,4.0855124106908
"High","Low","Low","Medium","Low","North West","Rainfed","Pannar","John Deere",26.8465413533835,408,135.153059701493,200.322781954887,3.38760447761194,1.29218072841593,-1.18155572794745,-1.11851500073808,-0.189510256158578,-1.18148746836324,4.54585973793127
"High","Low","Low","Medium","Low","Free State","Irrigated","Pannar","John Deere",26.8465413533835,408,135.153059701493,200.322781954887,3.38760447761194,1.29218072841593,-1.18155572794745,-1.11851500073808,-0.189510256158578,-1.18148746836324,5.0842048750013
"High","Low","Low","Medium","Low","Mpumalanga","Irrigated","Pannar","John Deere",26.8465413533835,408,135.153059701493,200.322781954887,3.38760447761194,1.29218072841593,-1.18155572794745,-1.11851500073808,-0.189510256158578,-1.18148746836324,4.6092090441279
"High","Low","Low","Medium","Low","North West","Irrigated","Pannar","John Deere",26.8465413533835,408,135.153059701493,200.322781954887,3.38760447761194,1.29218072841593,-1.18155572794745,-1.11851500073808,-0.189510256158578,-1.18148746836324,4.72438897903942
"High","Low","Low","Medium","Low","Free State","Rainfed","Dekalb","John Deere",26.8465413533835,408,135.153059701493,200.322781954887,3.38760447761194,1.29218072841593,-1.18155572794745,-1.11851500073808,-0.189510256158578,-1.18148746836324,4.00673713448341
"High","Low","Low","Medium","Low","Mpumalanga","Rainfed","Dekalb","John Deere",26.8465413533835,408,135.153059701493,200.322781954887,3.38760447761194,1.29218072841593,-1.18155572794745,-1.11851500073808,-0.189510256158578,-1.18148746836324,4.05683392082755
"High","Low","Low","Medium","Low","North West","Rainfed","Dekalb","John Deere",26.8465413533835,408,135.153059701493,200.322781954887,3.38760447761194,1.29218072841593,-1.18155572794745,-1.11851500073808,-0.189510256158578,-1.18148746836324,3.65527467593984
"High","Low","Low","Medium","Low","Free State","Irrigated","Dekalb","John Deere",26.8465413533835,408,135.153059701493,200.322781954887,3.38760447761194,1.29218072841593,-1.18155572794745,-1.11851500073808,-0.189510256158578,-1.18148746836324,4.50226998103613
"High","Low","Low","Medium","Low","Mpumalanga","Irrigated","Dekalb","John Deere",26.8465413533835,408,135.153059701493,200.322781954887,3.38760447761194,1.29218072841593,-1.18155572794745,-1.11851500073808,-0.189510256158578,-1.18148746836324,4.46169404669498
"High","Low","Low","Medium","Low","North West","Irrigated","Dekalb","John Deere",26.8465413533835,408,135.153059701493,200.322781954887,3.38760447761194,1.29218072841593,-1.18155572794745,-1.11851500073808,-0.189510256158578,-1.18148746836324,4.3944513789484
"High","Low","Low","Medium","Low","Free State","Rainfed","Pioneer","John Deere",26.8465413533835,408,135.153059701493,200.322781954887,3.38760447761194,1.29218072841593,-1.18155572794745,-1.11851500073808,-0.189510256158578,-1.18148746836324,4.1695124519411
"High","Low","Low","Medium","Low","Mpumalanga","Rainfed","Pioneer","John Deere",26.8465413533835,408,135.153059701493,200.322781954887,3.38760447761194,1.29218072841593,-1.18155572794745,-1.11851500073808,-0.189510256158578,-1.18148746836324,3.31775801742248
"High","Low","Low","Medium","Low","North West","Rainfed","Pioneer","John Deere",26.8465413533835,408,135.153059701493,200.322781954887,3.38760447761194,1.29218072841593,-1.18155572794745,-1.11851500073808,-0.189510256158578,-1.18148746836324,4.6033637321837
"High","Low","Low","Medium","Low","Free State","Irrigated","Pioneer","John Deere",26.8465413533835,408,135.153059701493,200.322781954887,3.38760447761194,1.29218072841593,-1.18155572794745,-1.11851500073808,-0.189510256158578,-1.18148746836324,4.48178218442577
"High","Low","Low","Medium","Low","Mpumalanga","Irrigated","Pioneer","John Deere",26.8465413533835,408,135.153059701493,200.322781954887,3.38760447761194,1.29218072841593,-1.18155572794745,-1.11851500073808,-0.189510256158578,-1.18148746836324,3.90734261927474
"High","Low","Low","Medium","Low","North West","Irrigated","Pioneer","John Deere",26.8465413533835,408,135.153059701493,200.322781954887,3.38760447761194,1.29218072841593,-1.18155572794745,-1.11851500073808,-0.189510256158578,-1.18148746836324,4.17432653149543
"High","Low","Low","Medium","Low","Free State","Rainfed","Pannar","New Holland",26.8465413533835,408,135.153059701493,200.322781954887,3.38760447761194,1.29218072841593,-1.18155572794745,-1.11851500073808,-0.189510256158578,-1.18148746836324,4.83321877989532
"High","Low","Low","Medium","Low","Mpumalanga","Rainfed","Pannar","New Holland",26.8465413533835,408,135.153059701493,200.322781954887,3.38760447761194,1.29218072841593,-1.18155572794745,-1.11851500073808,-0.189510256158578,-1.18148746836324,4.32112233330625
"High","Low","Low","Medium","Medium","Free State","Rainfed","Pannar","John Deere",26.8465413533835,408,135.153059701493,200.322781954887,3.64706015037594,1.29218072841593,-1.18155572794745,-1.11851500073808,-0.189510256158578,0.0101803691264333,4.65557131085435
"High","Low","Low","Medium","Medium","Mpumalanga","Rainfed","Pannar","John Deere",26.8465413533835,408,135.153059701493,200.322781954887,3.64706015037594,1.29218072841593,-1.18155572794745,-1.11851500073808,-0.189510256158578,0.0101803691264333,3.67461889850505
"High","Low","Low","Medium","Medium","North West","Rainfed","Pannar","John Deere",26.8465413533835,408,135.153059701493,200.322781954887,3.64706015037594,1.29218072841593,-1.18155572794745,-1.11851500073808,-0.189510256158578,0.0101803691264333,4.42853332609676
"High","Low","Low","Medium","Medium","Free State","Irrigated","Pannar","John Deere",26.8465413533835,408,135.153059701493,200.322781954887,3.64706015037594,1.29218072841593,-1.18155572794745,-1.11851500073808,-0.189510256158578,0.0101803691264333,6.3291662254676
"High","Low","Low","Medium","Medium","Mpumalanga","Irrigated","Pannar","John Deere",26.8465413533835,408,135.153059701493,200.322781954887,3.64706015037594,1.29218072841593,-1.18155572794745,-1.11851500073808,-0.189510256158578,0.0101803691264333,4.76932320306081
"High","Low","Low","Medium","Medium","North West","Irrigated","Pannar","John Deere",26.8465413533835,408,135.153059701493,200.322781954887,3.64706015037594,1.29218072841593,-1.18155572794745,-1.11851500073808,-0.189510256158578,0.0101803691264333,4.30033945512631
"High","Low","Low","Medium","Medium","Free State","Rainfed","Dekalb","John Deere",26.8465413533835,408,135.153059701493,200.322781954887,3.64706015037594,1.29218072841593,-1.18155572794745,-1.11851500073808,-0.189510256158578,0.0101803691264333,4.595881458834
"High","Low","Low","Medium","Medium","Mpumalanga","Rainfed","Dekalb","John Deere",26.8465413533835,408,135.153059701493,200.322781954887,3.64706015037594,1.29218072841593,-1.18155572794745,-1.11851500073808,-0.189510256158578,0.0101803691264333,4.61434660602455
"High","Low","Low","Medium","Medium","North West","Rainfed","Dekalb","John Deere",26.8465413533835,408,135.153059701493,200.322781954887,3.64706015037594,1.29218072841593,-1.18155572794745,-1.11851500073808,-0.189510256158578,0.0101803691264333,4.08414050559405
"High","Low","Low","Medium","Medium","Free State","Irrigated","Dekalb","John Deere",26.8465413533835,408,135.153059701493,200.322781954887,3.64706015037594,1.29218072841593,-1.18155572794745,-1.11851500073808,-0.189510256158578,0.0101803691264333,5.01246211617787
"High","Low","Low","Medium","Medium","Mpumalanga","Irrigated","Dekalb","John Deere",26.8465413533835,408,135.153059701493,200.322781954887,3.64706015037594,1.29218072841593,-1.18155572794745,-1.11851500073808,-0.189510256158578,0.0101803691264333,4.72364559591576
"High","Low","Low","Medium","Medium","North West","Irrigated","Dekalb","John Deere",26.8465413533835,408,135.153059701493,200.322781954887,3.64706015037594,1.29218072841593,-1.18155572794745,-1.11851500073808,-0.189510256158578,0.0101803691264333,5.81929756924179
"High","Low","Low","Medium","Medium","Free State","Rainfed","Pioneer","John Deere",26.8465413533835,408,135.153059701493,200.322781954887,3.64706015037594,1.29218072841593,-1.18155572794745,-1.11851500073808,-0.189510256158578,0.0101803691264333,3.31912862736717
"High","Low","Low","Medium","Medium","Mpumalanga","Rainfed","Pioneer","John Deere",26.8465413533835,408,135.153059701493,200.322781954887,3.64706015037594,1.29218072841593,-1.18155572794745,-1.11851500073808,-0.189510256158578,0.0101803691264333,4.13601254385197
"High","Low","Low","Medium","Medium","North West","Rainfed","Pioneer","John Deere",26.8465413533835,408,135.153059701493,200.322781954887,3.64706015037594,1.29218072841593,-1.18155572794745,-1.11851500073808,-0.189510256158578,0.0101803691264333,3.41999154830137
"High","Low","Low","Medium","Medium","Free State","Irrigated","Pioneer","John Deere",26.8465413533835,408,135.153059701493,200.322781954887,3.64706015037594,1.29218072841593,-1.18155572794745,-1.11851500073808,-0.189510256158578,0.0101803691264333,3.98069172672367
"High","Low","Low","Medium","Medium","Mpumalanga","Irrigated","Pioneer","John Deere",26.8465413533835,408,135.153059701493,200.322781954887,3.64706015037594,1.29218072841593,-1.18155572794745,-1.11851500073808,-0.189510256158578,0.0101803691264333,4.2221127844768
"High","Low","Low","Medium","Medium","North West","Irrigated","Pioneer","John Deere",26.8465413533835,408,135.153059701493,200.322781954887,3.64706015037594,1.29218072841593,-1.18155572794745,-1.11851500073808,-0.189510256158578,0.0101803691264333,4.27065243207562
"High","Low","Low","Medium","Medium","Free State","Rainfed","Pannar","New Holland",26.8465413533835,408,135.153059701493,200.322781954887,3.64706015037594,1.29218072841593,-1.18155572794745,-1.11851500073808,-0.189510256158578,0.0101803691264333,4.56304270521811
"High","Low","Low","Medium","Medium","Mpumalanga","Rainfed","Pannar","New Holland",26.8465413533835,408,135.153059701493,200.322781954887,3.64706015037594,1.29218072841593,-1.18155572794745,-1.11851500073808,-0.189510256158578,0.0101803691264333,3.28034842970053
"High","Low","Low","High","Low","Free State","Rainfed","Pannar","John Deere",26.8465413533835,408,135.153059701493,285.840977443609,3.38760447761194,1.29218072841593,-1.18155572794745,-1.11851500073808,1.30373775649338,-1.18148746836324,4.46821042511878
"High","Low","Low","High","Low","Mpumalanga","Rainfed","Pannar","John Deere",26.8465413533835,408,135.153059701493,285.840977443609,3.38760447761194,1.29218072841593,-1.18155572794745,-1.11851500073808,1.30373775649338,-1.18148746836324,4.70703329059165
"High","Low","Low","High","Low","North West","Rainfed","Pannar","John Deere",26.8465413533835,408,135.153059701493,285.840977443609,3.38760447761194,1.29218072841593,-1.18155572794745,-1.11851500073808,1.30373775649338,-1.18148746836324,4.08511615955368
"High","Low","Low","High","Low","Free State","Irrigated","Pannar","John Deere",26.8465413533835,408,135.153059701493,285.840977443609,3.38760447761194,1.29218072841593,-1.18155572794745,-1.11851500073808,1.30373775649338,-1.18148746836324,4.64583264103475
"High","Low","Low","High","Low","Mpumalanga","Irrigated","Pannar","John Deere",26.8465413533835,408,135.153059701493,285.840977443609,3.38760447761194,1.29218072841593,-1.18155572794745,-1.11851500073808,1.30373775649338,-1.18148746836324,4.82373228245251
"High","Low","Low","High","Low","North West","Irrigated","Pannar","John Deere",26.8465413533835,408,135.153059701493,285.840977443609,3.38760447761194,1.29218072841593,-1.18155572794745,-1.11851500073808,1.30373775649338,-1.18148746836324,4.85067383594387
"High","Low","Low","High","Low","Free State","Rainfed","Dekalb","John Deere",26.8465413533835,408,135.153059701493,285.840977443609,3.38760447761194,1.29218072841593,-1.18155572794745,-1.11851500073808,1.30373775649338,-1.18148746836324,4.2435079978511
"High","Low","Low","High","Low","Mpumalanga","Rainfed","Dekalb","John Deere",26.8465413533835,408,135.153059701493,285.840977443609,3.38760447761194,1.29218072841593,-1.18155572794745,-1.11851500073808,1.30373775649338,-1.18148746836324,5.18032709460705
"High","Low","Low","High","Low","North West","Rainfed","Dekalb","John Deere",26.8465413533835,408,135.153059701493,285.840977443609,3.38760447761194,1.29218072841593,-1.18155572794745,-1.11851500073808,1.30373775649338,-1.18148746836324,4.06400919632547
"High","Low","Low","High","Low","Free State","Irrigated","Dekalb","John Deere",26.8465413533835,408,135.153059701493,285.840977443609,3.38760447761194,1.29218072841593,-1.18155572794745,-1.11851500073808,1.30373775649338,-1.18148746836324,5.09913840149216
"High","Low","Low","High","Low","Mpumalanga","Irrigated","Dekalb","John Deere",26.8465413533835,408,135.153059701493,285.840977443609,3.38760447761194,1.29218072841593,-1.18155572794745,-1.11851500073808,1.30373775649338,-1.18148746836324,5.50258283560612
"High","Low","Low","High","Low","North West","Irrigated","Dekalb","John Deere",26.8465413533835,408,135.153059701493,285.840977443609,3.38760447761194,1.29218072841593,-1.18155572794745,-1.11851500073808,1.30373775649338,-1.18148746836324,5.4584320331551
"High","Low","Low","High","Low","Free State","Rainfed","Pioneer","John Deere",26.8465413533835,408,135.153059701493,285.840977443609,3.38760447761194,1.29218072841593,-1.18155572794745,-1.11851500073808,1.30373775649338,-1.18148746836324,4.33790112586553
"High","Low","Low","High","Low","Mpumalanga","Rainfed","Pioneer","John Deere",26.8465413533835,408,135.153059701493,285.840977443609,3.38760447761194,1.29218072841593,-1.18155572794745,-1.11851500073808,1.30373775649338,-1.18148746836324,4.60198891884766
"High","Low","Low","High","Low","North West","Rainfed","Pioneer","John Deere",26.8465413533835,408,135.153059701493,285.840977443609,3.38760447761194,1.29218072841593,-1.18155572794745,-1.11851500073808,1.30373775649338,-1.18148746836324,3.54815955811266
"High","Low","Low","High","Low","Free State","Irrigated","Pioneer","John Deere",26.8465413533835,408,135.153059701493,285.840977443609,3.38760447761194,1.29218072841593,-1.18155572794745,-1.11851500073808,1.30373775649338,-1.18148746836324,4.48747911796355
"High","Low","Low","High","Low","Mpumalanga","Irrigated","Pioneer","John Deere",26.8465413533835,408,135.153059701493,285.840977443609,3.38760447761194,1.29218072841593,-1.18155572794745,-1.11851500073808,1.30373775649338,-1.18148746836324,4.8606251829767
"High","Low","Low","High","Low","North West","Irrigated","Pioneer","John Deere",26.8465413533835,408,135.153059701493,285.840977443609,3.38760447761194,1.29218072841593,-1.18155572794745,-1.11851500073808,1.30373775649338,-1.18148746836324,4.53164940766206
"High","Low","Low","High","Low","Free State","Rainfed","Pannar","New Holland",26.8465413533835,408,135.153059701493,285.840977443609,3.38760447761194,1.29218072841593,-1.18155572794745,-1.11851500073808,1.30373775649338,-1.18148746836324,4.94760448213653
"High","Low","Low","High","Low","Mpumalanga","Rainfed","Pannar","New Holland",26.8465413533835,408,135.153059701493,285.840977443609,3.38760447761194,1.29218072841593,-1.18155572794745,-1.11851500073808,1.30373775649338,-1.18148746836324,4.49599380908224
"High","Low","Low","High","Medium","Free State","Rainfed","Pannar","John Deere",26.8465413533835,408,135.153059701493,285.840977443609,3.64706015037594,1.29218072841593,-1.18155572794745,-1.11851500073808,1.30373775649338,0.0101803691264333,5.78759559636361
"High","Low","Low","High","Medium","Mpumalanga","Rainfed","Pannar","John Deere",26.8465413533835,408,135.153059701493,285.840977443609,3.64706015037594,1.29218072841593,-1.18155572794745,-1.11851500073808,1.30373775649338,0.0101803691264333,5.13113633819809
"High","Low","Low","High","Medium","North West","Rainfed","Pannar","John Deere",26.8465413533835,408,135.153059701493,285.840977443609,3.64706015037594,1.29218072841593,-1.18155572794745,-1.11851500073808,1.30373775649338,0.0101803691264333,4.19709354605711
"High","Low","Low","High","Medium","Free State","Irrigated","Pannar","John Deere",26.8465413533835,408,135.153059701493,285.840977443609,3.64706015037594,1.29218072841593,-1.18155572794745,-1.11851500073808,1.30373775649338,0.0101803691264333,5.58660948315606
"High","Low","Low","High","Medium","Mpumalanga","Irrigated","Pannar","John Deere",26.8465413533835,408,135.153059701493,285.840977443609,3.64706015037594,1.29218072841593,-1.18155572794745,-1.11851500073808,1.30373775649338,0.0101803691264333,5.07519878286253
"High","Low","Low","High","Medium","North West","Irrigated","Pannar","John Deere",26.8465413533835,408,135.153059701493,285.840977443609,3.64706015037594,1.29218072841593,-1.18155572794745,-1.11851500073808,1.30373775649338,0.0101803691264333,4.2078438494689
"High","Low","Low","High","Medium","Free State","Rainfed","Dekalb","John Deere",26.8465413533835,408,135.153059701493,285.840977443609,3.64706015037594,1.29218072841593,-1.18155572794745,-1.11851500073808,1.30373775649338,0.0101803691264333,4.72166977509666
"High","Low","Low","High","Medium","Mpumalanga","Rainfed","Dekalb","John Deere",26.8465413533835,408,135.153059701493,285.840977443609,3.64706015037594,1.29218072841593,-1.18155572794745,-1.11851500073808,1.30373775649338,0.0101803691264333,4.7852043861331
"High","Low","Low","High","Medium","North West","Rainfed","Dekalb","John Deere",26.8465413533835,408,135.153059701493,285.840977443609,3.64706015037594,1.29218072841593,-1.18155572794745,-1.11851500073808,1.30373775649338,0.0101803691264333,4.82500642284378
"High","Low","Low","High","Medium","Free State","Irrigated","Dekalb","John Deere",26.8465413533835,408,135.153059701493,285.840977443609,3.64706015037594,1.29218072841593,-1.18155572794745,-1.11851500073808,1.30373775649338,0.0101803691264333,6.33218596696695
"High","Low","Low","High","Medium","Mpumalanga","Irrigated","Dekalb","John Deere",26.8465413533835,408,135.153059701493,285.840977443609,3.64706015037594,1.29218072841593,-1.18155572794745,-1.11851500073808,1.30373775649338,0.0101803691264333,5.10744922665258
"High","Low","Low","High","Medium","North West","Irrigated","Dekalb","John Deere",26.8465413533835,408,135.153059701493,285.840977443609,3.64706015037594,1.29218072841593,-1.18155572794745,-1.11851500073808,1.30373775649338,0.0101803691264333,5.04976002362968
"High","Low","Low","High","Medium","Free State","Rainfed","Pioneer","John Deere",26.8465413533835,408,135.153059701493,285.840977443609,3.64706015037594,1.29218072841593,-1.18155572794745,-1.11851500073808,1.30373775649338,0.0101803691264333,3.76394700680903
"High","Low","Low","High","Medium","Mpumalanga","Rainfed","Pioneer","John Deere",26.8465413533835,408,135.153059701493,285.840977443609,3.64706015037594,1.29218072841593,-1.18155572794745,-1.11851500073808,1.30373775649338,0.0101803691264333,3.4893599091009
"High","Low","Low","High","Medium","North West","Rainfed","Pioneer","John Deere",26.8465413533835,408,135.153059701493,285.840977443609,3.64706015037594,1.29218072841593,-1.18155572794745,-1.11851500073808,1.30373775649338,0.0101803691264333,4.01455751985185
"High","Low","Low","High","Medium","Free State","Irrigated","Pioneer","John Deere",26.8465413533835,408,135.153059701493,285.840977443609,3.64706015037594,1.29218072841593,-1.18155572794745,-1.11851500073808,1.30373775649338,0.0101803691264333,4.93403646784093
"High","Low","Low","High","Medium","Mpumalanga","Irrigated","Pioneer","John Deere",26.8465413533835,408,135.153059701493,285.840977443609,3.64706015037594,1.29218072841593,-1.18155572794745,-1.11851500073808,1.30373775649338,0.0101803691264333,4.31020281144537
"High","Low","Low","High","Medium","North West","Irrigated","Pioneer","John Deere",26.8465413533835,408,135.153059701493,285.840977443609,3.64706015037594,1.29218072841593,-1.18155572794745,-1.11851500073808,1.30373775649338,0.0101803691264333,5.27861048476617
"High","Low","Low","High","Medium","Free State","Rainfed","Pannar","New Holland",26.8465413533835,408,135.153059701493,285.840977443609,3.64706015037594,1.29218072841593,-1.18155572794745,-1.11851500073808,1.30373775649338,0.0101803691264333,4.49866237248459
"High","Low","Low","High","Medium","Mpumalanga","Rainfed","Pannar","New Holland",26.8465413533835,408,135.153059701493,285.840977443609,3.64706015037594,1.29218072841593,-1.18155572794745,-1.11851500073808,1.30373775649338,0.0101803691264333,4.41813067731833
"High","Low","Medium","Low","Low","Free State","Rainfed","Pannar","John Deere",26.8465413533835,408,194.092857142857,144.721044776119,3.38760447761194,1.29218072841593,-1.18155572794745,-0.237733972419121,-1.16038181241284,-1.18148746836324,4.11311943778977
"High","Low","Medium","Low","Low","Mpumalanga","Rainfed","Pannar","John Deere",26.8465413533835,408,194.092857142857,144.721044776119,3.38760447761194,1.29218072841593,-1.18155572794745,-0.237733972419121,-1.16038181241284,-1.18148746836324,4.20780000959892
"High","Low","Medium","Low","Low","North West","Rainfed","Pannar","John Deere",26.8465413533835,408,194.092857142857,144.721044776119,3.38760447761194,1.29218072841593,-1.18155572794745,-0.237733972419121,-1.16038181241284,-1.18148746836324,4.39004328615452
"High","Low","Medium","Low","Low","Free State","Irrigated","Pannar","John Deere",26.8465413533835,408,194.092857142857,144.721044776119,3.38760447761194,1.29218072841593,-1.18155572794745,-0.237733972419121,-1.16038181241284,-1.18148746836324,3.6983359172751
"High","Low","Medium","Low","Low","Mpumalanga","Irrigated","Pannar","John Deere",26.8465413533835,408,194.092857142857,144.721044776119,3.38760447761194,1.29218072841593,-1.18155572794745,-0.237733972419121,-1.16038181241284,-1.18148746836324,5.34069799953987
"High","Low","Medium","Low","Low","North West","Irrigated","Pannar","John Deere",26.8465413533835,408,194.092857142857,144.721044776119,3.38760447761194,1.29218072841593,-1.18155572794745,-0.237733972419121,-1.16038181241284,-1.18148746836324,5.13361726686532
"High","Low","Medium","Low","Low","Free State","Rainfed","Dekalb","John Deere",26.8465413533835,408,194.092857142857,144.721044776119,3.38760447761194,1.29218072841593,-1.18155572794745,-0.237733972419121,-1.16038181241284,-1.18148746836324,3.63189786409191
"High","Low","Medium","Low","Low","Mpumalanga","Rainfed","Dekalb","John Deere",26.8465413533835,408,194.092857142857,144.721044776119,3.38760447761194,1.29218072841593,-1.18155572794745,-0.237733972419121,-1.16038181241284,-1.18148746836324,4.09332118276158
"High","Low","Medium","Low","Low","North West","Rainfed","Dekalb","John Deere",26.8465413533835,408,194.092857142857,144.721044776119,3.38760447761194,1.29218072841593,-1.18155572794745,-0.237733972419121,-1.16038181241284,-1.18148746836324,4.13997118775686
"High","Low","Medium","Low","Low","Free State","Irrigated","Dekalb","John Deere",26.8465413533835,408,194.092857142857,144.721044776119,3.38760447761194,1.29218072841593,-1.18155572794745,-0.237733972419121,-1.16038181241284,-1.18148746836324,4.85248668640732
"High","Low","Medium","Low","Low","Mpumalanga","Irrigated","Dekalb","John Deere",26.8465413533835,408,194.092857142857,144.721044776119,3.38760447761194,1.29218072841593,-1.18155572794745,-0.237733972419121,-1.16038181241284,-1.18148746836324,4.35617235043509
"High","Low","Medium","Low","Low","North West","Irrigated","Dekalb","John Deere",26.8465413533835,408,194.092857142857,144.721044776119,3.38760447761194,1.29218072841593,-1.18155572794745,-0.237733972419121,-1.16038181241284,-1.18148746836324,5.8515419761775
"High","Low","Medium","Low","Low","Free State","Rainfed","Pioneer","John Deere",26.8465413533835,408,194.092857142857,144.721044776119,3.38760447761194,1.29218072841593,-1.18155572794745,-0.237733972419121,-1.16038181241284,-1.18148746836324,4.27723314446426
"High","Low","Medium","Low","Low","Mpumalanga","Rainfed","Pioneer","John Deere",26.8465413533835,408,194.092857142857,144.721044776119,3.38760447761194,1.29218072841593,-1.18155572794745,-0.237733972419121,-1.16038181241284,-1.18148746836324,4.01038356732766
"High","Low","Medium","Low","Low","North West","Rainfed","Pioneer","John Deere",26.8465413533835,408,194.092857142857,144.721044776119,3.38760447761194,1.29218072841593,-1.18155572794745,-0.237733972419121,-1.16038181241284,-1.18148746836324,5.19840874734366
"High","Low","Medium","Low","Low","Free State","Irrigated","Pioneer","John Deere",26.8465413533835,408,194.092857142857,144.721044776119,3.38760447761194,1.29218072841593,-1.18155572794745,-0.237733972419121,-1.16038181241284,-1.18148746836324,4.11746514310461
"High","Low","Medium","Low","Low","Mpumalanga","Irrigated","Pioneer","John Deere",26.8465413533835,408,194.092857142857,144.721044776119,3.38760447761194,1.29218072841593,-1.18155572794745,-0.237733972419121,-1.16038181241284,-1.18148746836324,4.89421857675694
"High","Low","Medium","Low","Low","North West","Irrigated","Pioneer","John Deere",26.8465413533835,408,194.092857142857,144.721044776119,3.38760447761194,1.29218072841593,-1.18155572794745,-0.237733972419121,-1.16038181241284,-1.18148746836324,5.84085430744704
"High","Low","Medium","Low","Low","Free State","Rainfed","Pannar","New Holland",26.8465413533835,408,194.092857142857,144.721044776119,3.38760447761194,1.29218072841593,-1.18155572794745,-0.237733972419121,-1.16038181241284,-1.18148746836324,3.23306747873217
"High","Low","Medium","Low","Low","Mpumalanga","Rainfed","Pannar","New Holland",26.8465413533835,408,194.092857142857,144.721044776119,3.38760447761194,1.29218072841593,-1.18155572794745,-0.237733972419121,-1.16038181241284,-1.18148746836324,4.88878159122703
"High","Low","Medium","Low","Medium","Free State","Rainfed","Pannar","John Deere",26.8465413533835,408,194.092857142857,144.721044776119,3.64706015037594,1.29218072841593,-1.18155572794745,-0.237733972419121,-1.16038181241284,0.0101803691264333,5.83379741423614
"High","Low","Medium","Low","Medium","Mpumalanga","Rainfed","Pannar","John Deere",26.8465413533835,408,194.092857142857,144.721044776119,3.64706015037594,1.29218072841593,-1.18155572794745,-0.237733972419121,-1.16038181241284,0.0101803691264333,5.20504866537634
"High","Low","Medium","Low","Medium","North West","Rainfed","Pannar","John Deere",26.8465413533835,408,194.092857142857,144.721044776119,3.64706015037594,1.29218072841593,-1.18155572794745,-0.237733972419121,-1.16038181241284,0.0101803691264333,4.79086871386727
"High","Low","Medium","Low","Medium","Free State","Irrigated","Pannar","John Deere",26.8465413533835,408,194.092857142857,144.721044776119,3.64706015037594,1.29218072841593,-1.18155572794745,-0.237733972419121,-1.16038181241284,0.0101803691264333,5.47123279494155
"High","Low","Medium","Low","Medium","Mpumalanga","Irrigated","Pannar","John Deere",26.8465413533835,408,194.092857142857,144.721044776119,3.64706015037594,1.29218072841593,-1.18155572794745,-0.237733972419121,-1.16038181241284,0.0101803691264333,4.16421098333431
"High","Low","Medium","Low","Medium","North West","Irrigated","Pannar","John Deere",26.8465413533835,408,194.092857142857,144.721044776119,3.64706015037594,1.29218072841593,-1.18155572794745,-0.237733972419121,-1.16038181241284,0.0101803691264333,4.78149486700636
"High","Low","Medium","Low","Medium","Free State","Rainfed","Dekalb","John Deere",26.8465413533835,408,194.092857142857,144.721044776119,3.64706015037594,1.29218072841593,-1.18155572794745,-0.237733972419121,-1.16038181241284,0.0101803691264333,4.78329134459004
"High","Low","Medium","Low","Medium","Mpumalanga","Rainfed","Dekalb","John Deere",26.8465413533835,408,194.092857142857,144.721044776119,3.64706015037594,1.29218072841593,-1.18155572794745,-0.237733972419121,-1.16038181241284,0.0101803691264333,3.83554119730525
"High","Low","Medium","Low","Medium","North West","Rainfed","Dekalb","John Deere",26.8465413533835,408,194.092857142857,144.721044776119,3.64706015037594,1.29218072841593,-1.18155572794745,-0.237733972419121,-1.16038181241284,0.0101803691264333,4.86642241645103
"High","Low","Medium","Low","Medium","Free State","Irrigated","Dekalb","John Deere",26.8465413533835,408,194.092857142857,144.721044776119,3.64706015037594,1.29218072841593,-1.18155572794745,-0.237733972419121,-1.16038181241284,0.0101803691264333,4.80275518924513
"High","Low","Medium","Low","Medium","Mpumalanga","Irrigated","Dekalb","John Deere",26.8465413533835,408,194.092857142857,144.721044776119,3.64706015037594,1.29218072841593,-1.18155572794745,-0.237733972419121,-1.16038181241284,0.0101803691264333,5.63560511198428
"High","Low","Medium","Low","Medium","North West","Irrigated","Dekalb","John Deere",26.8465413533835,408,194.092857142857,144.721044776119,3.64706015037594,1.29218072841593,-1.18155572794745,-0.237733972419121,-1.16038181241284,0.0101803691264333,5.10190346233068
"High","Low","Medium","Low","Medium","Free State","Rainfed","Pioneer","John Deere",26.8465413533835,408,194.092857142857,144.721044776119,3.64706015037594,1.29218072841593,-1.18155572794745,-0.237733972419121,-1.16038181241284,0.0101803691264333,4.5694308391659
"High","Low","Medium","Low","Medium","Mpumalanga","Rainfed","Pioneer","John Deere",26.8465413533835,408,194.092857142857,144.721044776119,3.64706015037594,1.29218072841593,-1.18155572794745,-0.237733972419121,-1.16038181241284,0.0101803691264333,4.77622597320201
"High","Low","Medium","Low","Medium","North West","Rainfed","Pioneer","John Deere",26.8465413533835,408,194.092857142857,144.721044776119,3.64706015037594,1.29218072841593,-1.18155572794745,-0.237733972419121,-1.16038181241284,0.0101803691264333,4.26484228996153
"High","Low","Medium","Low","Medium","Free State","Irrigated","Pioneer","John Deere",26.8465413533835,408,194.092857142857,144.721044776119,3.64706015037594,1.29218072841593,-1.18155572794745,-0.237733972419121,-1.16038181241284,0.0101803691264333,4.83754370785405
"High","Low","Medium","Low","Medium","Mpumalanga","Irrigated","Pioneer","John Deere",26.8465413533835,408,194.092857142857,144.721044776119,3.64706015037594,1.29218072841593,-1.18155572794745,-0.237733972419121,-1.16038181241284,0.0101803691264333,4.40330636502408
"High","Low","Medium","Low","Medium","North West","Irrigated","Pioneer","John Deere",26.8465413533835,408,194.092857142857,144.721044776119,3.64706015037594,1.29218072841593,-1.18155572794745,-0.237733972419121,-1.16038181241284,0.0101803691264333,4.64176781738283
"High","Low","Medium","Low","Medium","Free State","Rainfed","Pannar","New Holland",26.8465413533835,408,194.092857142857,144.721044776119,3.64706015037594,1.29218072841593,-1.18155572794745,-0.237733972419121,-1.16038181241284,0.0101803691264333,4.70894958458661
"High","Low","Medium","Low","Medium","Mpumalanga","Rainfed","Pannar","New Holland",26.8465413533835,408,194.092857142857,144.721044776119,3.64706015037594,1.29218072841593,-1.18155572794745,-0.237733972419121,-1.16038181241284,0.0101803691264333,4.55469895019094
"High","Low","Medium","Low","High","Free State","Rainfed","Pannar","John Deere",26.8465413533835,408,194.092857142857,144.721044776119,3.92764661654135,1.29218072841593,-1.18155572794745,-0.237733972419121,-1.16038181241284,1.2989009578967,5.38495504938954
"High","Low","Medium","Low","High","Mpumalanga","Rainfed","Pannar","John Deere",26.8465413533835,408,194.092857142857,144.721044776119,3.92764661654135,1.29218072841593,-1.18155572794745,-0.237733972419121,-1.16038181241284,1.2989009578967,4.34096870296747
"High","Low","Medium","Low","High","North West","Rainfed","Pannar","John Deere",26.8465413533835,408,194.092857142857,144.721044776119,3.92764661654135,1.29218072841593,-1.18155572794745,-0.237733972419121,-1.16038181241284,1.2989009578967,5.79569000433948
"High","Low","Medium","Low","High","Free State","Irrigated","Pannar","John Deere",26.8465413533835,408,194.092857142857,144.721044776119,3.92764661654135,1.29218072841593,-1.18155572794745,-0.237733972419121,-1.16038181241284,1.2989009578967,5.23331657137258
"High","Low","Medium","Low","High","Mpumalanga","Irrigated","Pannar","John Deere",26.8465413533835,408,194.092857142857,144.721044776119,3.92764661654135,1.29218072841593,-1.18155572794745,-0.237733972419121,-1.16038181241284,1.2989009578967,5.2362011771894
"High","Low","Medium","Low","High","North West","Irrigated","Pannar","John Deere",26.8465413533835,408,194.092857142857,144.721044776119,3.92764661654135,1.29218072841593,-1.18155572794745,-0.237733972419121,-1.16038181241284,1.2989009578967,5.11280907968657
"High","Low","Medium","Low","High","Free State","Rainfed","Dekalb","John Deere",26.8465413533835,408,194.092857142857,144.721044776119,3.92764661654135,1.29218072841593,-1.18155572794745,-0.237733972419121,-1.16038181241284,1.2989009578967,4.74816336067429
"High","Low","Medium","Low","High","Mpumalanga","Rainfed","Dekalb","John Deere",26.8465413533835,408,194.092857142857,144.721044776119,3.92764661654135,1.29218072841593,-1.18155572794745,-0.237733972419121,-1.16038181241284,1.2989009578967,4.29655251105031
"High","Low","Medium","Low","High","North West","Rainfed","Dekalb","John Deere",26.8465413533835,408,194.092857142857,144.721044776119,3.92764661654135,1.29218072841593,-1.18155572794745,-0.237733972419121,-1.16038181241284,1.2989009578967,3.84013596756011
"High","Low","Medium","Low","High","Free State","Irrigated","Dekalb","John Deere",26.8465413533835,408,194.092857142857,144.721044776119,3.92764661654135,1.29218072841593,-1.18155572794745,-0.237733972419121,-1.16038181241284,1.2989009578967,5.22223061019442
"High","Low","Medium","Low","High","Mpumalanga","Irrigated","Dekalb","John Deere",26.8465413533835,408,194.092857142857,144.721044776119,3.92764661654135,1.29218072841593,-1.18155572794745,-0.237733972419121,-1.16038181241284,1.2989009578967,5.0205223042449
"High","Low","Medium","Low","High","North West","Irrigated","Dekalb","John Deere",26.8465413533835,408,194.092857142857,144.721044776119,3.92764661654135,1.29218072841593,-1.18155572794745,-0.237733972419121,-1.16038181241284,1.2989009578967,5.22423948801454
"High","Low","Medium","Low","High","Free State","Rainfed","Pioneer","John Deere",26.8465413533835,408,194.092857142857,144.721044776119,3.92764661654135,1.29218072841593,-1.18155572794745,-0.237733972419121,-1.16038181241284,1.2989009578967,4.53146343435319
"High","Low","Medium","Low","High","Mpumalanga","Rainfed","Pioneer","John Deere",26.8465413533835,408,194.092857142857,144.721044776119,3.92764661654135,1.29218072841593,-1.18155572794745,-0.237733972419121,-1.16038181241284,1.2989009578967,4.81478350157062
"High","Low","Medium","Low","High","North West","Rainfed","Pioneer","John Deere",26.8465413533835,408,194.092857142857,144.721044776119,3.92764661654135,1.29218072841593,-1.18155572794745,-0.237733972419121,-1.16038181241284,1.2989009578967,3.9592062648113
"High","Low","Medium","Low","High","Free State","Irrigated","Pioneer","John Deere",26.8465413533835,408,194.092857142857,144.721044776119,3.92764661654135,1.29218072841593,-1.18155572794745,-0.237733972419121,-1.16038181241284,1.2989009578967,5.59170344130009
"High","Low","Medium","Low","High","Mpumalanga","Irrigated","Pioneer","John Deere",26.8465413533835,408,194.092857142857,144.721044776119,3.92764661654135,1.29218072841593,-1.18155572794745,-0.237733972419121,-1.16038181241284,1.2989009578967,4.42077727076642
"High","Low","Medium","Low","High","North West","Irrigated","Pioneer","John Deere",26.8465413533835,408,194.092857142857,144.721044776119,3.92764661654135,1.29218072841593,-1.18155572794745,-0.237733972419121,-1.16038181241284,1.2989009578967,5.48234136392155
"High","Low","Medium","Low","High","Free State","Rainfed","Pannar","New Holland",26.8465413533835,408,194.092857142857,144.721044776119,3.92764661654135,1.29218072841593,-1.18155572794745,-0.237733972419121,-1.16038181241284,1.2989009578967,4.73083097710119
"High","Low","Medium","Low","High","Mpumalanga","Rainfed","Pannar","New Holland",26.8465413533835,408,194.092857142857,144.721044776119,3.92764661654135,1.29218072841593,-1.18155572794745,-0.237733972419121,-1.16038181241284,1.2989009578967,4.78436125643957
"High","Low","Medium","Medium","Low","Free State","Rainfed","Pannar","John Deere",26.8465413533835,408,194.092857142857,200.322781954887,3.38760447761194,1.29218072841593,-1.18155572794745,-0.237733972419121,-0.189510256158578,-1.18148746836324,4.23049256183358
"High","Low","Medium","Medium","Low","Mpumalanga","Rainfed","Pannar","John Deere",26.8465413533835,408,194.092857142857,200.322781954887,3.38760447761194,1.29218072841593,-1.18155572794745,-0.237733972419121,-0.189510256158578,-1.18148746836324,4.00050945712498
"High","Low","Medium","Medium","Low","North West","Rainfed","Pannar","John Deere",26.8465413533835,408,194.092857142857,200.322781954887,3.38760447761194,1.29218072841593,-1.18155572794745,-0.237733972419121,-0.189510256158578,-1.18148746836324,5.63473714360285
"High","Low","Medium","Medium","Low","Free State","Irrigated","Pannar","John Deere",26.8465413533835,408,194.092857142857,200.322781954887,3.38760447761194,1.29218072841593,-1.18155572794745,-0.237733972419121,-0.189510256158578,-1.18148746836324,5.33960655722318
"High","Low","Medium","Medium","Low","Mpumalanga","Irrigated","Pannar","John Deere",26.8465413533835,408,194.092857142857,200.322781954887,3.38760447761194,1.29218072841593,-1.18155572794745,-0.237733972419121,-0.189510256158578,-1.18148746836324,4.65318990100796
"High","Low","Medium","Medium","Low","North West","Irrigated","Pannar","John Deere",26.8465413533835,408,194.092857142857,200.322781954887,3.38760447761194,1.29218072841593,-1.18155572794745,-0.237733972419121,-0.189510256158578,-1.18148746836324,5.44759097533692
"High","Low","Medium","Medium","Low","Free State","Rainfed","Dekalb","John Deere",26.8465413533835,408,194.092857142857,200.322781954887,3.38760447761194,1.29218072841593,-1.18155572794745,-0.237733972419121,-0.189510256158578,-1.18148746836324,3.81710408340646
"High","Low","Medium","Medium","Low","Mpumalanga","Rainfed","Dekalb","John Deere",26.8465413533835,408,194.092857142857,200.322781954887,3.38760447761194,1.29218072841593,-1.18155572794745,-0.237733972419121,-0.189510256158578,-1.18148746836324,4.81587808414468
"High","Low","Medium","Medium","Low","North West","Rainfed","Dekalb","John Deere",26.8465413533835,408,194.092857142857,200.322781954887,3.38760447761194,1.29218072841593,-1.18155572794745,-0.237733972419121,-0.189510256158578,-1.18148746836324,4.01916305448389
"High","Low","Medium","Medium","Low","Free State","Irrigated","Dekalb","John Deere",26.8465413533835,408,194.092857142857,200.322781954887,3.38760447761194,1.29218072841593,-1.18155572794745,-0.237733972419121,-0.189510256158578,-1.18148746836324,4.64304614523821
"High","Low","Medium","Medium","Low","Mpumalanga","Irrigated","Dekalb","John Deere",26.8465413533835,408,194.092857142857,200.322781954887,3.38760447761194,1.29218072841593,-1.18155572794745,-0.237733972419121,-0.189510256158578,-1.18148746836324,4.65103331606908
"High","Low","Medium","Medium","Low","North West","Irrigated","Dekalb","John Deere",26.8465413533835,408,194.092857142857,200.322781954887,3.38760447761194,1.29218072841593,-1.18155572794745,-0.237733972419121,-0.189510256158578,-1.18148746836324,4.67811389510897
"High","Low","Medium","Medium","Low","Free State","Rainfed","Pioneer","John Deere",26.8465413533835,408,194.092857142857,200.322781954887,3.38760447761194,1.29218072841593,-1.18155572794745,-0.237733972419121,-0.189510256158578,-1.18148746836324,5.31041286543909
"High","Low","Medium","Medium","Low","Mpumalanga","Rainfed","Pioneer","John Deere",26.8465413533835,408,194.092857142857,200.322781954887,3.38760447761194,1.29218072841593,-1.18155572794745,-0.237733972419121,-0.189510256158578,-1.18148746836324,4.54173599511428
"High","Low","Medium","Medium","Low","North West","Rainfed","Pioneer","John Deere",26.8465413533835,408,194.092857142857,200.322781954887,3.38760447761194,1.29218072841593,-1.18155572794745,-0.237733972419121,-0.189510256158578,-1.18148746836324,3.81969698779454
"High","Low","Medium","Medium","Low","Free State","Irrigated","Pioneer","John Deere",26.8465413533835,408,194.092857142857,200.322781954887,3.38760447761194,1.29218072841593,-1.18155572794745,-0.237733972419121,-0.189510256158578,-1.18148746836324,4.6668753301376
"High","Low","Medium","Medium","Low","Mpumalanga","Irrigated","Pioneer","John Deere",26.8465413533835,408,194.092857142857,200.322781954887,3.38760447761194,1.29218072841593,-1.18155572794745,-0.237733972419121,-0.189510256158578,-1.18148746836324,5.10942169412671
"High","Low","Medium","Medium","Low","North West","Irrigated","Pioneer","John Deere",26.8465413533835,408,194.092857142857,200.322781954887,3.38760447761194,1.29218072841593,-1.18155572794745,-0.237733972419121,-0.189510256158578,-1.18148746836324,4.78674657702602
"High","Low","Medium","Medium","Low","Free State","Rainfed","Pannar","New Holland",26.8465413533835,408,194.092857142857,200.322781954887,3.38760447761194,1.29218072841593,-1.18155572794745,-0.237733972419121,-0.189510256158578,-1.18148746836324,3.63257144851695
"High","Low","Medium","Medium","Low","Mpumalanga","Rainfed","Pannar","New Holland",26.8465413533835,408,194.092857142857,200.322781954887,3.38760447761194,1.29218072841593,-1.18155572794745,-0.237733972419121,-0.189510256158578,-1.18148746836324,5.1522556171553
"High","Low","Medium","Medium","Medium","Free State","Rainfed","Pannar","John Deere",26.8465413533835,408,194.092857142857,200.322781954887,3.64706015037594,1.29218072841593,-1.18155572794745,-0.237733972419121,-0.189510256158578,0.0101803691264333,5.33306213796958
"High","Low","Medium","Medium","Medium","Mpumalanga","Rainfed","Pannar","John Deere",26.8465413533835,408,194.092857142857,200.322781954887,3.64706015037594,1.29218072841593,-1.18155572794745,-0.237733972419121,-0.189510256158578,0.0101803691264333,4.6423080351257
"High","Low","Medium","Medium","Medium","North West","Rainfed","Pannar","John Deere",26.8465413533835,408,194.092857142857,200.322781954887,3.64706015037594,1.29218072841593,-1.18155572794745,-0.237733972419121,-0.189510256158578,0.0101803691264333,4.95729285614341
"High","Low","Medium","Medium","Medium","Free State","Irrigated","Pannar","John Deere",26.8465413533835,408,194.092857142857,200.322781954887,3.64706015037594,1.29218072841593,-1.18155572794745,-0.237733972419121,-0.189510256158578,0.0101803691264333,5.16185090395571
"High","Low","Medium","Medium","Medium","Mpumalanga","Irrigated","Pannar","John Deere",26.8465413533835,408,194.092857142857,200.322781954887,3.64706015037594,1.29218072841593,-1.18155572794745,-0.237733972419121,-0.189510256158578,0.0101803691264333,5.90452007121099
"High","Low","Medium","Medium","Medium","North West","Irrigated","Pannar","John Deere",26.8465413533835,408,194.092857142857,200.322781954887,3.64706015037594,1.29218072841593,-1.18155572794745,-0.237733972419121,-0.189510256158578,0.0101803691264333,5.03096595312768
"High","Low","Medium","Medium","Medium","Free State","Rainfed","Dekalb","John Deere",26.8465413533835,408,194.092857142857,200.322781954887,3.64706015037594,1.29218072841593,-1.18155572794745,-0.237733972419121,-0.189510256158578,0.0101803691264333,4.09226679329594
"High","Low","Medium","Medium","Medium","Mpumalanga","Rainfed","Dekalb","John Deere",26.8465413533835,408,194.092857142857,200.322781954887,3.64706015037594,1.29218072841593,-1.18155572794745,-0.237733972419121,-0.189510256158578,0.0101803691264333,4.17181362616208
"High","Low","Medium","Medium","Medium","North West","Rainfed","Dekalb","John Deere",26.8465413533835,408,194.092857142857,200.322781954887,3.64706015037594,1.29218072841593,-1.18155572794745,-0.237733972419121,-0.189510256158578,0.0101803691264333,4.82155287370456
"High","Low","Medium","Medium","Medium","Free State","Irrigated","Dekalb","John Deere",26.8465413533835,408,194.092857142857,200.322781954887,3.64706015037594,1.29218072841593,-1.18155572794745,-0.237733972419121,-0.189510256158578,0.0101803691264333,4.78710689605795
"High","Low","Medium","Medium","Medium","Mpumalanga","Irrigated","Dekalb","John Deere",26.8465413533835,408,194.092857142857,200.322781954887,3.64706015037594,1.29218072841593,-1.18155572794745,-0.237733972419121,-0.189510256158578,0.0101803691264333,5.57205369422049
"High","Low","Medium","Medium","Medium","North West","Irrigated","Dekalb","John Deere",26.8465413533835,408,194.092857142857,200.322781954887,3.64706015037594,1.29218072841593,-1.18155572794745,-0.237733972419121,-0.189510256158578,0.0101803691264333,4.965610702104
"High","Low","Medium","Medium","Medium","Free State","Rainfed","Pioneer","John Deere",26.8465413533835,408,194.092857142857,200.322781954887,3.64706015037594,1.29218072841593,-1.18155572794745,-0.237733972419121,-0.189510256158578,0.0101803691264333,4.729896338295
"High","Low","Medium","Medium","Medium","Mpumalanga","Rainfed","Pioneer","John Deere",26.8465413533835,408,194.092857142857,200.322781954887,3.64706015037594,1.29218072841593,-1.18155572794745,-0.237733972419121,-0.189510256158578,0.0101803691264333,4.78554795347827
"High","Low","Medium","Medium","Medium","North West","Rainfed","Pioneer","John Deere",26.8465413533835,408,194.092857142857,200.322781954887,3.64706015037594,1.29218072841593,-1.18155572794745,-0.237733972419121,-0.189510256158578,0.0101803691264333,4.13869211387713
"High","Low","Medium","Medium","Medium","Free State","Irrigated","Pioneer","John Deere",26.8465413533835,408,194.092857142857,200.322781954887,3.64706015037594,1.29218072841593,-1.18155572794745,-0.237733972419121,-0.189510256158578,0.0101803691264333,4.58587687806933
"High","Low","Medium","Medium","Medium","Mpumalanga","Irrigated","Pioneer","John Deere",26.8465413533835,408,194.092857142857,200.322781954887,3.64706015037594,1.29218072841593,-1.18155572794745,-0.237733972419121,-0.189510256158578,0.0101803691264333,4.60712043814841
"High","Low","Medium","Medium","Medium","North West","Irrigated","Pioneer","John Deere",26.8465413533835,408,194.092857142857,200.322781954887,3.64706015037594,1.29218072841593,-1.18155572794745,-0.237733972419121,-0.189510256158578,0.0101803691264333,5.73964794131349
"High","Low","Medium","Medium","Medium","Free State","Rainfed","Pannar","New Holland",26.8465413533835,408,194.092857142857,200.322781954887,3.64706015037594,1.29218072841593,-1.18155572794745,-0.237733972419121,-0.189510256158578,0.0101803691264333,4.69339191292954
"High","Low","Medium","Medium","Medium","Mpumalanga","Rainfed","Pannar","New Holland",26.8465413533835,408,194.092857142857,200.322781954887,3.64706015037594,1.29218072841593,-1.18155572794745,-0.237733972419121,-0.189510256158578,0.0101803691264333,4.61089723923125
"High","Low","Medium","Medium","High","Free State","Rainfed","Pannar","John Deere",26.8465413533835,408,194.092857142857,200.322781954887,3.92764661654135,1.29218072841593,-1.18155572794745,-0.237733972419121,-0.189510256158578,1.2989009578967,4.86616688064494
"High","Low","Medium","Medium","High","Mpumalanga","Rainfed","Pannar","John Deere",26.8465413533835,408,194.092857142857,200.322781954887,3.92764661654135,1.29218072841593,-1.18155572794745,-0.237733972419121,-0.189510256158578,1.2989009578967,5.16509573701803
"High","Low","Medium","Medium","High","North West","Rainfed","Pannar","John Deere",26.8465413533835,408,194.092857142857,200.322781954887,3.92764661654135,1.29218072841593,-1.18155572794745,-0.237733972419121,-0.189510256158578,1.2989009578967,5.42504712402592
"High","Low","Medium","Medium","High","Free State","Irrigated","Pannar","John Deere",26.8465413533835,408,194.092857142857,200.322781954887,3.92764661654135,1.29218072841593,-1.18155572794745,-0.237733972419121,-0.189510256158578,1.2989009578967,5.74972231965676
"High","Low","Medium","Medium","High","Mpumalanga","Irrigated","Pannar","John Deere",26.8465413533835,408,194.092857142857,200.322781954887,3.92764661654135,1.29218072841593,-1.18155572794745,-0.237733972419121,-0.189510256158578,1.2989009578967,5.50397636887588
"High","Low","Medium","Medium","High","North West","Irrigated","Pannar","John Deere",26.8465413533835,408,194.092857142857,200.322781954887,3.92764661654135,1.29218072841593,-1.18155572794745,-0.237733972419121,-0.189510256158578,1.2989009578967,5.17289729187021
"High","Low","Medium","Medium","High","Free State","Rainfed","Dekalb","John Deere",26.8465413533835,408,194.092857142857,200.322781954887,3.92764661654135,1.29218072841593,-1.18155572794745,-0.237733972419121,-0.189510256158578,1.2989009578967,5.50193050176606
"High","Low","Medium","Medium","High","Mpumalanga","Rainfed","Dekalb","John Deere",26.8465413533835,408,194.092857142857,200.322781954887,3.92764661654135,1.29218072841593,-1.18155572794745,-0.237733972419121,-0.189510256158578,1.2989009578967,5.05360518294545
"High","Low","Medium","Medium","High","North West","Rainfed","Dekalb","John Deere",26.8465413533835,408,194.092857142857,200.322781954887,3.92764661654135,1.29218072841593,-1.18155572794745,-0.237733972419121,-0.189510256158578,1.2989009578967,4.75178506805695
"High","Low","Medium","Medium","High","Free State","Irrigated","Dekalb","John Deere",26.8465413533835,408,194.092857142857,200.322781954887,3.92764661654135,1.29218072841593,-1.18155572794745,-0.237733972419121,-0.189510256158578,1.2989009578967,5.71092773745257
"High","Low","Medium","Medium","High","Mpumalanga","Irrigated","Dekalb","John Deere",26.8465413533835,408,194.092857142857,200.322781954887,3.92764661654135,1.29218072841593,-1.18155572794745,-0.237733972419121,-0.189510256158578,1.2989009578967,5.53953304726641
"High","Low","Medium","Medium","High","North West","Irrigated","Dekalb","John Deere",26.8465413533835,408,194.092857142857,200.322781954887,3.92764661654135,1.29218072841593,-1.18155572794745,-0.237733972419121,-0.189510256158578,1.2989009578967,4.49089426754638
"High","Low","Medium","Medium","High","Free State","Rainfed","Pioneer","John Deere",26.8465413533835,408,194.092857142857,200.322781954887,3.92764661654135,1.29218072841593,-1.18155572794745,-0.237733972419121,-0.189510256158578,1.2989009578967,5.16606046062858
"High","Low","Medium","Medium","High","Mpumalanga","Rainfed","Pioneer","John Deere",26.8465413533835,408,194.092857142857,200.322781954887,3.92764661654135,1.29218072841593,-1.18155572794745,-0.237733972419121,-0.189510256158578,1.2989009578967,4.55666371497408
"High","Low","Medium","Medium","High","North West","Rainfed","Pioneer","John Deere",26.8465413533835,408,194.092857142857,200.322781954887,3.92764661654135,1.29218072841593,-1.18155572794745,-0.237733972419121,-0.189510256158578,1.2989009578967,4.49073977390217
"High","Low","Medium","Medium","High","Free State","Irrigated","Pioneer","John Deere",26.8465413533835,408,194.092857142857,200.322781954887,3.92764661654135,1.29218072841593,-1.18155572794745,-0.237733972419121,-0.189510256158578,1.2989009578967,5.54562429221541
"High","Low","Medium","Medium","High","Mpumalanga","Irrigated","Pioneer","John Deere",26.8465413533835,408,194.092857142857,200.322781954887,3.92764661654135,1.29218072841593,-1.18155572794745,-0.237733972419121,-0.189510256158578,1.2989009578967,6.09298078807047
"High","Low","Medium","Medium","High","North West","Irrigated","Pioneer","John Deere",26.8465413533835,408,194.092857142857,200.322781954887,3.92764661654135,1.29218072841593,-1.18155572794745,-0.237733972419121,-0.189510256158578,1.2989009578967,5.69864199358182
"High","Low","Medium","Medium","High","Free State","Rainfed","Pannar","New Holland",26.8465413533835,408,194.092857142857,200.322781954887,3.92764661654135,1.29218072841593,-1.18155572794745,-0.237733972419121,-0.189510256158578,1.2989009578967,5.0059162953462
"High","Low","Medium","Medium","High","Mpumalanga","Rainfed","Pannar","New Holland",26.8465413533835,408,194.092857142857,200.322781954887,3.92764661654135,1.29218072841593,-1.18155572794745,-0.237733972419121,-0.189510256158578,1.2989009578967,4.91465715020491
"High","Low","Medium","High","Low","Free State","Rainfed","Pannar","John Deere",26.8465413533835,408,194.092857142857,285.840977443609,3.38760447761194,1.29218072841593,-1.18155572794745,-0.237733972419121,1.30373775649338,-1.18148746836324,4.97515767795296
"High","Low","Medium","High","Low","Mpumalanga","Rainfed","Pannar","John Deere",26.8465413533835,408,194.092857142857,285.840977443609,3.38760447761194,1.29218072841593,-1.18155572794745,-0.237733972419121,1.30373775649338,-1.18148746836324,5.01524327757432
"High","Low","Medium","High","Low","North West","Rainfed","Pannar","John Deere",26.8465413533835,408,194.092857142857,285.840977443609,3.38760447761194,1.29218072841593,-1.18155572794745,-0.237733972419121,1.30373775649338,-1.18148746836324,5.42921273323139
"High","Low","Medium","High","Low","Free State","Irrigated","Pannar","John Deere",26.8465413533835,408,194.092857142857,285.840977443609,3.38760447761194,1.29218072841593,-1.18155572794745,-0.237733972419121,1.30373775649338,-1.18148746836324,5.83760654926279
"High","Low","Medium","High","Low","Mpumalanga","Irrigated","Pannar","John Deere",26.8465413533835,408,194.092857142857,285.840977443609,3.38760447761194,1.29218072841593,-1.18155572794745,-0.237733972419121,1.30373775649338,-1.18148746836324,5.67433331519443
"High","Low","Medium","High","Low","North West","Irrigated","Pannar","John Deere",26.8465413533835,408,194.092857142857,285.840977443609,3.38760447761194,1.29218072841593,-1.18155572794745,-0.237733972419121,1.30373775649338,-1.18148746836324,5.7368318888256
"High","Low","Medium","High","Low","Free State","Rainfed","Dekalb","John Deere",26.8465413533835,408,194.092857142857,285.840977443609,3.38760447761194,1.29218072841593,-1.18155572794745,-0.237733972419121,1.30373775649338,-1.18148746836324,5.35923449005796
"High","Low","Medium","High","Low","Mpumalanga","Rainfed","Dekalb","John Deere",26.8465413533835,408,194.092857142857,285.840977443609,3.38760447761194,1.29218072841593,-1.18155572794745,-0.237733972419121,1.30373775649338,-1.18148746836324,5.39868648912098
"High","Low","Medium","High","Low","North West","Rainfed","Dekalb","John Deere",26.8465413533835,408,194.092857142857,285.840977443609,3.38760447761194,1.29218072841593,-1.18155572794745,-0.237733972419121,1.30373775649338,-1.18148746836324,4.40055297151767
"High","Low","Medium","High","Low","Free State","Irrigated","Dekalb","John Deere",26.8465413533835,408,194.092857142857,285.840977443609,3.38760447761194,1.29218072841593,-1.18155572794745,-0.237733972419121,1.30373775649338,-1.18148746836324,6.50916470573642
"High","Low","Medium","High","Low","Mpumalanga","Irrigated","Dekalb","John Deere",26.8465413533835,408,194.092857142857,285.840977443609,3.38760447761194,1.29218072841593,-1.18155572794745,-0.237733972419121,1.30373775649338,-1.18148746836324,5.2658432491949
"High","Low","Medium","High","Low","North West","Irrigated","Dekalb","John Deere",26.8465413533835,408,194.092857142857,285.840977443609,3.38760447761194,1.29218072841593,-1.18155572794745,-0.237733972419121,1.30373775649338,-1.18148746836324,5.4550881253971
"High","Low","Medium","High","Low","Free State","Rainfed","Pioneer","John Deere",26.8465413533835,408,194.092857142857,285.840977443609,3.38760447761194,1.29218072841593,-1.18155572794745,-0.237733972419121,1.30373775649338,-1.18148746836324,4.8968575424062
"High","Low","Medium","High","Low","Mpumalanga","Rainfed","Pioneer","John Deere",26.8465413533835,408,194.092857142857,285.840977443609,3.38760447761194,1.29218072841593,-1.18155572794745,-0.237733972419121,1.30373775649338,-1.18148746836324,4.58482087277049
"High","Low","Medium","High","Low","North West","Rainfed","Pioneer","John Deere",26.8465413533835,408,194.092857142857,285.840977443609,3.38760447761194,1.29218072841593,-1.18155572794745,-0.237733972419121,1.30373775649338,-1.18148746836324,5.02673276130731
"High","Low","Medium","High","Low","Free State","Irrigated","Pioneer","John Deere",26.8465413533835,408,194.092857142857,285.840977443609,3.38760447761194,1.29218072841593,-1.18155572794745,-0.237733972419121,1.30373775649338,-1.18148746836324,5.29320290537999
"High","Low","Medium","High","Low","Mpumalanga","Irrigated","Pioneer","John Deere",26.8465413533835,408,194.092857142857,285.840977443609,3.38760447761194,1.29218072841593,-1.18155572794745,-0.237733972419121,1.30373775649338,-1.18148746836324,5.51026729458788
"High","Low","Medium","High","Low","North West","Irrigated","Pioneer","John Deere",26.8465413533835,408,194.092857142857,285.840977443609,3.38760447761194,1.29218072841593,-1.18155572794745,-0.237733972419121,1.30373775649338,-1.18148746836324,5.59606874148899
"High","Low","Medium","High","Low","Free State","Rainfed","Pannar","New Holland",26.8465413533835,408,194.092857142857,285.840977443609,3.38760447761194,1.29218072841593,-1.18155572794745,-0.237733972419121,1.30373775649338,-1.18148746836324,5.16246145855649
"High","Low","Medium","High","Low","Mpumalanga","Rainfed","Pannar","New Holland",26.8465413533835,408,194.092857142857,285.840977443609,3.38760447761194,1.29218072841593,-1.18155572794745,-0.237733972419121,1.30373775649338,-1.18148746836324,3.98739840002173
"High","Low","Medium","High","Medium","Free State","Rainfed","Pannar","John Deere",26.8465413533835,408,194.092857142857,285.840977443609,3.64706015037594,1.29218072841593,-1.18155572794745,-0.237733972419121,1.30373775649338,0.0101803691264333,3.71352774311574
"High","Low","Medium","High","Medium","Mpumalanga","Rainfed","Pannar","John Deere",26.8465413533835,408,194.092857142857,285.840977443609,3.64706015037594,1.29218072841593,-1.18155572794745,-0.237733972419121,1.30373775649338,0.0101803691264333,6.18269804820365
"High","Low","Medium","High","Medium","North West","Rainfed","Pannar","John Deere",26.8465413533835,408,194.092857142857,285.840977443609,3.64706015037594,1.29218072841593,-1.18155572794745,-0.237733972419121,1.30373775649338,0.0101803691264333,4.28265795247397
"High","Low","Medium","High","Medium","Free State","Irrigated","Pannar","John Deere",26.8465413533835,408,194.092857142857,285.840977443609,3.64706015037594,1.29218072841593,-1.18155572794745,-0.237733972419121,1.30373775649338,0.0101803691264333,4.58762273826126
"High","Low","Medium","High","Medium","Mpumalanga","Irrigated","Pannar","John Deere",26.8465413533835,408,194.092857142857,285.840977443609,3.64706015037594,1.29218072841593,-1.18155572794745,-0.237733972419121,1.30373775649338,0.0101803691264333,6.12378162277762
"High","Low","Medium","High","Medium","North West","Irrigated","Pannar","John Deere",26.8465413533835,408,194.092857142857,285.840977443609,3.64706015037594,1.29218072841593,-1.18155572794745,-0.237733972419121,1.30373775649338,0.0101803691264333,5.44434643435637
"High","Low","Medium","High","Medium","Free State","Rainfed","Dekalb","John Deere",26.8465413533835,408,194.092857142857,285.840977443609,3.64706015037594,1.29218072841593,-1.18155572794745,-0.237733972419121,1.30373775649338,0.0101803691264333,5.70473833660305
"High","Low","Medium","High","Medium","Mpumalanga","Rainfed","Dekalb","John Deere",26.8465413533835,408,194.092857142857,285.840977443609,3.64706015037594,1.29218072841593,-1.18155572794745,-0.237733972419121,1.30373775649338,0.0101803691264333,5.08708125640354
"High","Low","Medium","High","Medium","North West","Rainfed","Dekalb","John Deere",26.8465413533835,408,194.092857142857,285.840977443609,3.64706015037594,1.29218072841593,-1.18155572794745,-0.237733972419121,1.30373775649338,0.0101803691264333,4.75396921726087
"High","Low","Medium","High","Medium","Free State","Irrigated","Dekalb","John Deere",26.8465413533835,408,194.092857142857,285.840977443609,3.64706015037594,1.29218072841593,-1.18155572794745,-0.237733972419121,1.30373775649338,0.0101803691264333,5.68732889850591
"High","Low","Medium","High","Medium","Mpumalanga","Irrigated","Dekalb","John Deere",26.8465413533835,408,194.092857142857,285.840977443609,3.64706015037594,1.29218072841593,-1.18155572794745,-0.237733972419121,1.30373775649338,0.0101803691264333,5.41656600519461
"High","Low","Medium","High","Medium","North West","Irrigated","Dekalb","John Deere",26.8465413533835,408,194.092857142857,285.840977443609,3.64706015037594,1.29218072841593,-1.18155572794745,-0.237733972419121,1.30373775649338,0.0101803691264333,5.15577655081202
"High","Low","Medium","High","Medium","Free State","Rainfed","Pioneer","John Deere",26.8465413533835,408,194.092857142857,285.840977443609,3.64706015037594,1.29218072841593,-1.18155572794745,-0.237733972419121,1.30373775649338,0.0101803691264333,4.30104857592856
"High","Low","Medium","High","Medium","Mpumalanga","Rainfed","Pioneer","John Deere",26.8465413533835,408,194.092857142857,285.840977443609,3.64706015037594,1.29218072841593,-1.18155572794745,-0.237733972419121,1.30373775649338,0.0101803691264333,4.78112005190832
"High","Low","Medium","High","Medium","North West","Rainfed","Pioneer","John Deere",26.8465413533835,408,194.092857142857,285.840977443609,3.64706015037594,1.29218072841593,-1.18155572794745,-0.237733972419121,1.30373775649338,0.0101803691264333,4.36352443548063
"High","Low","Medium","High","Medium","Free State","Irrigated","Pioneer","John Deere",26.8465413533835,408,194.092857142857,285.840977443609,3.64706015037594,1.29218072841593,-1.18155572794745,-0.237733972419121,1.30373775649338,0.0101803691264333,5.82209989937422
"High","Low","Medium","High","Medium","Mpumalanga","Irrigated","Pioneer","John Deere",26.8465413533835,408,194.092857142857,285.840977443609,3.64706015037594,1.29218072841593,-1.18155572794745,-0.237733972419121,1.30373775649338,0.0101803691264333,5.39038356051297
"High","Low","Medium","High","Medium","North West","Irrigated","Pioneer","John Deere",26.8465413533835,408,194.092857142857,285.840977443609,3.64706015037594,1.29218072841593,-1.18155572794745,-0.237733972419121,1.30373775649338,0.0101803691264333,4.97386363014659
"High","Low","Medium","High","Medium","Free State","Rainfed","Pannar","New Holland",26.8465413533835,408,194.092857142857,285.840977443609,3.64706015037594,1.29218072841593,-1.18155572794745,-0.237733972419121,1.30373775649338,0.0101803691264333,4.55598719417114
"High","Low","Medium","High","Medium","Mpumalanga","Rainfed","Pannar","New Holland",26.8465413533835,408,194.092857142857,285.840977443609,3.64706015037594,1.29218072841593,-1.18155572794745,-0.237733972419121,1.30373775649338,0.0101803691264333,4.26719194983483
"High","Low","High","Low","Low","Free State","Rainfed","Pannar","John Deere",26.8465413533835,408,296.555789473684,144.721044776119,3.38760447761194,1.29218072841593,-1.18155572794745,1.29344548222192,-1.16038181241284,-1.18148746836324,5.39084533835274
"High","Low","High","Low","Low","Mpumalanga","Rainfed","Pannar","John Deere",26.8465413533835,408,296.555789473684,144.721044776119,3.38760447761194,1.29218072841593,-1.18155572794745,1.29344548222192,-1.16038181241284,-1.18148746836324,4.55095098762279
"High","Low","High","Low","Low","North West","Rainfed","Pannar","John Deere",26.8465413533835,408,296.555789473684,144.721044776119,3.38760447761194,1.29218072841593,-1.18155572794745,1.29344548222192,-1.16038181241284,-1.18148746836324,5.38831719583904
"High","Low","High","Low","Low","Free State","Irrigated","Pannar","John Deere",26.8465413533835,408,296.555789473684,144.721044776119,3.38760447761194,1.29218072841593,-1.18155572794745,1.29344548222192,-1.16038181241284,-1.18148746836324,6.16499736805018
"High","Low","High","Low","Low","Mpumalanga","Irrigated","Pannar","John Deere",26.8465413533835,408,296.555789473684,144.721044776119,3.38760447761194,1.29218072841593,-1.18155572794745,1.29344548222192,-1.16038181241284,-1.18148746836324,5.89015348302152
"High","Low","High","Low","Low","North West","Irrigated","Pannar","John Deere",26.8465413533835,408,296.555789473684,144.721044776119,3.38760447761194,1.29218072841593,-1.18155572794745,1.29344548222192,-1.16038181241284,-1.18148746836324,5.76570656426869
"High","Low","High","Low","Low","Free State","Rainfed","Dekalb","John Deere",26.8465413533835,408,296.555789473684,144.721044776119,3.38760447761194,1.29218072841593,-1.18155572794745,1.29344548222192,-1.16038181241284,-1.18148746836324,4.75707512075667
"High","Low","High","Low","Low","Mpumalanga","Rainfed","Dekalb","John Deere",26.8465413533835,408,296.555789473684,144.721044776119,3.38760447761194,1.29218072841593,-1.18155572794745,1.29344548222192,-1.16038181241284,-1.18148746836324,4.98038781645531
"High","Low","High","Low","Low","North West","Rainfed","Dekalb","John Deere",26.8465413533835,408,296.555789473684,144.721044776119,3.38760447761194,1.29218072841593,-1.18155572794745,1.29344548222192,-1.16038181241284,-1.18148746836324,5.93522795850014
"High","Low","High","Low","Low","Free State","Irrigated","Dekalb","John Deere",26.8465413533835,408,296.555789473684,144.721044776119,3.38760447761194,1.29218072841593,-1.18155572794745,1.29344548222192,-1.16038181241284,-1.18148746836324,5.96186461994066
"High","Low","High","Low","Low","Mpumalanga","Irrigated","Dekalb","John Deere",26.8465413533835,408,296.555789473684,144.721044776119,3.38760447761194,1.29218072841593,-1.18155572794745,1.29344548222192,-1.16038181241284,-1.18148746836324,5.61858636700608
"High","Low","High","Low","Low","North West","Irrigated","Dekalb","John Deere",26.8465413533835,408,296.555789473684,144.721044776119,3.38760447761194,1.29218072841593,-1.18155572794745,1.29344548222192,-1.16038181241284,-1.18148746836324,5.79574767200673
"High","Low","High","Low","Low","Free State","Rainfed","Pioneer","John Deere",26.8465413533835,408,296.555789473684,144.721044776119,3.38760447761194,1.29218072841593,-1.18155572794745,1.29344548222192,-1.16038181241284,-1.18148746836324,4.67860354239819
"High","Low","High","Low","Low","Mpumalanga","Rainfed","Pioneer","John Deere",26.8465413533835,408,296.555789473684,144.721044776119,3.38760447761194,1.29218072841593,-1.18155572794745,1.29344548222192,-1.16038181241284,-1.18148746836324,4.94763326661343
"High","Low","High","Low","Low","North West","Rainfed","Pioneer","John Deere",26.8465413533835,408,296.555789473684,144.721044776119,3.38760447761194,1.29218072841593,-1.18155572794745,1.29344548222192,-1.16038181241284,-1.18148746836324,4.88858017098755
"High","Low","High","Low","Low","Free State","Irrigated","Pioneer","John Deere",26.8465413533835,408,296.555789473684,144.721044776119,3.38760447761194,1.29218072841593,-1.18155572794745,1.29344548222192,-1.16038181241284,-1.18148746836324,6.21892342536275
"High","Low","High","Low","Low","Mpumalanga","Irrigated","Pioneer","John Deere",26.8465413533835,408,296.555789473684,144.721044776119,3.38760447761194,1.29218072841593,-1.18155572794745,1.29344548222192,-1.16038181241284,-1.18148746836324,5.33872560153101
"High","Low","High","Low","Low","North West","Irrigated","Pioneer","John Deere",26.8465413533835,408,296.555789473684,144.721044776119,3.38760447761194,1.29218072841593,-1.18155572794745,1.29344548222192,-1.16038181241284,-1.18148746836324,5.15321437842388
"High","Low","High","Low","Low","Free State","Rainfed","Pannar","New Holland",26.8465413533835,408,296.555789473684,144.721044776119,3.38760447761194,1.29218072841593,-1.18155572794745,1.29344548222192,-1.16038181241284,-1.18148746836324,4.61095281702614
"High","Low","High","Low","Low","Mpumalanga","Rainfed","Pannar","New Holland",26.8465413533835,408,296.555789473684,144.721044776119,3.38760447761194,1.29218072841593,-1.18155572794745,1.29344548222192,-1.16038181241284,-1.18148746836324,4.93780559791391
"High","Low","High","Medium","Low","Free State","Rainfed","Pannar","John Deere",26.8465413533835,408,296.555789473684,200.322781954887,3.38760447761194,1.29218072841593,-1.18155572794745,1.29344548222192,-0.189510256158578,-1.18148746836324,5.2454983287093
"High","Low","High","Medium","Low","Mpumalanga","Rainfed","Pannar","John Deere",26.8465413533835,408,296.555789473684,200.322781954887,3.38760447761194,1.29218072841593,-1.18155572794745,1.29344548222192,-0.189510256158578,-1.18148746836324,5.0065435212122
"High","Low","High","Medium","Low","North West","Rainfed","Pannar","John Deere",26.8465413533835,408,296.555789473684,200.322781954887,3.38760447761194,1.29218072841593,-1.18155572794745,1.29344548222192,-0.189510256158578,-1.18148746836324,5.03042933137333
"High","Low","High","Medium","Low","Free State","Irrigated","Pannar","John Deere",26.8465413533835,408,296.555789473684,200.322781954887,3.38760447761194,1.29218072841593,-1.18155572794745,1.29344548222192,-0.189510256158578,-1.18148746836324,5.32150423985412
"High","Low","High","Medium","Low","Mpumalanga","Irrigated","Pannar","John Deere",26.8465413533835,408,296.555789473684,200.322781954887,3.38760447761194,1.29218072841593,-1.18155572794745,1.29344548222192,-0.189510256158578,-1.18148746836324,6.06962702505225
"High","Low","High","Medium","Low","North West","Irrigated","Pannar","John Deere",26.8465413533835,408,296.555789473684,200.322781954887,3.38760447761194,1.29218072841593,-1.18155572794745,1.29344548222192,-0.189510256158578,-1.18148746836324,5.64691048059134
"High","Low","High","Medium","Low","Free State","Rainfed","Dekalb","John Deere",26.8465413533835,408,296.555789473684,200.322781954887,3.38760447761194,1.29218072841593,-1.18155572794745,1.29344548222192,-0.189510256158578,-1.18148746836324,5.71663088838872
"High","Low","High","Medium","Low","Mpumalanga","Rainfed","Dekalb","John Deere",26.8465413533835,408,296.555789473684,200.322781954887,3.38760447761194,1.29218072841593,-1.18155572794745,1.29344548222192,-0.189510256158578,-1.18148746836324,4.91915468367293
"High","Low","High","Medium","Low","North West","Rainfed","Dekalb","John Deere",26.8465413533835,408,296.555789473684,200.322781954887,3.38760447761194,1.29218072841593,-1.18155572794745,1.29344548222192,-0.189510256158578,-1.18148746836324,5.94461982553233
"High","Low","High","Medium","Low","Free State","Irrigated","Dekalb","John Deere",26.8465413533835,408,296.555789473684,200.322781954887,3.38760447761194,1.29218072841593,-1.18155572794745,1.29344548222192,-0.189510256158578,-1.18148746836324,5.58656353363415
"High","Low","High","Medium","Low","Mpumalanga","Irrigated","Dekalb","John Deere",26.8465413533835,408,296.555789473684,200.322781954887,3.38760447761194,1.29218072841593,-1.18155572794745,1.29344548222192,-0.189510256158578,-1.18148746836324,5.83082610761787
"High","Low","High","Medium","Low","North West","Irrigated","Dekalb","John Deere",26.8465413533835,408,296.555789473684,200.322781954887,3.38760447761194,1.29218072841593,-1.18155572794745,1.29344548222192,-0.189510256158578,-1.18148746836324,5.79157128435763
"High","Low","High","Medium","Low","Free State","Rainfed","Pioneer","John Deere",26.8465413533835,408,296.555789473684,200.322781954887,3.38760447761194,1.29218072841593,-1.18155572794745,1.29344548222192,-0.189510256158578,-1.18148746836324,5.38051719200548
"High","Low","High","Medium","Low","Mpumalanga","Rainfed","Pioneer","John Deere",26.8465413533835,408,296.555789473684,200.322781954887,3.38760447761194,1.29218072841593,-1.18155572794745,1.29344548222192,-0.189510256158578,-1.18148746836324,4.65892369338414
"High","Low","High","Medium","Low","North West","Rainfed","Pioneer","John Deere",26.8465413533835,408,296.555789473684,200.322781954887,3.38760447761194,1.29218072841593,-1.18155572794745,1.29344548222192,-0.189510256158578,-1.18148746836324,4.89373812700959
"High","Low","High","Medium","Low","Free State","Irrigated","Pioneer","John Deere",26.8465413533835,408,296.555789473684,200.322781954887,3.38760447761194,1.29218072841593,-1.18155572794745,1.29344548222192,-0.189510256158578,-1.18148746836324,5.83006254402443
"High","Low","High","Medium","Low","Mpumalanga","Irrigated","Pioneer","John Deere",26.8465413533835,408,296.555789473684,200.322781954887,3.38760447761194,1.29218072841593,-1.18155572794745,1.29344548222192,-0.189510256158578,-1.18148746836324,5.38838875575695
"High","Low","High","Medium","Low","North West","Irrigated","Pioneer","John Deere",26.8465413533835,408,296.555789473684,200.322781954887,3.38760447761194,1.29218072841593,-1.18155572794745,1.29344548222192,-0.189510256158578,-1.18148746836324,6.29181576951191
"High","Low","High","Medium","Low","Free State","Rainfed","Pannar","New Holland",26.8465413533835,408,296.555789473684,200.322781954887,3.38760447761194,1.29218072841593,-1.18155572794745,1.29344548222192,-0.189510256158578,-1.18148746836324,4.59322301366039
"High","Low","High","Medium","Low","Mpumalanga","Rainfed","Pannar","New Holland",26.8465413533835,408,296.555789473684,200.322781954887,3.38760447761194,1.29218072841593,-1.18155572794745,1.29344548222192,-0.189510256158578,-1.18148746836324,4.85624111222633
"High","Low","High","Medium","Medium","Free State","Rainfed","Pannar","John Deere",26.8465413533835,408,296.555789473684,200.322781954887,3.64706015037594,1.29218072841593,-1.18155572794745,1.29344548222192,-0.189510256158578,0.0101803691264333,5.86381443601043
"High","Low","High","Medium","Medium","Mpumalanga","Rainfed","Pannar","John Deere",26.8465413533835,408,296.555789473684,200.322781954887,3.64706015037594,1.29218072841593,-1.18155572794745,1.29344548222192,-0.189510256158578,0.0101803691264333,5.579191322166
"High","Low","High","Medium","Medium","North West","Rainfed","Pannar","John Deere",26.8465413533835,408,296.555789473684,200.322781954887,3.64706015037594,1.29218072841593,-1.18155572794745,1.29344548222192,-0.189510256158578,0.0101803691264333,5.30227681094836
"High","Low","High","Medium","Medium","Free State","Irrigated","Pannar","John Deere",26.8465413533835,408,296.555789473684,200.322781954887,3.64706015037594,1.29218072841593,-1.18155572794745,1.29344548222192,-0.189510256158578,0.0101803691264333,6.27524351151083
"High","Low","High","Medium","Medium","Mpumalanga","Irrigated","Pannar","John Deere",26.8465413533835,408,296.555789473684,200.322781954887,3.64706015037594,1.29218072841593,-1.18155572794745,1.29344548222192,-0.189510256158578,0.0101803691264333,6.01865585196646
"High","Low","High","Medium","Medium","North West","Irrigated","Pannar","John Deere",26.8465413533835,408,296.555789473684,200.322781954887,3.64706015037594,1.29218072841593,-1.18155572794745,1.29344548222192,-0.189510256158578,0.0101803691264333,6.10508149731142
"High","Low","High","Medium","Medium","Free State","Rainfed","Dekalb","John Deere",26.8465413533835,408,296.555789473684,200.322781954887,3.64706015037594,1.29218072841593,-1.18155572794745,1.29344548222192,-0.189510256158578,0.0101803691264333,5.88109236117109
"High","Low","High","Medium","Medium","Mpumalanga","Rainfed","Dekalb","John Deere",26.8465413533835,408,296.555789473684,200.322781954887,3.64706015037594,1.29218072841593,-1.18155572794745,1.29344548222192,-0.189510256158578,0.0101803691264333,5.15642616030441
"High","Low","High","Medium","Medium","North West","Rainfed","Dekalb","John Deere",26.8465413533835,408,296.555789473684,200.322781954887,3.64706015037594,1.29218072841593,-1.18155572794745,1.29344548222192,-0.189510256158578,0.0101803691264333,5.02013047238451
"High","Low","High","Medium","Medium","Free State","Irrigated","Dekalb","John Deere",26.8465413533835,408,296.555789473684,200.322781954887,3.64706015037594,1.29218072841593,-1.18155572794745,1.29344548222192,-0.189510256158578,0.0101803691264333,6.74342575993809
"High","Low","High","Medium","Medium","Mpumalanga","Irrigated","Dekalb","John Deere",26.8465413533835,408,296.555789473684,200.322781954887,3.64706015037594,1.29218072841593,-1.18155572794745,1.29344548222192,-0.189510256158578,0.0101803691264333,6.85632082225325
"High","Low","High","Medium","Medium","North West","Irrigated","Dekalb","John Deere",26.8465413533835,408,296.555789473684,200.322781954887,3.64706015037594,1.29218072841593,-1.18155572794745,1.29344548222192,-0.189510256158578,0.0101803691264333,5.37762704977392
"High","Low","High","Medium","Medium","Free State","Rainfed","Pioneer","John Deere",26.8465413533835,408,296.555789473684,200.322781954887,3.64706015037594,1.29218072841593,-1.18155572794745,1.29344548222192,-0.189510256158578,0.0101803691264333,5.5655181445321
"High","Low","High","Medium","Medium","Mpumalanga","Rainfed","Pioneer","John Deere",26.8465413533835,408,296.555789473684,200.322781954887,3.64706015037594,1.29218072841593,-1.18155572794745,1.29344548222192,-0.189510256158578,0.0101803691264333,5.97006563711685
"High","Low","High","Medium","Medium","North West","Rainfed","Pioneer","John Deere",26.8465413533835,408,296.555789473684,200.322781954887,3.64706015037594,1.29218072841593,-1.18155572794745,1.29344548222192,-0.189510256158578,0.0101803691264333,5.45597320637745
"High","Low","High","Medium","Medium","Free State","Irrigated","Pioneer","John Deere",26.8465413533835,408,296.555789473684,200.322781954887,3.64706015037594,1.29218072841593,-1.18155572794745,1.29344548222192,-0.189510256158578,0.0101803691264333,6.48742232994406
"High","Low","High","Medium","Medium","Mpumalanga","Irrigated","Pioneer","John Deere",26.8465413533835,408,296.555789473684,200.322781954887,3.64706015037594,1.29218072841593,-1.18155572794745,1.29344548222192,-0.189510256158578,0.0101803691264333,5.1270217635803
"High","Low","High","Medium","Medium","North West","Irrigated","Pioneer","John Deere",26.8465413533835,408,296.555789473684,200.322781954887,3.64706015037594,1.29218072841593,-1.18155572794745,1.29344548222192,-0.189510256158578,0.0101803691264333,5.76047876192046
"High","Low","High","Medium","Medium","Free State","Rainfed","Pannar","New Holland",26.8465413533835,408,296.555789473684,200.322781954887,3.64706015037594,1.29218072841593,-1.18155572794745,1.29344548222192,-0.189510256158578,0.0101803691264333,5.4000780129904
"High","Low","High","Medium","Medium","Mpumalanga","Rainfed","Pannar","New Holland",26.8465413533835,408,296.555789473684,200.322781954887,3.64706015037594,1.29218072841593,-1.18155572794745,1.29344548222192,-0.189510256158578,0.0101803691264333,5.18971871596906
"High","Low","High","High","Low","Free State","Rainfed","Pannar","John Deere",26.8465413533835,408,296.555789473684,285.840977443609,3.38760447761194,1.29218072841593,-1.18155572794745,1.29344548222192,1.30373775649338,-1.18148746836324,5.15786616683753
"High","Low","High","High","Low","Mpumalanga","Rainfed","Pannar","John Deere",26.8465413533835,408,296.555789473684,285.840977443609,3.38760447761194,1.29218072841593,-1.18155572794745,1.29344548222192,1.30373775649338,-1.18148746836324,5.69352182449763
"High","Low","High","High","Low","North West","Rainfed","Pannar","John Deere",26.8465413533835,408,296.555789473684,285.840977443609,3.38760447761194,1.29218072841593,-1.18155572794745,1.29344548222192,1.30373775649338,-1.18148746836324,4.97319583760944
"High","Low","High","High","Low","Free State","Irrigated","Pannar","John Deere",26.8465413533835,408,296.555789473684,285.840977443609,3.38760447761194,1.29218072841593,-1.18155572794745,1.29344548222192,1.30373775649338,-1.18148746836324,6.43383846628007
"High","Low","High","High","Low","Mpumalanga","Irrigated","Pannar","John Deere",26.8465413533835,408,296.555789473684,285.840977443609,3.38760447761194,1.29218072841593,-1.18155572794745,1.29344548222192,1.30373775649338,-1.18148746836324,5.56068074931402
"High","Low","High","High","Low","North West","Irrigated","Pannar","John Deere",26.8465413533835,408,296.555789473684,285.840977443609,3.38760447761194,1.29218072841593,-1.18155572794745,1.29344548222192,1.30373775649338,-1.18148746836324,6.25241962442919
"High","Low","High","High","Low","Free State","Rainfed","Dekalb","John Deere",26.8465413533835,408,296.555789473684,285.840977443609,3.38760447761194,1.29218072841593,-1.18155572794745,1.29344548222192,1.30373775649338,-1.18148746836324,5.45995171059719
"High","Low","High","High","Low","Mpumalanga","Rainfed","Dekalb","John Deere",26.8465413533835,408,296.555789473684,285.840977443609,3.38760447761194,1.29218072841593,-1.18155572794745,1.29344548222192,1.30373775649338,-1.18148746836324,6.08049886659985
"High","Low","High","High","Low","North West","Rainfed","Dekalb","John Deere",26.8465413533835,408,296.555789473684,285.840977443609,3.38760447761194,1.29218072841593,-1.18155572794745,1.29344548222192,1.30373775649338,-1.18148746836324,5.57172809414344
"High","Low","High","High","Low","Free State","Irrigated","Dekalb","John Deere",26.8465413533835,408,296.555789473684,285.840977443609,3.38760447761194,1.29218072841593,-1.18155572794745,1.29344548222192,1.30373775649338,-1.18148746836324,6.8596362930895
"High","Low","High","High","Low","Mpumalanga","Irrigated","Dekalb","John Deere",26.8465413533835,408,296.555789473684,285.840977443609,3.38760447761194,1.29218072841593,-1.18155572794745,1.29344548222192,1.30373775649338,-1.18148746836324,6.73688813269486
"High","Low","High","High","Low","North West","Irrigated","Dekalb","John Deere",26.8465413533835,408,296.555789473684,285.840977443609,3.38760447761194,1.29218072841593,-1.18155572794745,1.29344548222192,1.30373775649338,-1.18148746836324,6.57465825599661
"High","Low","High","High","Low","Free State","Rainfed","Pioneer","John Deere",26.8465413533835,408,296.555789473684,285.840977443609,3.38760447761194,1.29218072841593,-1.18155572794745,1.29344548222192,1.30373775649338,-1.18148746836324,5.85772555047673
"High","Low","High","High","Low","Mpumalanga","Rainfed","Pioneer","John Deere",26.8465413533835,408,296.555789473684,285.840977443609,3.38760447761194,1.29218072841593,-1.18155572794745,1.29344548222192,1.30373775649338,-1.18148746836324,5.74998144166977
"High","Low","High","High","Low","North West","Rainfed","Pioneer","John Deere",26.8465413533835,408,296.555789473684,285.840977443609,3.38760447761194,1.29218072841593,-1.18155572794745,1.29344548222192,1.30373775649338,-1.18148746836324,4.83310791196691
"High","Low","High","High","Low","Free State","Irrigated","Pioneer","John Deere",26.8465413533835,408,296.555789473684,285.840977443609,3.38760447761194,1.29218072841593,-1.18155572794745,1.29344548222192,1.30373775649338,-1.18148746836324,6.08596599868056
"High","Low","High","High","Low","Mpumalanga","Irrigated","Pioneer","John Deere",26.8465413533835,408,296.555789473684,285.840977443609,3.38760447761194,1.29218072841593,-1.18155572794745,1.29344548222192,1.30373775649338,-1.18148746836324,5.92998502366357
"High","Low","High","High","Low","North West","Irrigated","Pioneer","John Deere",26.8465413533835,408,296.555789473684,285.840977443609,3.38760447761194,1.29218072841593,-1.18155572794745,1.29344548222192,1.30373775649338,-1.18148746836324,6.42666717588454
"High","Low","High","High","Low","Free State","Rainfed","Pannar","New Holland",26.8465413533835,408,296.555789473684,285.840977443609,3.38760447761194,1.29218072841593,-1.18155572794745,1.29344548222192,1.30373775649338,-1.18148746836324,5.7223409818404
"High","Low","High","High","Low","Mpumalanga","Rainfed","Pannar","New Holland",26.8465413533835,408,296.555789473684,285.840977443609,3.38760447761194,1.29218072841593,-1.18155572794745,1.29344548222192,1.30373775649338,-1.18148746836324,5.35889966504155
"High","Medium","Low","Low","Low","Free State","Rainfed","Pannar","John Deere",26.8465413533835,604.676691729323,135.153059701493,144.721044776119,3.38760447761194,1.29218072841593,-0.135282631961664,-1.11851500073808,-1.16038181241284,-1.18148746836324,5.29652609081128
"High","Medium","Low","Low","Low","Mpumalanga","Rainfed","Pannar","John Deere",26.8465413533835,604.676691729323,135.153059701493,144.721044776119,3.38760447761194,1.29218072841593,-0.135282631961664,-1.11851500073808,-1.16038181241284,-1.18148746836324,5.53525386358682
"High","Medium","Low","Low","Low","North West","Rainfed","Pannar","John Deere",26.8465413533835,604.676691729323,135.153059701493,144.721044776119,3.38760447761194,1.29218072841593,-0.135282631961664,-1.11851500073808,-1.16038181241284,-1.18148746836324,4.88294782976532
"High","Medium","Low","Low","Low","Free State","Irrigated","Pannar","John Deere",26.8465413533835,604.676691729323,135.153059701493,144.721044776119,3.38760447761194,1.29218072841593,-0.135282631961664,-1.11851500073808,-1.16038181241284,-1.18148746836324,5.0873883986205
"High","Medium","Low","Low","Low","Mpumalanga","Irrigated","Pannar","John Deere",26.8465413533835,604.676691729323,135.153059701493,144.721044776119,3.38760447761194,1.29218072841593,-0.135282631961664,-1.11851500073808,-1.16038181241284,-1.18148746836324,6.11657730163746
"High","Medium","Low","Low","Low","North West","Irrigated","Pannar","John Deere",26.8465413533835,604.676691729323,135.153059701493,144.721044776119,3.38760447761194,1.29218072841593,-0.135282631961664,-1.11851500073808,-1.16038181241284,-1.18148746836324,5.81214544620535
"High","Medium","Low","Low","Low","Free State","Rainfed","Dekalb","John Deere",26.8465413533835,604.676691729323,135.153059701493,144.721044776119,3.38760447761194,1.29218072841593,-0.135282631961664,-1.11851500073808,-1.16038181241284,-1.18148746836324,4.34104505866525
"High","Medium","Low","Low","Low","Mpumalanga","Rainfed","Dekalb","John Deere",26.8465413533835,604.676691729323,135.153059701493,144.721044776119,3.38760447761194,1.29218072841593,-0.135282631961664,-1.11851500073808,-1.16038181241284,-1.18148746836324,5.01298005967958
"High","Medium","Low","Low","Low","North West","Rainfed","Dekalb","John Deere",26.8465413533835,604.676691729323,135.153059701493,144.721044776119,3.38760447761194,1.29218072841593,-0.135282631961664,-1.11851500073808,-1.16038181241284,-1.18148746836324,5.79391648566505
"High","Medium","Low","Low","Low","Free State","Irrigated","Dekalb","John Deere",26.8465413533835,604.676691729323,135.153059701493,144.721044776119,3.38760447761194,1.29218072841593,-0.135282631961664,-1.11851500073808,-1.16038181241284,-1.18148746836324,4.99688399583592
"High","Medium","Low","Low","Low","Mpumalanga","Irrigated","Dekalb","John Deere",26.8465413533835,604.676691729323,135.153059701493,144.721044776119,3.38760447761194,1.29218072841593,-0.135282631961664,-1.11851500073808,-1.16038181241284,-1.18148746836324,4.96036126269607
"High","Medium","Low","Low","Low","North West","Irrigated","Dekalb","John Deere",26.8465413533835,604.676691729323,135.153059701493,144.721044776119,3.38760447761194,1.29218072841593,-0.135282631961664,-1.11851500073808,-1.16038181241284,-1.18148746836324,5.23817696098457
"High","Medium","Low","Low","Low","Free State","Rainfed","Pioneer","John Deere",26.8465413533835,604.676691729323,135.153059701493,144.721044776119,3.38760447761194,1.29218072841593,-0.135282631961664,-1.11851500073808,-1.16038181241284,-1.18148746836324,5.28999386127867
"High","Medium","Low","Low","Low","Mpumalanga","Rainfed","Pioneer","John Deere",26.8465413533835,604.676691729323,135.153059701493,144.721044776119,3.38760447761194,1.29218072841593,-0.135282631961664,-1.11851500073808,-1.16038181241284,-1.18148746836324,4.15434840710631
"High","Medium","Low","Low","Low","North West","Rainfed","Pioneer","John Deere",26.8465413533835,604.676691729323,135.153059701493,144.721044776119,3.38760447761194,1.29218072841593,-0.135282631961664,-1.11851500073808,-1.16038181241284,-1.18148746836324,4.40136459341514
"High","Medium","Low","Low","Low","Free State","Irrigated","Pioneer","John Deere",26.8465413533835,604.676691729323,135.153059701493,144.721044776119,3.38760447761194,1.29218072841593,-0.135282631961664,-1.11851500073808,-1.16038181241284,-1.18148746836324,4.87955306957186
"High","Medium","Low","Low","Low","Mpumalanga","Irrigated","Pioneer","John Deere",26.8465413533835,604.676691729323,135.153059701493,144.721044776119,3.38760447761194,1.29218072841593,-0.135282631961664,-1.11851500073808,-1.16038181241284,-1.18148746836324,4.78212534807411
"High","Medium","Low","Low","Low","North West","Irrigated","Pioneer","John Deere",26.8465413533835,604.676691729323,135.153059701493,144.721044776119,3.38760447761194,1.29218072841593,-0.135282631961664,-1.11851500073808,-1.16038181241284,-1.18148746836324,5.36611140470054
"High","Medium","Low","Low","Low","Free State","Rainfed","Pannar","New Holland",26.8465413533835,604.676691729323,135.153059701493,144.721044776119,3.38760447761194,1.29218072841593,-0.135282631961664,-1.11851500073808,-1.16038181241284,-1.18148746836324,4.70117600687932
"High","Medium","Low","Low","Low","Mpumalanga","Rainfed","Pannar","New Holland",26.8465413533835,604.676691729323,135.153059701493,144.721044776119,3.38760447761194,1.29218072841593,-0.135282631961664,-1.11851500073808,-1.16038181241284,-1.18148746836324,5.44921677646948
"High","Medium","Low","Low","Medium","Free State","Rainfed","Pannar","John Deere",26.8465413533835,604.676691729323,135.153059701493,144.721044776119,3.64706015037594,1.29218072841593,-0.135282631961664,-1.11851500073808,-1.16038181241284,0.0101803691264333,4.35676969766739
"High","Medium","Low","Low","Medium","Mpumalanga","Rainfed","Pannar","John Deere",26.8465413533835,604.676691729323,135.153059701493,144.721044776119,3.64706015037594,1.29218072841593,-0.135282631961664,-1.11851500073808,-1.16038181241284,0.0101803691264333,5.79929501844789
"High","Medium","Low","Low","Medium","North West","Rainfed","Pannar","John Deere",26.8465413533835,604.676691729323,135.153059701493,144.721044776119,3.64706015037594,1.29218072841593,-0.135282631961664,-1.11851500073808,-1.16038181241284,0.0101803691264333,4.64308159648001
"High","Medium","Low","Low","Medium","Free State","Irrigated","Pannar","John Deere",26.8465413533835,604.676691729323,135.153059701493,144.721044776119,3.64706015037594,1.29218072841593,-0.135282631961664,-1.11851500073808,-1.16038181241284,0.0101803691264333,5.21735511022636
"High","Medium","Low","Low","Medium","Mpumalanga","Irrigated","Pannar","John Deere",26.8465413533835,604.676691729323,135.153059701493,144.721044776119,3.64706015037594,1.29218072841593,-0.135282631961664,-1.11851500073808,-1.16038181241284,0.0101803691264333,5.21316765490602
"High","Medium","Low","Low","Medium","North West","Irrigated","Pannar","John Deere",26.8465413533835,604.676691729323,135.153059701493,144.721044776119,3.64706015037594,1.29218072841593,-0.135282631961664,-1.11851500073808,-1.16038181241284,0.0101803691264333,5.88374616167629
"High","Medium","Low","Low","Medium","Free State","Rainfed","Dekalb","John Deere",26.8465413533835,604.676691729323,135.153059701493,144.721044776119,3.64706015037594,1.29218072841593,-0.135282631961664,-1.11851500073808,-1.16038181241284,0.0101803691264333,6.0409300082865
"High","Medium","Low","Low","Medium","Mpumalanga","Rainfed","Dekalb","John Deere",26.8465413533835,604.676691729323,135.153059701493,144.721044776119,3.64706015037594,1.29218072841593,-0.135282631961664,-1.11851500073808,-1.16038181241284,0.0101803691264333,4.6949702624812
"High","Medium","Low","Low","Medium","North West","Rainfed","Dekalb","John Deere",26.8465413533835,604.676691729323,135.153059701493,144.721044776119,3.64706015037594,1.29218072841593,-0.135282631961664,-1.11851500073808,-1.16038181241284,0.0101803691264333,5.45937988492542
"High","Medium","Low","Low","Medium","Free State","Irrigated","Dekalb","John Deere",26.8465413533835,604.676691729323,135.153059701493,144.721044776119,3.64706015037594,1.29218072841593,-0.135282631961664,-1.11851500073808,-1.16038181241284,0.0101803691264333,5.84401750592931
"High","Medium","Low","Low","Medium","Mpumalanga","Irrigated","Dekalb","John Deere",26.8465413533835,604.676691729323,135.153059701493,144.721044776119,3.64706015037594,1.29218072841593,-0.135282631961664,-1.11851500073808,-1.16038181241284,0.0101803691264333,5.38757416427787
"High","Medium","Low","Low","Medium","North West","Irrigated","Dekalb","John Deere",26.8465413533835,604.676691729323,135.153059701493,144.721044776119,3.64706015037594,1.29218072841593,-0.135282631961664,-1.11851500073808,-1.16038181241284,0.0101803691264333,4.77059597313439
"High","Medium","Low","Low","Medium","Free State","Rainfed","Pioneer","John Deere",26.8465413533835,604.676691729323,135.153059701493,144.721044776119,3.64706015037594,1.29218072841593,-0.135282631961664,-1.11851500073808,-1.16038181241284,0.0101803691264333,4.1793661416662
"High","Medium","Low","Low","Medium","Mpumalanga","Rainfed","Pioneer","John Deere",26.8465413533835,604.676691729323,135.153059701493,144.721044776119,3.64706015037594,1.29218072841593,-0.135282631961664,-1.11851500073808,-1.16038181241284,0.0101803691264333,4.90428264239982
"High","Medium","Low","Low","Medium","North West","Rainfed","Pioneer","John Deere",26.8465413533835,604.676691729323,135.153059701493,144.721044776119,3.64706015037594,1.29218072841593,-0.135282631961664,-1.11851500073808,-1.16038181241284,0.0101803691264333,4.63105713591241
"High","Medium","Low","Low","Medium","Free State","Irrigated","Pioneer","John Deere",26.8465413533835,604.676691729323,135.153059701493,144.721044776119,3.64706015037594,1.29218072841593,-0.135282631961664,-1.11851500073808,-1.16038181241284,0.0101803691264333,5.84595415034699
"High","Medium","Low","Low","Medium","Mpumalanga","Irrigated","Pioneer","John Deere",26.8465413533835,604.676691729323,135.153059701493,144.721044776119,3.64706015037594,1.29218072841593,-0.135282631961664,-1.11851500073808,-1.16038181241284,0.0101803691264333,4.85364950904842
"High","Medium","Low","Low","Medium","North West","Irrigated","Pioneer","John Deere",26.8465413533835,604.676691729323,135.153059701493,144.721044776119,3.64706015037594,1.29218072841593,-0.135282631961664,-1.11851500073808,-1.16038181241284,0.0101803691264333,5.26629765606342
"High","Medium","Low","Low","Medium","Free State","Rainfed","Pannar","New Holland",26.8465413533835,604.676691729323,135.153059701493,144.721044776119,3.64706015037594,1.29218072841593,-0.135282631961664,-1.11851500073808,-1.16038181241284,0.0101803691264333,5.53615828062082
"High","Medium","Low","Low","Medium","Mpumalanga","Rainfed","Pannar","New Holland",26.8465413533835,604.676691729323,135.153059701493,144.721044776119,3.64706015037594,1.29218072841593,-0.135282631961664,-1.11851500073808,-1.16038181241284,0.0101803691264333,3.94447180780926
"High","Medium","Low","Medium","Low","Free State","Rainfed","Pannar","John Deere",26.8465413533835,604.676691729323,135.153059701493,200.322781954887,3.38760447761194,1.29218072841593,-0.135282631961664,-1.11851500073808,-0.189510256158578,-1.18148746836324,4.71280211403086
"High","Medium","Low","Medium","Low","Mpumalanga","Rainfed","Pannar","John Deere",26.8465413533835,604.676691729323,135.153059701493,200.322781954887,3.38760447761194,1.29218072841593,-0.135282631961664,-1.11851500073808,-0.189510256158578,-1.18148746836324,5.05214029571426
"High","Medium","Low","Medium","Low","North West","Rainfed","Pannar","John Deere",26.8465413533835,604.676691729323,135.153059701493,200.322781954887,3.38760447761194,1.29218072841593,-0.135282631961664,-1.11851500073808,-0.189510256158578,-1.18148746836324,5.32379199325227
"High","Medium","Low","Medium","Low","Free State","Irrigated","Pannar","John Deere",26.8465413533835,604.676691729323,135.153059701493,200.322781954887,3.38760447761194,1.29218072841593,-0.135282631961664,-1.11851500073808,-0.189510256158578,-1.18148746836324,5.40223580717743
"High","Medium","Low","Medium","Low","Mpumalanga","Irrigated","Pannar","John Deere",26.8465413533835,604.676691729323,135.153059701493,200.322781954887,3.38760447761194,1.29218072841593,-0.135282631961664,-1.11851500073808,-0.189510256158578,-1.18148746836324,6.10592926068688
"High","Medium","Low","Medium","Low","North West","Irrigated","Pannar","John Deere",26.8465413533835,604.676691729323,135.153059701493,200.322781954887,3.38760447761194,1.29218072841593,-0.135282631961664,-1.11851500073808,-0.189510256158578,-1.18148746836324,5.81448946792876
"High","Medium","Low","Medium","Low","Free State","Rainfed","Dekalb","John Deere",26.8465413533835,604.676691729323,135.153059701493,200.322781954887,3.38760447761194,1.29218072841593,-0.135282631961664,-1.11851500073808,-0.189510256158578,-1.18148746836324,6.04602065814669
"High","Medium","Low","Medium","Low","Mpumalanga","Rainfed","Dekalb","John Deere",26.8465413533835,604.676691729323,135.153059701493,200.322781954887,3.38760447761194,1.29218072841593,-0.135282631961664,-1.11851500073808,-0.189510256158578,-1.18148746836324,4.5016270676289
"High","Medium","Low","Medium","Low","North West","Rainfed","Dekalb","John Deere",26.8465413533835,604.676691729323,135.153059701493,200.322781954887,3.38760447761194,1.29218072841593,-0.135282631961664,-1.11851500073808,-0.189510256158578,-1.18148746836324,5.50467923850378
"High","Medium","Low","Medium","Low","Free State","Irrigated","Dekalb","John Deere",26.8465413533835,604.676691729323,135.153059701493,200.322781954887,3.38760447761194,1.29218072841593,-0.135282631961664,-1.11851500073808,-0.189510256158578,-1.18148746836324,5.35946409697094
"High","Medium","Low","Medium","Low","Mpumalanga","Irrigated","Dekalb","John Deere",26.8465413533835,604.676691729323,135.153059701493,200.322781954887,3.38760447761194,1.29218072841593,-0.135282631961664,-1.11851500073808,-0.189510256158578,-1.18148746836324,5.71387528476106
"High","Medium","Low","Medium","Low","North West","Irrigated","Dekalb","John Deere",26.8465413533835,604.676691729323,135.153059701493,200.322781954887,3.38760447761194,1.29218072841593,-0.135282631961664,-1.11851500073808,-0.189510256158578,-1.18148746836324,4.85227133789254
"High","Medium","Low","Medium","Low","Free State","Rainfed","Pioneer","John Deere",26.8465413533835,604.676691729323,135.153059701493,200.322781954887,3.38760447761194,1.29218072841593,-0.135282631961664,-1.11851500073808,-0.189510256158578,-1.18148746836324,4.15852907096602
"High","Medium","Low","Medium","Low","Mpumalanga","Rainfed","Pioneer","John Deere",26.8465413533835,604.676691729323,135.153059701493,200.322781954887,3.38760447761194,1.29218072841593,-0.135282631961664,-1.11851500073808,-0.189510256158578,-1.18148746836324,5.2878113588442
"High","Medium","Low","Medium","Low","North West","Rainfed","Pioneer","John Deere",26.8465413533835,604.676691729323,135.153059701493,200.322781954887,3.38760447761194,1.29218072841593,-0.135282631961664,-1.11851500073808,-0.189510256158578,-1.18148746836324,5.41877952476024
"High","Medium","Low","Medium","Low","Free State","Irrigated","Pioneer","John Deere",26.8465413533835,604.676691729323,135.153059701493,200.322781954887,3.38760447761194,1.29218072841593,-0.135282631961664,-1.11851500073808,-0.189510256158578,-1.18148746836324,5.09407800962896
"High","Medium","Low","Medium","Low","Mpumalanga","Irrigated","Pioneer","John Deere",26.8465413533835,604.676691729323,135.153059701493,200.322781954887,3.38760447761194,1.29218072841593,-0.135282631961664,-1.11851500073808,-0.189510256158578,-1.18148746836324,5.32909695593046
"High","Medium","Low","Medium","Low","North West","Irrigated","Pioneer","John Deere",26.8465413533835,604.676691729323,135.153059701493,200.322781954887,3.38760447761194,1.29218072841593,-0.135282631961664,-1.11851500073808,-0.189510256158578,-1.18148746836324,4.39750831978004
"High","Medium","Low","Medium","Low","Free State","Rainfed","Pannar","New Holland",26.8465413533835,604.676691729323,135.153059701493,200.322781954887,3.38760447761194,1.29218072841593,-0.135282631961664,-1.11851500073808,-0.189510256158578,-1.18148746836324,5.00362640195158
"High","Medium","Low","Medium","Low","Mpumalanga","Rainfed","Pannar","New Holland",26.8465413533835,604.676691729323,135.153059701493,200.322781954887,3.38760447761194,1.29218072841593,-0.135282631961664,-1.11851500073808,-0.189510256158578,-1.18148746836324,4.79162537515415
"High","Medium","Low","Medium","Medium","Free State","Rainfed","Pannar","John Deere",26.8465413533835,604.676691729323,135.153059701493,200.322781954887,3.64706015037594,1.29218072841593,-0.135282631961664,-1.11851500073808,-0.189510256158578,0.0101803691264333,6.14260986879912
"High","Medium","Low","Medium","Medium","Mpumalanga","Rainfed","Pannar","John Deere",26.8465413533835,604.676691729323,135.153059701493,200.322781954887,3.64706015037594,1.29218072841593,-0.135282631961664,-1.11851500073808,-0.189510256158578,0.0101803691264333,5.5465513687538
"High","Medium","Low","Medium","Medium","North West","Rainfed","Pannar","John Deere",26.8465413533835,604.676691729323,135.153059701493,200.322781954887,3.64706015037594,1.29218072841593,-0.135282631961664,-1.11851500073808,-0.189510256158578,0.0101803691264333,6.07543964815017
"High","Medium","Low","Medium","Medium","Free State","Irrigated","Pannar","John Deere",26.8465413533835,604.676691729323,135.153059701493,200.322781954887,3.64706015037594,1.29218072841593,-0.135282631961664,-1.11851500073808,-0.189510256158578,0.0101803691264333,5.82172001760184
"High","Medium","Low","Medium","Medium","Mpumalanga","Irrigated","Pannar","John Deere",26.8465413533835,604.676691729323,135.153059701493,200.322781954887,3.64706015037594,1.29218072841593,-0.135282631961664,-1.11851500073808,-0.189510256158578,0.0101803691264333,6.03333927508707
"High","Medium","Low","Medium","Medium","North West","Irrigated","Pannar","John Deere",26.8465413533835,604.676691729323,135.153059701493,200.322781954887,3.64706015037594,1.29218072841593,-0.135282631961664,-1.11851500073808,-0.189510256158578,0.0101803691264333,6.08222745513538
"High","Medium","Low","Medium","Medium","Free State","Rainfed","Dekalb","John Deere",26.8465413533835,604.676691729323,135.153059701493,200.322781954887,3.64706015037594,1.29218072841593,-0.135282631961664,-1.11851500073808,-0.189510256158578,0.0101803691264333,4.28255806338327
"High","Medium","Low","Medium","Medium","Mpumalanga","Rainfed","Dekalb","John Deere",26.8465413533835,604.676691729323,135.153059701493,200.322781954887,3.64706015037594,1.29218072841593,-0.135282631961664,-1.11851500073808,-0.189510256158578,0.0101803691264333,5.75866693888765
"High","Medium","Low","Medium","Medium","North West","Rainfed","Dekalb","John Deere",26.8465413533835,604.676691729323,135.153059701493,200.322781954887,3.64706015037594,1.29218072841593,-0.135282631961664,-1.11851500073808,-0.189510256158578,0.0101803691264333,5.58492542538617
"High","Medium","Low","Medium","Medium","Free State","Irrigated","Dekalb","John Deere",26.8465413533835,604.676691729323,135.153059701493,200.322781954887,3.64706015037594,1.29218072841593,-0.135282631961664,-1.11851500073808,-0.189510256158578,0.0101803691264333,6.11569923379469
"High","Medium","Low","Medium","Medium","Mpumalanga","Irrigated","Dekalb","John Deere",26.8465413533835,604.676691729323,135.153059701493,200.322781954887,3.64706015037594,1.29218072841593,-0.135282631961664,-1.11851500073808,-0.189510256158578,0.0101803691264333,5.76327593268778
"High","Medium","Low","Medium","Medium","North West","Irrigated","Dekalb","John Deere",26.8465413533835,604.676691729323,135.153059701493,200.322781954887,3.64706015037594,1.29218072841593,-0.135282631961664,-1.11851500073808,-0.189510256158578,0.0101803691264333,5.75370292986774
"High","Medium","Low","Medium","Medium","Free State","Rainfed","Pioneer","John Deere",26.8465413533835,604.676691729323,135.153059701493,200.322781954887,3.64706015037594,1.29218072841593,-0.135282631961664,-1.11851500073808,-0.189510256158578,0.0101803691264333,4.50427699943931
"High","Medium","Low","Medium","Medium","Mpumalanga","Rainfed","Pioneer","John Deere",26.8465413533835,604.676691729323,135.153059701493,200.322781954887,3.64706015037594,1.29218072841593,-0.135282631961664,-1.11851500073808,-0.189510256158578,0.0101803691264333,3.70197498896663
"High","Medium","Low","Medium","Medium","North West","Rainfed","Pioneer","John Deere",26.8465413533835,604.676691729323,135.153059701493,200.322781954887,3.64706015037594,1.29218072841593,-0.135282631961664,-1.11851500073808,-0.189510256158578,0.0101803691264333,4.21914984783114
"High","Medium","Low","Medium","Medium","Free State","Irrigated","Pioneer","John Deere",26.8465413533835,604.676691729323,135.153059701493,200.322781954887,3.64706015037594,1.29218072841593,-0.135282631961664,-1.11851500073808,-0.189510256158578,0.0101803691264333,5.41427260822921
"High","Medium","Low","Medium","Medium","Mpumalanga","Irrigated","Pioneer","John Deere",26.8465413533835,604.676691729323,135.153059701493,200.322781954887,3.64706015037594,1.29218072841593,-0.135282631961664,-1.11851500073808,-0.189510256158578,0.0101803691264333,4.89246547962061
"High","Medium","Low","Medium","Medium","North West","Irrigated","Pioneer","John Deere",26.8465413533835,604.676691729323,135.153059701493,200.322781954887,3.64706015037594,1.29218072841593,-0.135282631961664,-1.11851500073808,-0.189510256158578,0.0101803691264333,5.112305272273
"High","Medium","Low","Medium","Medium","Free State","Rainfed","Pannar","New Holland",26.8465413533835,604.676691729323,135.153059701493,200.322781954887,3.64706015037594,1.29218072841593,-0.135282631961664,-1.11851500073808,-0.189510256158578,0.0101803691264333,5.44310255726687
"High","Medium","Low","Medium","Medium","Mpumalanga","Rainfed","Pannar","New Holland",26.8465413533835,604.676691729323,135.153059701493,200.322781954887,3.64706015037594,1.29218072841593,-0.135282631961664,-1.11851500073808,-0.189510256158578,0.0101803691264333,5.40495943344729
"High","Medium","Low","High","Low","Free State","Rainfed","Pannar","John Deere",26.8465413533835,604.676691729323,135.153059701493,285.840977443609,3.38760447761194,1.29218072841593,-0.135282631961664,-1.11851500073808,1.30373775649338,-1.18148746836324,5.45941898952383
"High","Medium","Low","High","Low","Mpumalanga","Rainfed","Pannar","John Deere",26.8465413533835,604.676691729323,135.153059701493,285.840977443609,3.38760447761194,1.29218072841593,-0.135282631961664,-1.11851500073808,1.30373775649338,-1.18148746836324,6.04197601112331
"High","Medium","Low","High","Low","North West","Rainfed","Pannar","John Deere",26.8465413533835,604.676691729323,135.153059701493,285.840977443609,3.38760447761194,1.29218072841593,-0.135282631961664,-1.11851500073808,1.30373775649338,-1.18148746836324,5.63316737211555
"High","Medium","Low","High","Low","Free State","Irrigated","Pannar","John Deere",26.8465413533835,604.676691729323,135.153059701493,285.840977443609,3.38760447761194,1.29218072841593,-0.135282631961664,-1.11851500073808,1.30373775649338,-1.18148746836324,5.76772365458906
"High","Medium","Low","High","Low","Mpumalanga","Irrigated","Pannar","John Deere",26.8465413533835,604.676691729323,135.153059701493,285.840977443609,3.38760447761194,1.29218072841593,-0.135282631961664,-1.11851500073808,1.30373775649338,-1.18148746836324,5.9695349258231
"High","Medium","Low","High","Low","North West","Irrigated","Pannar","John Deere",26.8465413533835,604.676691729323,135.153059701493,285.840977443609,3.38760447761194,1.29218072841593,-0.135282631961664,-1.11851500073808,1.30373775649338,-1.18148746836324,5.42355893612851
"High","Medium","Low","High","Low","Free State","Rainfed","Dekalb","John Deere",26.8465413533835,604.676691729323,135.153059701493,285.840977443609,3.38760447761194,1.29218072841593,-0.135282631961664,-1.11851500073808,1.30373775649338,-1.18148746836324,5.37490030233892
"High","Medium","Low","High","Low","Mpumalanga","Rainfed","Dekalb","John Deere",26.8465413533835,604.676691729323,135.153059701493,285.840977443609,3.38760447761194,1.29218072841593,-0.135282631961664,-1.11851500073808,1.30373775649338,-1.18148746836324,4.76911370714387
"High","Medium","Low","High","Low","North West","Rainfed","Dekalb","John Deere",26.8465413533835,604.676691729323,135.153059701493,285.840977443609,3.38760447761194,1.29218072841593,-0.135282631961664,-1.11851500073808,1.30373775649338,-1.18148746836324,5.29406489229002
"High","Medium","Low","High","Low","Free State","Irrigated","Dekalb","John Deere",26.8465413533835,604.676691729323,135.153059701493,285.840977443609,3.38760447761194,1.29218072841593,-0.135282631961664,-1.11851500073808,1.30373775649338,-1.18148746836324,6.76991367217183
"High","Medium","Low","High","Low","Mpumalanga","Irrigated","Dekalb","John Deere",26.8465413533835,604.676691729323,135.153059701493,285.840977443609,3.38760447761194,1.29218072841593,-0.135282631961664,-1.11851500073808,1.30373775649338,-1.18148746836324,5.81718493091639
"High","Medium","Low","High","Low","North West","Irrigated","Dekalb","John Deere",26.8465413533835,604.676691729323,135.153059701493,285.840977443609,3.38760447761194,1.29218072841593,-0.135282631961664,-1.11851500073808,1.30373775649338,-1.18148746836324,5.72807212696667
"High","Medium","Low","High","Low","Free State","Rainfed","Pioneer","John Deere",26.8465413533835,604.676691729323,135.153059701493,285.840977443609,3.38760447761194,1.29218072841593,-0.135282631961664,-1.11851500073808,1.30373775649338,-1.18148746836324,5.78260536684121
"High","Medium","Low","High","Low","Mpumalanga","Rainfed","Pioneer","John Deere",26.8465413533835,604.676691729323,135.153059701493,285.840977443609,3.38760447761194,1.29218072841593,-0.135282631961664,-1.11851500073808,1.30373775649338,-1.18148746836324,4.65381857162917
"High","Medium","Low","High","Low","North West","Rainfed","Pioneer","John Deere",26.8465413533835,604.676691729323,135.153059701493,285.840977443609,3.38760447761194,1.29218072841593,-0.135282631961664,-1.11851500073808,1.30373775649338,-1.18148746836324,4.33161078411239
"High","Medium","Low","High","Low","Free State","Irrigated","Pioneer","John Deere",26.8465413533835,604.676691729323,135.153059701493,285.840977443609,3.38760447761194,1.29218072841593,-0.135282631961664,-1.11851500073808,1.30373775649338,-1.18148746836324,5.83022144143756
"High","Medium","Low","High","Low","Mpumalanga","Irrigated","Pioneer","John Deere",26.8465413533835,604.676691729323,135.153059701493,285.840977443609,3.38760447761194,1.29218072841593,-0.135282631961664,-1.11851500073808,1.30373775649338,-1.18148746836324,5.79134572305896
"High","Medium","Low","High","Low","North West","Irrigated","Pioneer","John Deere",26.8465413533835,604.676691729323,135.153059701493,285.840977443609,3.38760447761194,1.29218072841593,-0.135282631961664,-1.11851500073808,1.30373775649338,-1.18148746836324,5.16683035367086
"High","Medium","Low","High","Low","Free State","Rainfed","Pannar","New Holland",26.8465413533835,604.676691729323,135.153059701493,285.840977443609,3.38760447761194,1.29218072841593,-0.135282631961664,-1.11851500073808,1.30373775649338,-1.18148746836324,4.84293038370113
"High","Medium","Low","High","Low","Mpumalanga","Rainfed","Pannar","New Holland",26.8465413533835,604.676691729323,135.153059701493,285.840977443609,3.38760447761194,1.29218072841593,-0.135282631961664,-1.11851500073808,1.30373775649338,-1.18148746836324,5.18052807344039
"High","Medium","Low","High","Medium","Free State","Rainfed","Pannar","John Deere",26.8465413533835,604.676691729323,135.153059701493,285.840977443609,3.64706015037594,1.29218072841593,-0.135282631961664,-1.11851500073808,1.30373775649338,0.0101803691264333,5.23817873157047
"High","Medium","Low","High","Medium","Mpumalanga","Rainfed","Pannar","John Deere",26.8465413533835,604.676691729323,135.153059701493,285.840977443609,3.64706015037594,1.29218072841593,-0.135282631961664,-1.11851500073808,1.30373775649338,0.0101803691264333,6.12135401417377
"High","Medium","Low","High","Medium","North West","Rainfed","Pannar","John Deere",26.8465413533835,604.676691729323,135.153059701493,285.840977443609,3.64706015037594,1.29218072841593,-0.135282631961664,-1.11851500073808,1.30373775649338,0.0101803691264333,5.94191940278058
"High","Medium","Low","High","Medium","Free State","Irrigated","Pannar","John Deere",26.8465413533835,604.676691729323,135.153059701493,285.840977443609,3.64706015037594,1.29218072841593,-0.135282631961664,-1.11851500073808,1.30373775649338,0.0101803691264333,4.23918696971439
"High","Medium","Low","High","Medium","Mpumalanga","Irrigated","Pannar","John Deere",26.8465413533835,604.676691729323,135.153059701493,285.840977443609,3.64706015037594,1.29218072841593,-0.135282631961664,-1.11851500073808,1.30373775649338,0.0101803691264333,5.84457743107591
"High","Medium","Low","High","Medium","North West","Irrigated","Pannar","John Deere",26.8465413533835,604.676691729323,135.153059701493,285.840977443609,3.64706015037594,1.29218072841593,-0.135282631961664,-1.11851500073808,1.30373775649338,0.0101803691264333,5.8618351489489
"High","Medium","Low","High","Medium","Free State","Rainfed","Dekalb","John Deere",26.8465413533835,604.676691729323,135.153059701493,285.840977443609,3.64706015037594,1.29218072841593,-0.135282631961664,-1.11851500073808,1.30373775649338,0.0101803691264333,5.58109641600388
"High","Medium","Low","High","Medium","Mpumalanga","Rainfed","Dekalb","John Deere",26.8465413533835,604.676691729323,135.153059701493,285.840977443609,3.64706015037594,1.29218072841593,-0.135282631961664,-1.11851500073808,1.30373775649338,0.0101803691264333,6.37951187143492
"High","Medium","Low","High","Medium","North West","Rainfed","Dekalb","John Deere",26.8465413533835,604.676691729323,135.153059701493,285.840977443609,3.64706015037594,1.29218072841593,-0.135282631961664,-1.11851500073808,1.30373775649338,0.0101803691264333,6.07829373124541
"High","Medium","Low","High","Medium","Free State","Irrigated","Dekalb","John Deere",26.8465413533835,604.676691729323,135.153059701493,285.840977443609,3.64706015037594,1.29218072841593,-0.135282631961664,-1.11851500073808,1.30373775649338,0.0101803691264333,6.63302601558809
"High","Medium","Low","High","Medium","Mpumalanga","Irrigated","Dekalb","John Deere",26.8465413533835,604.676691729323,135.153059701493,285.840977443609,3.64706015037594,1.29218072841593,-0.135282631961664,-1.11851500073808,1.30373775649338,0.0101803691264333,5.99228470758158
"High","Medium","Low","High","Medium","North West","Irrigated","Dekalb","John Deere",26.8465413533835,604.676691729323,135.153059701493,285.840977443609,3.64706015037594,1.29218072841593,-0.135282631961664,-1.11851500073808,1.30373775649338,0.0101803691264333,5.77228697401172
"High","Medium","Low","High","Medium","Free State","Rainfed","Pioneer","John Deere",26.8465413533835,604.676691729323,135.153059701493,285.840977443609,3.64706015037594,1.29218072841593,-0.135282631961664,-1.11851500073808,1.30373775649338,0.0101803691264333,5.44657693063083
"High","Medium","Low","High","Medium","Mpumalanga","Rainfed","Pioneer","John Deere",26.8465413533835,604.676691729323,135.153059701493,285.840977443609,3.64706015037594,1.29218072841593,-0.135282631961664,-1.11851500073808,1.30373775649338,0.0101803691264333,5.33938769500869
"High","Medium","Low","High","Medium","North West","Rainfed","Pioneer","John Deere",26.8465413533835,604.676691729323,135.153059701493,285.840977443609,3.64706015037594,1.29218072841593,-0.135282631961664,-1.11851500073808,1.30373775649338,0.0101803691264333,5.27110854850953
"High","Medium","Low","High","Medium","Free State","Irrigated","Pioneer","John Deere",26.8465413533835,604.676691729323,135.153059701493,285.840977443609,3.64706015037594,1.29218072841593,-0.135282631961664,-1.11851500073808,1.30373775649338,0.0101803691264333,5.77973337535101
"High","Medium","Low","High","Medium","Mpumalanga","Irrigated","Pioneer","John Deere",26.8465413533835,604.676691729323,135.153059701493,285.840977443609,3.64706015037594,1.29218072841593,-0.135282631961664,-1.11851500073808,1.30373775649338,0.0101803691264333,4.73865943449126
"High","Medium","Low","High","Medium","North West","Irrigated","Pioneer","John Deere",26.8465413533835,604.676691729323,135.153059701493,285.840977443609,3.64706015037594,1.29218072841593,-0.135282631961664,-1.11851500073808,1.30373775649338,0.0101803691264333,5.43772215388431
"High","Medium","Low","High","Medium","Free State","Rainfed","Pannar","New Holland",26.8465413533835,604.676691729323,135.153059701493,285.840977443609,3.64706015037594,1.29218072841593,-0.135282631961664,-1.11851500073808,1.30373775649338,0.0101803691264333,3.73427147770101
"High","Medium","Low","High","Medium","Mpumalanga","Rainfed","Pannar","New Holland",26.8465413533835,604.676691729323,135.153059701493,285.840977443609,3.64706015037594,1.29218072841593,-0.135282631961664,-1.11851500073808,1.30373775649338,0.0101803691264333,6.18378865064049
"High","Medium","Low","High","High","Free State","Rainfed","Pannar","John Deere",26.8465413533835,604.676691729323,135.153059701493,285.840977443609,3.92764661654135,1.29218072841593,-0.135282631961664,-1.11851500073808,1.30373775649338,1.2989009578967,5.51456703273055
"High","Medium","Low","High","High","Mpumalanga","Rainfed","Pannar","John Deere",26.8465413533835,604.676691729323,135.153059701493,285.840977443609,3.92764661654135,1.29218072841593,-0.135282631961664,-1.11851500073808,1.30373775649338,1.2989009578967,6.16187693459104
"High","Medium","Low","High","High","North West","Rainfed","Pannar","John Deere",26.8465413533835,604.676691729323,135.153059701493,285.840977443609,3.92764661654135,1.29218072841593,-0.135282631961664,-1.11851500073808,1.30373775649338,1.2989009578967,5.82327130243576
"High","Medium","Low","High","High","Free State","Irrigated","Pannar","John Deere",26.8465413533835,604.676691729323,135.153059701493,285.840977443609,3.92764661654135,1.29218072841593,-0.135282631961664,-1.11851500073808,1.30373775649338,1.2989009578967,5.73169282332029
"High","Medium","Low","High","High","Mpumalanga","Irrigated","Pannar","John Deere",26.8465413533835,604.676691729323,135.153059701493,285.840977443609,3.92764661654135,1.29218072841593,-0.135282631961664,-1.11851500073808,1.30373775649338,1.2989009578967,5.7398596181225
"High","Medium","Low","High","High","North West","Irrigated","Pannar","John Deere",26.8465413533835,604.676691729323,135.153059701493,285.840977443609,3.92764661654135,1.29218072841593,-0.135282631961664,-1.11851500073808,1.30373775649338,1.2989009578967,6.04270317168216
"High","Medium","Low","High","High","Free State","Rainfed","Dekalb","John Deere",26.8465413533835,604.676691729323,135.153059701493,285.840977443609,3.92764661654135,1.29218072841593,-0.135282631961664,-1.11851500073808,1.30373775649338,1.2989009578967,5.9112547084709
"High","Medium","Low","High","High","Mpumalanga","Rainfed","Dekalb","John Deere",26.8465413533835,604.676691729323,135.153059701493,285.840977443609,3.92764661654135,1.29218072841593,-0.135282631961664,-1.11851500073808,1.30373775649338,1.2989009578967,6.11370270170552
"High","Medium","Low","High","High","North West","Rainfed","Dekalb","John Deere",26.8465413533835,604.676691729323,135.153059701493,285.840977443609,3.92764661654135,1.29218072841593,-0.135282631961664,-1.11851500073808,1.30373775649338,1.2989009578967,5.44939270050872
"High","Medium","Low","High","High","Free State","Irrigated","Dekalb","John Deere",26.8465413533835,604.676691729323,135.153059701493,285.840977443609,3.92764661654135,1.29218072841593,-0.135282631961664,-1.11851500073808,1.30373775649338,1.2989009578967,6.20268588048744
"High","Medium","Low","High","High","Mpumalanga","Irrigated","Dekalb","John Deere",26.8465413533835,604.676691729323,135.153059701493,285.840977443609,3.92764661654135,1.29218072841593,-0.135282631961664,-1.11851500073808,1.30373775649338,1.2989009578967,5.15313393676744
"High","Medium","Low","High","High","North West","Irrigated","Dekalb","John Deere",26.8465413533835,604.676691729323,135.153059701493,285.840977443609,3.92764661654135,1.29218072841593,-0.135282631961664,-1.11851500073808,1.30373775649338,1.2989009578967,5.52833561033718
"High","Medium","Low","High","High","Free State","Rainfed","Pioneer","John Deere",26.8465413533835,604.676691729323,135.153059701493,285.840977443609,3.92764661654135,1.29218072841593,-0.135282631961664,-1.11851500073808,1.30373775649338,1.2989009578967,4.86402182674332
"High","Medium","Low","High","High","Mpumalanga","Rainfed","Pioneer","John Deere",26.8465413533835,604.676691729323,135.153059701493,285.840977443609,3.92764661654135,1.29218072841593,-0.135282631961664,-1.11851500073808,1.30373775649338,1.2989009578967,5.5616808612973
"High","Medium","Low","High","High","North West","Rainfed","Pioneer","John Deere",26.8465413533835,604.676691729323,135.153059701493,285.840977443609,3.92764661654135,1.29218072841593,-0.135282631961664,-1.11851500073808,1.30373775649338,1.2989009578967,6.06774041193568
"High","Medium","Low","High","High","Free State","Irrigated","Pioneer","John Deere",26.8465413533835,604.676691729323,135.153059701493,285.840977443609,3.92764661654135,1.29218072841593,-0.135282631961664,-1.11851500073808,1.30373775649338,1.2989009578967,6.65081688274009
"High","Medium","Low","High","High","Mpumalanga","Irrigated","Pioneer","John Deere",26.8465413533835,604.676691729323,135.153059701493,285.840977443609,3.92764661654135,1.29218072841593,-0.135282631961664,-1.11851500073808,1.30373775649338,1.2989009578967,7.23817603513128
"High","Medium","Low","High","High","North West","Irrigated","Pioneer","John Deere",26.8465413533835,604.676691729323,135.153059701493,285.840977443609,3.92764661654135,1.29218072841593,-0.135282631961664,-1.11851500073808,1.30373775649338,1.2989009578967,6.38067939252166
"High","Medium","Low","High","High","Free State","Rainfed","Pannar","New Holland",26.8465413533835,604.676691729323,135.153059701493,285.840977443609,3.92764661654135,1.29218072841593,-0.135282631961664,-1.11851500073808,1.30373775649338,1.2989009578967,6.90702261006236
"High","Medium","Low","High","High","Mpumalanga","Rainfed","Pannar","New Holland",26.8465413533835,604.676691729323,135.153059701493,285.840977443609,3.92764661654135,1.29218072841593,-0.135282631961664,-1.11851500073808,1.30373775649338,1.2989009578967,5.4871511055328
"High","Medium","Medium","Low","Low","Free State","Rainfed","Pannar","John Deere",26.8465413533835,604.676691729323,194.092857142857,144.721044776119,3.38760447761194,1.29218072841593,-0.135282631961664,-0.237733972419121,-1.16038181241284,-1.18148746836324,5.6416314427806
"High","Medium","Medium","Low","Low","Mpumalanga","Rainfed","Pannar","John Deere",26.8465413533835,604.676691729323,194.092857142857,144.721044776119,3.38760447761194,1.29218072841593,-0.135282631961664,-0.237733972419121,-1.16038181241284,-1.18148746836324,5.51857581171655
"High","Medium","Medium","Low","Low","North West","Rainfed","Pannar","John Deere",26.8465413533835,604.676691729323,194.092857142857,144.721044776119,3.38760447761194,1.29218072841593,-0.135282631961664,-0.237733972419121,-1.16038181241284,-1.18148746836324,5.58034308488202
"High","Medium","Medium","Low","Low","Free State","Irrigated","Pannar","John Deere",26.8465413533835,604.676691729323,194.092857142857,144.721044776119,3.38760447761194,1.29218072841593,-0.135282631961664,-0.237733972419121,-1.16038181241284,-1.18148746836324,5.00720794963848
"High","Medium","Medium","Low","Low","Mpumalanga","Irrigated","Pannar","John Deere",26.8465413533835,604.676691729323,194.092857142857,144.721044776119,3.38760447761194,1.29218072841593,-0.135282631961664,-0.237733972419121,-1.16038181241284,-1.18148746836324,5.10944748412791
"High","Medium","Medium","Low","Low","North West","Irrigated","Pannar","John Deere",26.8465413533835,604.676691729323,194.092857142857,144.721044776119,3.38760447761194,1.29218072841593,-0.135282631961664,-0.237733972419121,-1.16038181241284,-1.18148746836324,5.9159594752269
"High","Medium","Medium","Low","Low","Free State","Rainfed","Dekalb","John Deere",26.8465413533835,604.676691729323,194.092857142857,144.721044776119,3.38760447761194,1.29218072841593,-0.135282631961664,-0.237733972419121,-1.16038181241284,-1.18148746836324,4.92805102529083
"High","Medium","Medium","Low","Low","Mpumalanga","Rainfed","Dekalb","John Deere",26.8465413533835,604.676691729323,194.092857142857,144.721044776119,3.38760447761194,1.29218072841593,-0.135282631961664,-0.237733972419121,-1.16038181241284,-1.18148746836324,4.56941996562222
"High","Medium","Medium","Low","Low","North West","Rainfed","Dekalb","John Deere",26.8465413533835,604.676691729323,194.092857142857,144.721044776119,3.38760447761194,1.29218072841593,-0.135282631961664,-0.237733972419121,-1.16038181241284,-1.18148746836324,5.33434939569253
"High","Medium","Medium","Low","Low","Free State","Irrigated","Dekalb","John Deere",26.8465413533835,604.676691729323,194.092857142857,144.721044776119,3.38760447761194,1.29218072841593,-0.135282631961664,-0.237733972419121,-1.16038181241284,-1.18148746836324,5.57441726841633
"High","Medium","Medium","Low","Low","Mpumalanga","Irrigated","Dekalb","John Deere",26.8465413533835,604.676691729323,194.092857142857,144.721044776119,3.38760447761194,1.29218072841593,-0.135282631961664,-0.237733972419121,-1.16038181241284,-1.18148746836324,5.33385448605378
"High","Medium","Medium","Low","Low","North West","Irrigated","Dekalb","John Deere",26.8465413533835,604.676691729323,194.092857142857,144.721044776119,3.38760447761194,1.29218072841593,-0.135282631961664,-0.237733972419121,-1.16038181241284,-1.18148746836324,5.37520477265757
"High","Medium","Medium","Low","Low","Free State","Rainfed","Pioneer","John Deere",26.8465413533835,604.676691729323,194.092857142857,144.721044776119,3.38760447761194,1.29218072841593,-0.135282631961664,-0.237733972419121,-1.16038181241284,-1.18148746836324,4.82010107714713
"High","Medium","Medium","Low","Low","Mpumalanga","Rainfed","Pioneer","John Deere",26.8465413533835,604.676691729323,194.092857142857,144.721044776119,3.38760447761194,1.29218072841593,-0.135282631961664,-0.237733972419121,-1.16038181241284,-1.18148746836324,5.2631971815086
"High","Medium","Medium","Low","Low","North West","Rainfed","Pioneer","John Deere",26.8465413533835,604.676691729323,194.092857142857,144.721044776119,3.38760447761194,1.29218072841593,-0.135282631961664,-0.237733972419121,-1.16038181241284,-1.18148746836324,4.39726633898494
"High","Medium","Medium","Low","Low","Free State","Irrigated","Pioneer","John Deere",26.8465413533835,604.676691729323,194.092857142857,144.721044776119,3.38760447761194,1.29218072841593,-0.135282631961664,-0.237733972419121,-1.16038181241284,-1.18148746836324,6.06892064916056
"High","Medium","Medium","Low","Low","Mpumalanga","Irrigated","Pioneer","John Deere",26.8465413533835,604.676691729323,194.092857142857,144.721044776119,3.38760447761194,1.29218072841593,-0.135282631961664,-0.237733972419121,-1.16038181241284,-1.18148746836324,6.75726226020754
"High","Medium","Medium","Low","Low","North West","Irrigated","Pioneer","John Deere",26.8465413533835,604.676691729323,194.092857142857,144.721044776119,3.38760447761194,1.29218072841593,-0.135282631961664,-0.237733972419121,-1.16038181241284,-1.18148746836324,5.1253049835949
"High","Medium","Medium","Low","Low","Free State","Rainfed","Pannar","New Holland",26.8465413533835,604.676691729323,194.092857142857,144.721044776119,3.38760447761194,1.29218072841593,-0.135282631961664,-0.237733972419121,-1.16038181241284,-1.18148746836324,5.10262017361724
"High","Medium","Medium","Low","Low","Mpumalanga","Rainfed","Pannar","New Holland",26.8465413533835,604.676691729323,194.092857142857,144.721044776119,3.38760447761194,1.29218072841593,-0.135282631961664,-0.237733972419121,-1.16038181241284,-1.18148746836324,4.36844996914915
"High","Medium","Medium","Low","High","Free State","Rainfed","Pannar","John Deere",26.8465413533835,604.676691729323,194.092857142857,144.721044776119,3.92764661654135,1.29218072841593,-0.135282631961664,-0.237733972419121,-1.16038181241284,1.2989009578967,6.765258655322
"High","Medium","Medium","Low","High","Mpumalanga","Rainfed","Pannar","John Deere",26.8465413533835,604.676691729323,194.092857142857,144.721044776119,3.92764661654135,1.29218072841593,-0.135282631961664,-0.237733972419121,-1.16038181241284,1.2989009578967,5.88092460350954
"High","Medium","Medium","Low","High","North West","Rainfed","Pannar","John Deere",26.8465413533835,604.676691729323,194.092857142857,144.721044776119,3.92764661654135,1.29218072841593,-0.135282631961664,-0.237733972419121,-1.16038181241284,1.2989009578967,5.84112879836742
"High","Medium","Medium","Low","High","Free State","Irrigated","Pannar","John Deere",26.8465413533835,604.676691729323,194.092857142857,144.721044776119,3.92764661654135,1.29218072841593,-0.135282631961664,-0.237733972419121,-1.16038181241284,1.2989009578967,5.78356713790573
"High","Medium","Medium","Low","High","Mpumalanga","Irrigated","Pannar","John Deere",26.8465413533835,604.676691729323,194.092857142857,144.721044776119,3.92764661654135,1.29218072841593,-0.135282631961664,-0.237733972419121,-1.16038181241284,1.2989009578967,6.49001437690195
"High","Medium","Medium","Low","High","North West","Irrigated","Pannar","John Deere",26.8465413533835,604.676691729323,194.092857142857,144.721044776119,3.92764661654135,1.29218072841593,-0.135282631961664,-0.237733972419121,-1.16038181241284,1.2989009578967,6.51635757393117
"High","Medium","Medium","Low","High","Free State","Rainfed","Dekalb","John Deere",26.8465413533835,604.676691729323,194.092857142857,144.721044776119,3.92764661654135,1.29218072841593,-0.135282631961664,-0.237733972419121,-1.16038181241284,1.2989009578967,5.09203256670839
"High","Medium","Medium","Low","High","Mpumalanga","Rainfed","Dekalb","John Deere",26.8465413533835,604.676691729323,194.092857142857,144.721044776119,3.92764661654135,1.29218072841593,-0.135282631961664,-0.237733972419121,-1.16038181241284,1.2989009578967,5.71867489767197
"High","Medium","Medium","Low","High","North West","Rainfed","Dekalb","John Deere",26.8465413533835,604.676691729323,194.092857142857,144.721044776119,3.92764661654135,1.29218072841593,-0.135282631961664,-0.237733972419121,-1.16038181241284,1.2989009578967,5.30887622908849
"High","Medium","Medium","Low","High","Free State","Irrigated","Dekalb","John Deere",26.8465413533835,604.676691729323,194.092857142857,144.721044776119,3.92764661654135,1.29218072841593,-0.135282631961664,-0.237733972419121,-1.16038181241284,1.2989009578967,6.3434039937407
"High","Medium","Medium","Low","High","Mpumalanga","Irrigated","Dekalb","John Deere",26.8465413533835,604.676691729323,194.092857142857,144.721044776119,3.92764661654135,1.29218072841593,-0.135282631961664,-0.237733972419121,-1.16038181241284,1.2989009578967,6.27090832353978
"High","Medium","Medium","Low","High","North West","Irrigated","Dekalb","John Deere",26.8465413533835,604.676691729323,194.092857142857,144.721044776119,3.92764661654135,1.29218072841593,-0.135282631961664,-0.237733972419121,-1.16038181241284,1.2989009578967,5.49641952257914
"High","Medium","Medium","Low","High","Free State","Rainfed","Pioneer","John Deere",26.8465413533835,604.676691729323,194.092857142857,144.721044776119,3.92764661654135,1.29218072841593,-0.135282631961664,-0.237733972419121,-1.16038181241284,1.2989009578967,5.25470959150525
"High","Medium","Medium","Low","High","Mpumalanga","Rainfed","Pioneer","John Deere",26.8465413533835,604.676691729323,194.092857142857,144.721044776119,3.92764661654135,1.29218072841593,-0.135282631961664,-0.237733972419121,-1.16038181241284,1.2989009578967,5.51102639014304
"High","Medium","Medium","Low","High","North West","Rainfed","Pioneer","John Deere",26.8465413533835,604.676691729323,194.092857142857,144.721044776119,3.92764661654135,1.29218072841593,-0.135282631961664,-0.237733972419121,-1.16038181241284,1.2989009578967,5.14371462361348
"High","Medium","Medium","Low","High","Free State","Irrigated","Pioneer","John Deere",26.8465413533835,604.676691729323,194.092857142857,144.721044776119,3.92764661654135,1.29218072841593,-0.135282631961664,-0.237733972419121,-1.16038181241284,1.2989009578967,5.05422673708656
"High","Medium","Medium","Low","High","Mpumalanga","Irrigated","Pioneer","John Deere",26.8465413533835,604.676691729323,194.092857142857,144.721044776119,3.92764661654135,1.29218072841593,-0.135282631961664,-0.237733972419121,-1.16038181241284,1.2989009578967,5.89228418287967
"High","Medium","Medium","Low","High","North West","Irrigated","Pioneer","John Deere",26.8465413533835,604.676691729323,194.092857142857,144.721044776119,3.92764661654135,1.29218072841593,-0.135282631961664,-0.237733972419121,-1.16038181241284,1.2989009578967,5.9283573027318
"High","Medium","Medium","Low","High","Free State","Rainfed","Pannar","New Holland",26.8465413533835,604.676691729323,194.092857142857,144.721044776119,3.92764661654135,1.29218072841593,-0.135282631961664,-0.237733972419121,-1.16038181241284,1.2989009578967,5.86946659166046
"High","Medium","Medium","Low","High","Mpumalanga","Rainfed","Pannar","New Holland",26.8465413533835,604.676691729323,194.092857142857,144.721044776119,3.92764661654135,1.29218072841593,-0.135282631961664,-0.237733972419121,-1.16038181241284,1.2989009578967,4.85934839187014
"High","Medium","Medium","Medium","Low","Free State","Rainfed","Pannar","John Deere",26.8465413533835,604.676691729323,194.092857142857,200.322781954887,3.38760447761194,1.29218072841593,-0.135282631961664,-0.237733972419121,-0.189510256158578,-1.18148746836324,6.04459198309317
"High","Medium","Medium","Medium","Low","Mpumalanga","Rainfed","Pannar","John Deere",26.8465413533835,604.676691729323,194.092857142857,200.322781954887,3.38760447761194,1.29218072841593,-0.135282631961664,-0.237733972419121,-0.189510256158578,-1.18148746836324,5.62413278958169
"High","Medium","Medium","Medium","Low","North West","Rainfed","Pannar","John Deere",26.8465413533835,604.676691729323,194.092857142857,200.322781954887,3.38760447761194,1.29218072841593,-0.135282631961664,-0.237733972419121,-0.189510256158578,-1.18148746836324,6.2076528487244
"High","Medium","Medium","Medium","Low","Free State","Irrigated","Pannar","John Deere",26.8465413533835,604.676691729323,194.092857142857,200.322781954887,3.38760447761194,1.29218072841593,-0.135282631961664,-0.237733972419121,-0.189510256158578,-1.18148746836324,6.23909056586078
"High","Medium","Medium","Medium","Low","Mpumalanga","Irrigated","Pannar","John Deere",26.8465413533835,604.676691729323,194.092857142857,200.322781954887,3.38760447761194,1.29218072841593,-0.135282631961664,-0.237733972419121,-0.189510256158578,-1.18148746836324,5.89948260221579
"High","Medium","Medium","Medium","Low","North West","Irrigated","Pannar","John Deere",26.8465413533835,604.676691729323,194.092857142857,200.322781954887,3.38760447761194,1.29218072841593,-0.135282631961664,-0.237733972419121,-0.189510256158578,-1.18148746836324,4.97685009363156
"High","Medium","Medium","Medium","Low","Free State","Rainfed","Dekalb","John Deere",26.8465413533835,604.676691729323,194.092857142857,200.322781954887,3.38760447761194,1.29218072841593,-0.135282631961664,-0.237733972419121,-0.189510256158578,-1.18148746836324,4.76230479548242
"High","Medium","Medium","Medium","Low","Mpumalanga","Rainfed","Dekalb","John Deere",26.8465413533835,604.676691729323,194.092857142857,200.322781954887,3.38760447761194,1.29218072841593,-0.135282631961664,-0.237733972419121,-0.189510256158578,-1.18148746836324,5.80470329133504
"High","Medium","Medium","Medium","Low","North West","Rainfed","Dekalb","John Deere",26.8465413533835,604.676691729323,194.092857142857,200.322781954887,3.38760447761194,1.29218072841593,-0.135282631961664,-0.237733972419121,-0.189510256158578,-1.18148746836324,5.82430951960605
"High","Medium","Medium","Medium","Low","Free State","Irrigated","Dekalb","John Deere",26.8465413533835,604.676691729323,194.092857142857,200.322781954887,3.38760447761194,1.29218072841593,-0.135282631961664,-0.237733972419121,-0.189510256158578,-1.18148746836324,6.13565544581952
"High","Medium","Medium","Medium","Low","Mpumalanga","Irrigated","Dekalb","John Deere",26.8465413533835,604.676691729323,194.092857142857,200.322781954887,3.38760447761194,1.29218072841593,-0.135282631961664,-0.237733972419121,-0.189510256158578,-1.18148746836324,6.11424228444068
"High","Medium","Medium","Medium","Low","North West","Irrigated","Dekalb","John Deere",26.8465413533835,604.676691729323,194.092857142857,200.322781954887,3.38760447761194,1.29218072841593,-0.135282631961664,-0.237733972419121,-0.189510256158578,-1.18148746836324,5.95307964061232
"High","Medium","Medium","Medium","Low","Free State","Rainfed","Pioneer","John Deere",26.8465413533835,604.676691729323,194.092857142857,200.322781954887,3.38760447761194,1.29218072841593,-0.135282631961664,-0.237733972419121,-0.189510256158578,-1.18148746836324,4.57764408853559
"High","Medium","Medium","Medium","Low","Mpumalanga","Rainfed","Pioneer","John Deere",26.8465413533835,604.676691729323,194.092857142857,200.322781954887,3.38760447761194,1.29218072841593,-0.135282631961664,-0.237733972419121,-0.189510256158578,-1.18148746836324,4.98472821180263
"High","Medium","Medium","Medium","Low","North West","Rainfed","Pioneer","John Deere",26.8465413533835,604.676691729323,194.092857142857,200.322781954887,3.38760447761194,1.29218072841593,-0.135282631961664,-0.237733972419121,-0.189510256158578,-1.18148746836324,5.09780543287958
"High","Medium","Medium","Medium","Low","Free State","Irrigated","Pioneer","John Deere",26.8465413533835,604.676691729323,194.092857142857,200.322781954887,3.38760447761194,1.29218072841593,-0.135282631961664,-0.237733972419121,-0.189510256158578,-1.18148746836324,6.11223236864565
"High","Medium","Medium","Medium","Low","Mpumalanga","Irrigated","Pioneer","John Deere",26.8465413533835,604.676691729323,194.092857142857,200.322781954887,3.38760447761194,1.29218072841593,-0.135282631961664,-0.237733972419121,-0.189510256158578,-1.18148746836324,6.34306650933048
"High","Medium","Medium","Medium","Low","North West","Irrigated","Pioneer","John Deere",26.8465413533835,604.676691729323,194.092857142857,200.322781954887,3.38760447761194,1.29218072841593,-0.135282631961664,-0.237733972419121,-0.189510256158578,-1.18148746836324,5.65954530281903
"High","Medium","Medium","Medium","Low","Free State","Rainfed","Pannar","New Holland",26.8465413533835,604.676691729323,194.092857142857,200.322781954887,3.38760447761194,1.29218072841593,-0.135282631961664,-0.237733972419121,-0.189510256158578,-1.18148746836324,5.03324100447087
"High","Medium","Medium","Medium","Low","Mpumalanga","Rainfed","Pannar","New Holland",26.8465413533835,604.676691729323,194.092857142857,200.322781954887,3.38760447761194,1.29218072841593,-0.135282631961664,-0.237733972419121,-0.189510256158578,-1.18148746836324,4.40264159702388
"High","Medium","Medium","Medium","Medium","Free State","Rainfed","Pannar","John Deere",26.8465413533835,604.676691729323,194.092857142857,200.322781954887,3.64706015037594,1.29218072841593,-0.135282631961664,-0.237733972419121,-0.189510256158578,0.0101803691264333,5.93489728218634
"High","Medium","Medium","Medium","Medium","Mpumalanga","Rainfed","Pannar","John Deere",26.8465413533835,604.676691729323,194.092857142857,200.322781954887,3.64706015037594,1.29218072841593,-0.135282631961664,-0.237733972419121,-0.189510256158578,0.0101803691264333,5.1567703507258
"High","Medium","Medium","Medium","Medium","North West","Rainfed","Pannar","John Deere",26.8465413533835,604.676691729323,194.092857142857,200.322781954887,3.64706015037594,1.29218072841593,-0.135282631961664,-0.237733972419121,-0.189510256158578,0.0101803691264333,5.2586034374349
"High","Medium","Medium","Medium","Medium","Free State","Irrigated","Pannar","John Deere",26.8465413533835,604.676691729323,194.092857142857,200.322781954887,3.64706015037594,1.29218072841593,-0.135282631961664,-0.237733972419121,-0.189510256158578,0.0101803691264333,5.28535361713589
"High","Medium","Medium","Medium","Medium","Mpumalanga","Irrigated","Pannar","John Deere",26.8465413533835,604.676691729323,194.092857142857,200.322781954887,3.64706015037594,1.29218072841593,-0.135282631961664,-0.237733972419121,-0.189510256158578,0.0101803691264333,6.31230912326569
"High","Medium","Medium","Medium","Medium","North West","Irrigated","Pannar","John Deere",26.8465413533835,604.676691729323,194.092857142857,200.322781954887,3.64706015037594,1.29218072841593,-0.135282631961664,-0.237733972419121,-0.189510256158578,0.0101803691264333,5.24942455220878
"High","Medium","Medium","Medium","Medium","Free State","Rainfed","Dekalb","John Deere",26.8465413533835,604.676691729323,194.092857142857,200.322781954887,3.64706015037594,1.29218072841593,-0.135282631961664,-0.237733972419121,-0.189510256158578,0.0101803691264333,4.62626954676041
"High","Medium","Medium","Medium","Medium","Mpumalanga","Rainfed","Dekalb","John Deere",26.8465413533835,604.676691729323,194.092857142857,200.322781954887,3.64706015037594,1.29218072841593,-0.135282631961664,-0.237733972419121,-0.189510256158578,0.0101803691264333,5.50266065775021
"High","Medium","Medium","Medium","Medium","North West","Rainfed","Dekalb","John Deere",26.8465413533835,604.676691729323,194.092857142857,200.322781954887,3.64706015037594,1.29218072841593,-0.135282631961664,-0.237733972419121,-0.189510256158578,0.0101803691264333,4.72712760529035
"High","Medium","Medium","Medium","Medium","Free State","Irrigated","Dekalb","John Deere",26.8465413533835,604.676691729323,194.092857142857,200.322781954887,3.64706015037594,1.29218072841593,-0.135282631961664,-0.237733972419121,-0.189510256158578,0.0101803691264333,6.5852244840902
"High","Medium","Medium","Medium","Medium","Mpumalanga","Irrigated","Dekalb","John Deere",26.8465413533835,604.676691729323,194.092857142857,200.322781954887,3.64706015037594,1.29218072841593,-0.135282631961664,-0.237733972419121,-0.189510256158578,0.0101803691264333,7.22466704547331
"High","Medium","Medium","Medium","Medium","North West","Irrigated","Dekalb","John Deere",26.8465413533835,604.676691729323,194.092857142857,200.322781954887,3.64706015037594,1.29218072841593,-0.135282631961664,-0.237733972419121,-0.189510256158578,0.0101803691264333,5.81482895422601
"High","Medium","Medium","Medium","Medium","Free State","Rainfed","Pioneer","John Deere",26.8465413533835,604.676691729323,194.092857142857,200.322781954887,3.64706015037594,1.29218072841593,-0.135282631961664,-0.237733972419121,-0.189510256158578,0.0101803691264333,6.22542520085978
"High","Medium","Medium","Medium","Medium","Mpumalanga","Rainfed","Pioneer","John Deere",26.8465413533835,604.676691729323,194.092857142857,200.322781954887,3.64706015037594,1.29218072841593,-0.135282631961664,-0.237733972419121,-0.189510256158578,0.0101803691264333,4.29469860343739
"High","Medium","Medium","Medium","Medium","North West","Rainfed","Pioneer","John Deere",26.8465413533835,604.676691729323,194.092857142857,200.322781954887,3.64706015037594,1.29218072841593,-0.135282631961664,-0.237733972419121,-0.189510256158578,0.0101803691264333,5.20284139026331
"High","Medium","Medium","Medium","Medium","Free State","Irrigated","Pioneer","John Deere",26.8465413533835,604.676691729323,194.092857142857,200.322781954887,3.64706015037594,1.29218072841593,-0.135282631961664,-0.237733972419121,-0.189510256158578,0.0101803691264333,5.26086258554956
"High","Medium","Medium","Medium","Medium","Mpumalanga","Irrigated","Pioneer","John Deere",26.8465413533835,604.676691729323,194.092857142857,200.322781954887,3.64706015037594,1.29218072841593,-0.135282631961664,-0.237733972419121,-0.189510256158578,0.0101803691264333,6.35012580395257
"High","Medium","Medium","Medium","Medium","North West","Irrigated","Pioneer","John Deere",26.8465413533835,604.676691729323,194.092857142857,200.322781954887,3.64706015037594,1.29218072841593,-0.135282631961664,-0.237733972419121,-0.189510256158578,0.0101803691264333,5.54093371265765
"High","Medium","Medium","Medium","Medium","Free State","Rainfed","Pannar","New Holland",26.8465413533835,604.676691729323,194.092857142857,200.322781954887,3.64706015037594,1.29218072841593,-0.135282631961664,-0.237733972419121,-0.189510256158578,0.0101803691264333,5.87311287375049
"High","Medium","Medium","Medium","Medium","Mpumalanga","Rainfed","Pannar","New Holland",26.8465413533835,604.676691729323,194.092857142857,200.322781954887,3.64706015037594,1.29218072841593,-0.135282631961664,-0.237733972419121,-0.189510256158578,0.0101803691264333,5.28491109162326
"High","Medium","Medium","High","Low","Free State","Rainfed","Pannar","John Deere",26.8465413533835,604.676691729323,194.092857142857,285.840977443609,3.38760447761194,1.29218072841593,-0.135282631961664,-0.237733972419121,1.30373775649338,-1.18148746836324,6.63447660693428
"High","Medium","Medium","High","Low","Mpumalanga","Rainfed","Pannar","John Deere",26.8465413533835,604.676691729323,194.092857142857,285.840977443609,3.38760447761194,1.29218072841593,-0.135282631961664,-0.237733972419121,1.30373775649338,-1.18148746836324,6.39834388227193
"High","Medium","Medium","High","Low","North West","Rainfed","Pannar","John Deere",26.8465413533835,604.676691729323,194.092857142857,285.840977443609,3.38760447761194,1.29218072841593,-0.135282631961664,-0.237733972419121,1.30373775649338,-1.18148746836324,6.37170028908263
"High","Medium","Medium","High","Low","Free State","Irrigated","Pannar","John Deere",26.8465413533835,604.676691729323,194.092857142857,285.840977443609,3.38760447761194,1.29218072841593,-0.135282631961664,-0.237733972419121,1.30373775649338,-1.18148746836324,6.66466667328066
"High","Medium","Medium","High","Low","Mpumalanga","Irrigated","Pannar","John Deere",26.8465413533835,604.676691729323,194.092857142857,285.840977443609,3.38760447761194,1.29218072841593,-0.135282631961664,-0.237733972419121,1.30373775649338,-1.18148746836324,6.6439473357952
"High","Medium","Medium","High","Low","North West","Irrigated","Pannar","John Deere",26.8465413533835,604.676691729323,194.092857142857,285.840977443609,3.38760447761194,1.29218072841593,-0.135282631961664,-0.237733972419121,1.30373775649338,-1.18148746836324,6.38995038784846
"High","Medium","Medium","High","Low","Free State","Rainfed","Dekalb","John Deere",26.8465413533835,604.676691729323,194.092857142857,285.840977443609,3.38760447761194,1.29218072841593,-0.135282631961664,-0.237733972419121,1.30373775649338,-1.18148746836324,5.91625146847561
"High","Medium","Medium","High","Low","Mpumalanga","Rainfed","Dekalb","John Deere",26.8465413533835,604.676691729323,194.092857142857,285.840977443609,3.38760447761194,1.29218072841593,-0.135282631961664,-0.237733972419121,1.30373775649338,-1.18148746836324,6.45066030703289
"High","Medium","Medium","High","Low","North West","Rainfed","Dekalb","John Deere",26.8465413533835,604.676691729323,194.092857142857,285.840977443609,3.38760447761194,1.29218072841593,-0.135282631961664,-0.237733972419121,1.30373775649338,-1.18148746836324,6.41391740213853
"High","Medium","Medium","High","Low","Free State","Irrigated","Dekalb","John Deere",26.8465413533835,604.676691729323,194.092857142857,285.840977443609,3.38760447761194,1.29218072841593,-0.135282631961664,-0.237733972419121,1.30373775649338,-1.18148746836324,6.63467043907089
"High","Medium","Medium","High","Low","Mpumalanga","Irrigated","Dekalb","John Deere",26.8465413533835,604.676691729323,194.092857142857,285.840977443609,3.38760447761194,1.29218072841593,-0.135282631961664,-0.237733972419121,1.30373775649338,-1.18148746836324,6.73817293390544
"High","Medium","Medium","High","Low","North West","Irrigated","Dekalb","John Deere",26.8465413533835,604.676691729323,194.092857142857,285.840977443609,3.38760447761194,1.29218072841593,-0.135282631961664,-0.237733972419121,1.30373775649338,-1.18148746836324,6.47196492166701
"High","Medium","Medium","High","Low","Free State","Rainfed","Pioneer","John Deere",26.8465413533835,604.676691729323,194.092857142857,285.840977443609,3.38760447761194,1.29218072841593,-0.135282631961664,-0.237733972419121,1.30373775649338,-1.18148746836324,4.73765919531265
"High","Medium","Medium","High","Low","Mpumalanga","Rainfed","Pioneer","John Deere",26.8465413533835,604.676691729323,194.092857142857,285.840977443609,3.38760447761194,1.29218072841593,-0.135282631961664,-0.237733972419121,1.30373775649338,-1.18148746836324,5.27483931251773
"High","Medium","Medium","High","Low","North West","Rainfed","Pioneer","John Deere",26.8465413533835,604.676691729323,194.092857142857,285.840977443609,3.38760447761194,1.29218072841593,-0.135282631961664,-0.237733972419121,1.30373775649338,-1.18148746836324,5.17159801616523
"High","Medium","Medium","High","Low","Free State","Irrigated","Pioneer","John Deere",26.8465413533835,604.676691729323,194.092857142857,285.840977443609,3.38760447761194,1.29218072841593,-0.135282631961664,-0.237733972419121,1.30373775649338,-1.18148746836324,6.50288448771847
"High","Medium","Medium","High","Low","Mpumalanga","Irrigated","Pioneer","John Deere",26.8465413533835,604.676691729323,194.092857142857,285.840977443609,3.38760447761194,1.29218072841593,-0.135282631961664,-0.237733972419121,1.30373775649338,-1.18148746836324,5.19994285402326
"High","Medium","Medium","High","Low","North West","Irrigated","Pioneer","John Deere",26.8465413533835,604.676691729323,194.092857142857,285.840977443609,3.38760447761194,1.29218072841593,-0.135282631961664,-0.237733972419121,1.30373775649338,-1.18148746836324,6.41629982990039
"High","Medium","Medium","High","Low","Free State","Rainfed","Pannar","New Holland",26.8465413533835,604.676691729323,194.092857142857,285.840977443609,3.38760447761194,1.29218072841593,-0.135282631961664,-0.237733972419121,1.30373775649338,-1.18148746836324,5.90297644421372
"High","Medium","Medium","High","Low","Mpumalanga","Rainfed","Pannar","New Holland",26.8465413533835,604.676691729323,194.092857142857,285.840977443609,3.38760447761194,1.29218072841593,-0.135282631961664,-0.237733972419121,1.30373775649338,-1.18148746836324,5.96132929067543
"High","Medium","Medium","High","Medium","Free State","Rainfed","Pannar","John Deere",26.8465413533835,604.676691729323,194.092857142857,285.840977443609,3.64706015037594,1.29218072841593,-0.135282631961664,-0.237733972419121,1.30373775649338,0.0101803691264333,5.13848401297345
"High","Medium","Medium","High","Medium","Mpumalanga","Rainfed","Pannar","John Deere",26.8465413533835,604.676691729323,194.092857142857,285.840977443609,3.64706015037594,1.29218072841593,-0.135282631961664,-0.237733972419121,1.30373775649338,0.0101803691264333,6.47584234415389
"High","Medium","Medium","High","Medium","North West","Rainfed","Pannar","John Deere",26.8465413533835,604.676691729323,194.092857142857,285.840977443609,3.64706015037594,1.29218072841593,-0.135282631961664,-0.237733972419121,1.30373775649338,0.0101803691264333,4.99979256714946
"High","Medium","Medium","High","Medium","Free State","Irrigated","Pannar","John Deere",26.8465413533835,604.676691729323,194.092857142857,285.840977443609,3.64706015037594,1.29218072841593,-0.135282631961664,-0.237733972419121,1.30373775649338,0.0101803691264333,5.73645074673387
"High","Medium","Medium","High","Medium","Mpumalanga","Irrigated","Pannar","John Deere",26.8465413533835,604.676691729323,194.092857142857,285.840977443609,3.64706015037594,1.29218072841593,-0.135282631961664,-0.237733972419121,1.30373775649338,0.0101803691264333,6.00596523191385
"High","Medium","Medium","High","Medium","North West","Irrigated","Pannar","John Deere",26.8465413533835,604.676691729323,194.092857142857,285.840977443609,3.64706015037594,1.29218072841593,-0.135282631961664,-0.237733972419121,1.30373775649338,0.0101803691264333,5.80967912174454
"High","Medium","Medium","High","Medium","Free State","Rainfed","Dekalb","John Deere",26.8465413533835,604.676691729323,194.092857142857,285.840977443609,3.64706015037594,1.29218072841593,-0.135282631961664,-0.237733972419121,1.30373775649338,0.0101803691264333,5.64569806106667
"High","Medium","Medium","High","Medium","Mpumalanga","Rainfed","Dekalb","John Deere",26.8465413533835,604.676691729323,194.092857142857,285.840977443609,3.64706015037594,1.29218072841593,-0.135282631961664,-0.237733972419121,1.30373775649338,0.0101803691264333,6.22624772206698
"High","Medium","Medium","High","Medium","North West","Rainfed","Dekalb","John Deere",26.8465413533835,604.676691729323,194.092857142857,285.840977443609,3.64706015037594,1.29218072841593,-0.135282631961664,-0.237733972419121,1.30373775649338,0.0101803691264333,5.21520710592117
"High","Medium","Medium","High","Medium","Free State","Irrigated","Dekalb","John Deere",26.8465413533835,604.676691729323,194.092857142857,285.840977443609,3.64706015037594,1.29218072841593,-0.135282631961664,-0.237733972419121,1.30373775649338,0.0101803691264333,6.28797863202017
"High","Medium","Medium","High","Medium","Mpumalanga","Irrigated","Dekalb","John Deere",26.8465413533835,604.676691729323,194.092857142857,285.840977443609,3.64706015037594,1.29218072841593,-0.135282631961664,-0.237733972419121,1.30373775649338,0.0101803691264333,6.22360370430013
"High","Medium","Medium","High","Medium","North West","Irrigated","Dekalb","John Deere",26.8465413533835,604.676691729323,194.092857142857,285.840977443609,3.64706015037594,1.29218072841593,-0.135282631961664,-0.237733972419121,1.30373775649338,0.0101803691264333,6.62653195341901
"High","Medium","Medium","High","Medium","Free State","Rainfed","Pioneer","John Deere",26.8465413533835,604.676691729323,194.092857142857,285.840977443609,3.64706015037594,1.29218072841593,-0.135282631961664,-0.237733972419121,1.30373775649338,0.0101803691264333,5.06016467249035
"High","Medium","Medium","High","Medium","Mpumalanga","Rainfed","Pioneer","John Deere",26.8465413533835,604.676691729323,194.092857142857,285.840977443609,3.64706015037594,1.29218072841593,-0.135282631961664,-0.237733972419121,1.30373775649338,0.0101803691264333,6.11349171834149
"High","Medium","Medium","High","Medium","North West","Rainfed","Pioneer","John Deere",26.8465413533835,604.676691729323,194.092857142857,285.840977443609,3.64706015037594,1.29218072841593,-0.135282631961664,-0.237733972419121,1.30373775649338,0.0101803691264333,5.97877226012762
"High","Medium","Medium","High","Medium","Free State","Irrigated","Pioneer","John Deere",26.8465413533835,604.676691729323,194.092857142857,285.840977443609,3.64706015037594,1.29218072841593,-0.135282631961664,-0.237733972419121,1.30373775649338,0.0101803691264333,5.81290217387293
"High","Medium","Medium","High","Medium","Mpumalanga","Irrigated","Pioneer","John Deere",26.8465413533835,604.676691729323,194.092857142857,285.840977443609,3.64706015037594,1.29218072841593,-0.135282631961664,-0.237733972419121,1.30373775649338,0.0101803691264333,5.27947526008736
"High","Medium","Medium","High","Medium","North West","Irrigated","Pioneer","John Deere",26.8465413533835,604.676691729323,194.092857142857,285.840977443609,3.64706015037594,1.29218072841593,-0.135282631961664,-0.237733972419121,1.30373775649338,0.0101803691264333,5.7715868202295
"High","Medium","Medium","High","Medium","Free State","Rainfed","Pannar","New Holland",26.8465413533835,604.676691729323,194.092857142857,285.840977443609,3.64706015037594,1.29218072841593,-0.135282631961664,-0.237733972419121,1.30373775649338,0.0101803691264333,5.56804146488551
"High","Medium","Medium","High","Medium","Mpumalanga","Rainfed","Pannar","New Holland",26.8465413533835,604.676691729323,194.092857142857,285.840977443609,3.64706015037594,1.29218072841593,-0.135282631961664,-0.237733972419121,1.30373775649338,0.0101803691264333,5.64399899551821
"High","Medium","Medium","High","High","Free State","Rainfed","Pannar","John Deere",26.8465413533835,604.676691729323,194.092857142857,285.840977443609,3.92764661654135,1.29218072841593,-0.135282631961664,-0.237733972419121,1.30373775649338,1.2989009578967,6.7447580175688
"High","Medium","Medium","High","High","Mpumalanga","Rainfed","Pannar","John Deere",26.8465413533835,604.676691729323,194.092857142857,285.840977443609,3.92764661654135,1.29218072841593,-0.135282631961664,-0.237733972419121,1.30373775649338,1.2989009578967,5.66479514385742
"High","Medium","Medium","High","High","North West","Rainfed","Pannar","John Deere",26.8465413533835,604.676691729323,194.092857142857,285.840977443609,3.92764661654135,1.29218072841593,-0.135282631961664,-0.237733972419121,1.30373775649338,1.2989009578967,6.39888672026519
"High","Medium","Medium","High","High","Free State","Irrigated","Pannar","John Deere",26.8465413533835,604.676691729323,194.092857142857,285.840977443609,3.92764661654135,1.29218072841593,-0.135282631961664,-0.237733972419121,1.30373775649338,1.2989009578967,6.56725811040376
"High","Medium","Medium","High","High","Mpumalanga","Irrigated","Pannar","John Deere",26.8465413533835,604.676691729323,194.092857142857,285.840977443609,3.92764661654135,1.29218072841593,-0.135282631961664,-0.237733972419121,1.30373775649338,1.2989009578967,6.26773900072068
"High","Medium","Medium","High","High","North West","Irrigated","Pannar","John Deere",26.8465413533835,604.676691729323,194.092857142857,285.840977443609,3.92764661654135,1.29218072841593,-0.135282631961664,-0.237733972419121,1.30373775649338,1.2989009578967,6.12030109140432
"High","Medium","Medium","High","High","Free State","Rainfed","Dekalb","John Deere",26.8465413533835,604.676691729323,194.092857142857,285.840977443609,3.92764661654135,1.29218072841593,-0.135282631961664,-0.237733972419121,1.30373775649338,1.2989009578967,5.19882383024435
"High","Medium","Medium","High","High","Mpumalanga","Rainfed","Dekalb","John Deere",26.8465413533835,604.676691729323,194.092857142857,285.840977443609,3.92764661654135,1.29218072841593,-0.135282631961664,-0.237733972419121,1.30373775649338,1.2989009578967,5.35442911741473
"High","Medium","Medium","High","High","North West","Rainfed","Dekalb","John Deere",26.8465413533835,604.676691729323,194.092857142857,285.840977443609,3.92764661654135,1.29218072841593,-0.135282631961664,-0.237733972419121,1.30373775649338,1.2989009578967,6.30141527852527
"High","Medium","Medium","High","High","Free State","Irrigated","Dekalb","John Deere",26.8465413533835,604.676691729323,194.092857142857,285.840977443609,3.92764661654135,1.29218072841593,-0.135282631961664,-0.237733972419121,1.30373775649338,1.2989009578967,7.39285451435097
"High","Medium","Medium","High","High","Mpumalanga","Irrigated","Dekalb","John Deere",26.8465413533835,604.676691729323,194.092857142857,285.840977443609,3.92764661654135,1.29218072841593,-0.135282631961664,-0.237733972419121,1.30373775649338,1.2989009578967,6.80559783645335
"High","Medium","Medium","High","High","North West","Irrigated","Dekalb","John Deere",26.8465413533835,604.676691729323,194.092857142857,285.840977443609,3.92764661654135,1.29218072841593,-0.135282631961664,-0.237733972419121,1.30373775649338,1.2989009578967,6.57823477875368
"High","Medium","Medium","High","High","Free State","Rainfed","Pioneer","John Deere",26.8465413533835,604.676691729323,194.092857142857,285.840977443609,3.92764661654135,1.29218072841593,-0.135282631961664,-0.237733972419121,1.30373775649338,1.2989009578967,4.65722014274551
"High","Medium","Medium","High","High","Mpumalanga","Rainfed","Pioneer","John Deere",26.8465413533835,604.676691729323,194.092857142857,285.840977443609,3.92764661654135,1.29218072841593,-0.135282631961664,-0.237733972419121,1.30373775649338,1.2989009578967,6.28230428628626
"High","Medium","Medium","High","High","North West","Rainfed","Pioneer","John Deere",26.8465413533835,604.676691729323,194.092857142857,285.840977443609,3.92764661654135,1.29218072841593,-0.135282631961664,-0.237733972419121,1.30373775649338,1.2989009578967,5.8516726078618
"High","Medium","Medium","High","High","Free State","Irrigated","Pioneer","John Deere",26.8465413533835,604.676691729323,194.092857142857,285.840977443609,3.92764661654135,1.29218072841593,-0.135282631961664,-0.237733972419121,1.30373775649338,1.2989009578967,6.16032578996399
"High","Medium","Medium","High","High","Mpumalanga","Irrigated","Pioneer","John Deere",26.8465413533835,604.676691729323,194.092857142857,285.840977443609,3.92764661654135,1.29218072841593,-0.135282631961664,-0.237733972419121,1.30373775649338,1.2989009578967,6.81887885911466
"High","Medium","Medium","High","High","North West","Irrigated","Pioneer","John Deere",26.8465413533835,604.676691729323,194.092857142857,285.840977443609,3.92764661654135,1.29218072841593,-0.135282631961664,-0.237733972419121,1.30373775649338,1.2989009578967,6.98565083750856
"High","Medium","Medium","High","High","Free State","Rainfed","Pannar","New Holland",26.8465413533835,604.676691729323,194.092857142857,285.840977443609,3.92764661654135,1.29218072841593,-0.135282631961664,-0.237733972419121,1.30373775649338,1.2989009578967,5.78175039456925
"High","Medium","Medium","High","High","Mpumalanga","Rainfed","Pannar","New Holland",26.8465413533835,604.676691729323,194.092857142857,285.840977443609,3.92764661654135,1.29218072841593,-0.135282631961664,-0.237733972419121,1.30373775649338,1.2989009578967,6.01604688824304
"High","Medium","High","Low","Low","Free State","Rainfed","Pannar","John Deere",26.8465413533835,604.676691729323,296.555789473684,144.721044776119,3.38760447761194,1.29218072841593,-0.135282631961664,1.29344548222192,-1.16038181241284,-1.18148746836324,6.19304714801931
"High","Medium","High","Low","Low","Mpumalanga","Rainfed","Pannar","John Deere",26.8465413533835,604.676691729323,296.555789473684,144.721044776119,3.38760447761194,1.29218072841593,-0.135282631961664,1.29344548222192,-1.16038181241284,-1.18148746836324,6.27753187192719
"High","Medium","High","Low","Low","North West","Rainfed","Pannar","John Deere",26.8465413533835,604.676691729323,296.555789473684,144.721044776119,3.38760447761194,1.29218072841593,-0.135282631961664,1.29344548222192,-1.16038181241284,-1.18148746836324,6.3453439230692
"High","Medium","High","Low","Low","Free State","Irrigated","Pannar","John Deere",26.8465413533835,604.676691729323,296.555789473684,144.721044776119,3.38760447761194,1.29218072841593,-0.135282631961664,1.29344548222192,-1.16038181241284,-1.18148746836324,6.79461401168941
"High","Medium","High","Low","Low","Mpumalanga","Irrigated","Pannar","John Deere",26.8465413533835,604.676691729323,296.555789473684,144.721044776119,3.38760447761194,1.29218072841593,-0.135282631961664,1.29344548222192,-1.16038181241284,-1.18148746836324,6.22434196565399
"High","Medium","High","Low","Low","North West","Irrigated","Pannar","John Deere",26.8465413533835,604.676691729323,296.555789473684,144.721044776119,3.38760447761194,1.29218072841593,-0.135282631961664,1.29344548222192,-1.16038181241284,-1.18148746836324,6.75442834441227
"High","Medium","High","Low","Low","Free State","Rainfed","Dekalb","John Deere",26.8465413533835,604.676691729323,296.555789473684,144.721044776119,3.38760447761194,1.29218072841593,-0.135282631961664,1.29344548222192,-1.16038181241284,-1.18148746836324,5.72764834400923
"High","Medium","High","Low","Low","Mpumalanga","Rainfed","Dekalb","John Deere",26.8465413533835,604.676691729323,296.555789473684,144.721044776119,3.38760447761194,1.29218072841593,-0.135282631961664,1.29344548222192,-1.16038181241284,-1.18148746836324,6.42802933301119
"High","Medium","High","Low","Low","North West","Rainfed","Dekalb","John Deere",26.8465413533835,604.676691729323,296.555789473684,144.721044776119,3.38760447761194,1.29218072841593,-0.135282631961664,1.29344548222192,-1.16038181241284,-1.18148746836324,6.43633965456375
"High","Medium","High","Low","Low","Free State","Irrigated","Dekalb","John Deere",26.8465413533835,604.676691729323,296.555789473684,144.721044776119,3.38760447761194,1.29218072841593,-0.135282631961664,1.29344548222192,-1.16038181241284,-1.18148746836324,5.27370997032393
"High","Medium","High","Low","Low","Mpumalanga","Irrigated","Dekalb","John Deere",26.8465413533835,604.676691729323,296.555789473684,144.721044776119,3.38760447761194,1.29218072841593,-0.135282631961664,1.29344548222192,-1.16038181241284,-1.18148746836324,5.79205779096921
"High","Medium","High","Low","Low","North West","Irrigated","Dekalb","John Deere",26.8465413533835,604.676691729323,296.555789473684,144.721044776119,3.38760447761194,1.29218072841593,-0.135282631961664,1.29344548222192,-1.16038181241284,-1.18148746836324,6.20801259921297
"High","Medium","High","Low","Low","Free State","Rainfed","Pioneer","John Deere",26.8465413533835,604.676691729323,296.555789473684,144.721044776119,3.38760447761194,1.29218072841593,-0.135282631961664,1.29344548222192,-1.16038181241284,-1.18148746836324,5.96126017117483
"High","Medium","High","Low","Low","Mpumalanga","Rainfed","Pioneer","John Deere",26.8465413533835,604.676691729323,296.555789473684,144.721044776119,3.38760447761194,1.29218072841593,-0.135282631961664,1.29344548222192,-1.16038181241284,-1.18148746836324,6.22796866028739
"High","Medium","High","Low","Low","North West","Rainfed","Pioneer","John Deere",26.8465413533835,604.676691729323,296.555789473684,144.721044776119,3.38760447761194,1.29218072841593,-0.135282631961664,1.29344548222192,-1.16038181241284,-1.18148746836324,5.40884243954823
"High","Medium","High","Low","Low","Free State","Irrigated","Pioneer","John Deere",26.8465413533835,604.676691729323,296.555789473684,144.721044776119,3.38760447761194,1.29218072841593,-0.135282631961664,1.29344548222192,-1.16038181241284,-1.18148746836324,7.00560017901036
"High","Medium","High","Low","Low","Mpumalanga","Irrigated","Pioneer","John Deere",26.8465413533835,604.676691729323,296.555789473684,144.721044776119,3.38760447761194,1.29218072841593,-0.135282631961664,1.29344548222192,-1.16038181241284,-1.18148746836324,6.54139078199514
"High","Medium","High","Low","Low","North West","Irrigated","Pioneer","John Deere",26.8465413533835,604.676691729323,296.555789473684,144.721044776119,3.38760447761194,1.29218072841593,-0.135282631961664,1.29344548222192,-1.16038181241284,-1.18148746836324,6.01666021328428
"High","Medium","High","Low","Low","Free State","Rainfed","Pannar","New Holland",26.8465413533835,604.676691729323,296.555789473684,144.721044776119,3.38760447761194,1.29218072841593,-0.135282631961664,1.29344548222192,-1.16038181241284,-1.18148746836324,5.76921681157117
"High","Medium","High","Low","Low","Mpumalanga","Rainfed","Pannar","New Holland",26.8465413533835,604.676691729323,296.555789473684,144.721044776119,3.38760447761194,1.29218072841593,-0.135282631961664,1.29344548222192,-1.16038181241284,-1.18148746836324,4.9527075107726
"High","Medium","High","Low","High","Free State","Rainfed","Pannar","John Deere",26.8465413533835,604.676691729323,296.555789473684,144.721044776119,3.92764661654135,1.29218072841593,-0.135282631961664,1.29344548222192,-1.16038181241284,1.2989009578967,5.24093463808251
"High","Medium","High","Low","High","Mpumalanga","Rainfed","Pannar","John Deere",26.8465413533835,604.676691729323,296.555789473684,144.721044776119,3.92764661654135,1.29218072841593,-0.135282631961664,1.29344548222192,-1.16038181241284,1.2989009578967,6.0679179421646
"High","Medium","High","Low","High","North West","Rainfed","Pannar","John Deere",26.8465413533835,604.676691729323,296.555789473684,144.721044776119,3.92764661654135,1.29218072841593,-0.135282631961664,1.29344548222192,-1.16038181241284,1.2989009578967,6.71734192854646
"High","Medium","High","Low","High","Free State","Irrigated","Pannar","John Deere",26.8465413533835,604.676691729323,296.555789473684,144.721044776119,3.92764661654135,1.29218072841593,-0.135282631961664,1.29344548222192,-1.16038181241284,1.2989009578967,6.67564987959395
"High","Medium","High","Low","High","Mpumalanga","Irrigated","Pannar","John Deere",26.8465413533835,604.676691729323,296.555789473684,144.721044776119,3.92764661654135,1.29218072841593,-0.135282631961664,1.29344548222192,-1.16038181241284,1.2989009578967,6.9966312902447
"High","Medium","High","Low","High","North West","Irrigated","Pannar","John Deere",26.8465413533835,604.676691729323,296.555789473684,144.721044776119,3.92764661654135,1.29218072841593,-0.135282631961664,1.29344548222192,-1.16038181241284,1.2989009578967,7.51417842508502
"High","Medium","High","Low","High","Free State","Rainfed","Dekalb","John Deere",26.8465413533835,604.676691729323,296.555789473684,144.721044776119,3.92764661654135,1.29218072841593,-0.135282631961664,1.29344548222192,-1.16038181241284,1.2989009578967,6.5001969230302
"High","Medium","High","Low","High","Mpumalanga","Rainfed","Dekalb","John Deere",26.8465413533835,604.676691729323,296.555789473684,144.721044776119,3.92764661654135,1.29218072841593,-0.135282631961664,1.29344548222192,-1.16038181241284,1.2989009578967,5.97639318287492
"High","Medium","High","Low","High","North West","Rainfed","Dekalb","John Deere",26.8465413533835,604.676691729323,296.555789473684,144.721044776119,3.92764661654135,1.29218072841593,-0.135282631961664,1.29344548222192,-1.16038181241284,1.2989009578967,6.4836580624834
"High","Medium","High","Low","High","Free State","Irrigated","Dekalb","John Deere",26.8465413533835,604.676691729323,296.555789473684,144.721044776119,3.92764661654135,1.29218072841593,-0.135282631961664,1.29344548222192,-1.16038181241284,1.2989009578967,6.72634487740785
"High","Medium","High","Low","High","Mpumalanga","Irrigated","Dekalb","John Deere",26.8465413533835,604.676691729323,296.555789473684,144.721044776119,3.92764661654135,1.29218072841593,-0.135282631961664,1.29344548222192,-1.16038181241284,1.2989009578967,7.6277014262518
"High","Medium","High","Low","High","North West","Irrigated","Dekalb","John Deere",26.8465413533835,604.676691729323,296.555789473684,144.721044776119,3.92764661654135,1.29218072841593,-0.135282631961664,1.29344548222192,-1.16038181241284,1.2989009578967,6.2233426154604
"High","Medium","High","Low","High","Free State","Rainfed","Pioneer","John Deere",26.8465413533835,604.676691729323,296.555789473684,144.721044776119,3.92764661654135,1.29218072841593,-0.135282631961664,1.29344548222192,-1.16038181241284,1.2989009578967,6.36671018094148
"High","Medium","High","Low","High","Mpumalanga","Rainfed","Pioneer","John Deere",26.8465413533835,604.676691729323,296.555789473684,144.721044776119,3.92764661654135,1.29218072841593,-0.135282631961664,1.29344548222192,-1.16038181241284,1.2989009578967,6.03517454192087
"High","Medium","High","Low","High","North West","Rainfed","Pioneer","John Deere",26.8465413533835,604.676691729323,296.555789473684,144.721044776119,3.92764661654135,1.29218072841593,-0.135282631961664,1.29344548222192,-1.16038181241284,1.2989009578967,5.39756921505414
"High","Medium","High","Low","High","Free State","Irrigated","Pioneer","John Deere",26.8465413533835,604.676691729323,296.555789473684,144.721044776119,3.92764661654135,1.29218072841593,-0.135282631961664,1.29344548222192,-1.16038181241284,1.2989009578967,6.98251254124912
"High","Medium","High","Low","High","Mpumalanga","Irrigated","Pioneer","John Deere",26.8465413533835,604.676691729323,296.555789473684,144.721044776119,3.92764661654135,1.29218072841593,-0.135282631961664,1.29344548222192,-1.16038181241284,1.2989009578967,6.80859758444668
"High","Medium","High","Low","High","North West","Irrigated","Pioneer","John Deere",26.8465413533835,604.676691729323,296.555789473684,144.721044776119,3.92764661654135,1.29218072841593,-0.135282631961664,1.29344548222192,-1.16038181241284,1.2989009578967,6.37358953507617
"High","Medium","High","Low","High","Free State","Rainfed","Pannar","New Holland",26.8465413533835,604.676691729323,296.555789473684,144.721044776119,3.92764661654135,1.29218072841593,-0.135282631961664,1.29344548222192,-1.16038181241284,1.2989009578967,6.27078349659417
"High","Medium","High","Low","High","Mpumalanga","Rainfed","Pannar","New Holland",26.8465413533835,604.676691729323,296.555789473684,144.721044776119,3.92764661654135,1.29218072841593,-0.135282631961664,1.29344548222192,-1.16038181241284,1.2989009578967,5.94883478899158
"High","Medium","High","Medium","Low","Free State","Rainfed","Pannar","John Deere",26.8465413533835,604.676691729323,296.555789473684,200.322781954887,3.38760447761194,1.29218072841593,-0.135282631961664,1.29344548222192,-0.189510256158578,-1.18148746836324,5.36087333725719
"High","Medium","High","Medium","Low","Mpumalanga","Rainfed","Pannar","John Deere",26.8465413533835,604.676691729323,296.555789473684,200.322781954887,3.38760447761194,1.29218072841593,-0.135282631961664,1.29344548222192,-0.189510256158578,-1.18148746836324,5.8681147759929
"High","Medium","High","Medium","Low","North West","Rainfed","Pannar","John Deere",26.8465413533835,604.676691729323,296.555789473684,200.322781954887,3.38760447761194,1.29218072841593,-0.135282631961664,1.29344548222192,-0.189510256158578,-1.18148746836324,6.60675500512086
"High","Medium","High","Medium","Low","Free State","Irrigated","Pannar","John Deere",26.8465413533835,604.676691729323,296.555789473684,200.322781954887,3.38760447761194,1.29218072841593,-0.135282631961664,1.29344548222192,-0.189510256158578,-1.18148746836324,6.5772851203742
"High","Medium","High","Medium","Low","Mpumalanga","Irrigated","Pannar","John Deere",26.8465413533835,604.676691729323,296.555789473684,200.322781954887,3.38760447761194,1.29218072841593,-0.135282631961664,1.29344548222192,-0.189510256158578,-1.18148746836324,6.09475657810872
"High","Medium","High","Medium","Low","North West","Irrigated","Pannar","John Deere",26.8465413533835,604.676691729323,296.555789473684,200.322781954887,3.38760447761194,1.29218072841593,-0.135282631961664,1.29344548222192,-0.189510256158578,-1.18148746836324,6.20399675782711
"High","Medium","High","Medium","Low","Free State","Rainfed","Dekalb","John Deere",26.8465413533835,604.676691729323,296.555789473684,200.322781954887,3.38760447761194,1.29218072841593,-0.135282631961664,1.29344548222192,-0.189510256158578,-1.18148746836324,6.53628133463441
"High","Medium","High","Medium","Low","Mpumalanga","Rainfed","Dekalb","John Deere",26.8465413533835,604.676691729323,296.555789473684,200.322781954887,3.38760447761194,1.29218072841593,-0.135282631961664,1.29344548222192,-0.189510256158578,-1.18148746836324,5.79288525137625
"High","Medium","High","Medium","Low","North West","Rainfed","Dekalb","John Deere",26.8465413533835,604.676691729323,296.555789473684,200.322781954887,3.38760447761194,1.29218072841593,-0.135282631961664,1.29344548222192,-0.189510256158578,-1.18148746836324,6.29846870134165
"High","Medium","High","Medium","Low","Free State","Irrigated","Dekalb","John Deere",26.8465413533835,604.676691729323,296.555789473684,200.322781954887,3.38760447761194,1.29218072841593,-0.135282631961664,1.29344548222192,-0.189510256158578,-1.18148746836324,6.24032282662924
"High","Medium","High","Medium","Low","Mpumalanga","Irrigated","Dekalb","John Deere",26.8465413533835,604.676691729323,296.555789473684,200.322781954887,3.38760447761194,1.29218072841593,-0.135282631961664,1.29344548222192,-0.189510256158578,-1.18148746836324,7.60263836784673
"High","Medium","High","Medium","Low","North West","Irrigated","Dekalb","John Deere",26.8465413533835,604.676691729323,296.555789473684,200.322781954887,3.38760447761194,1.29218072841593,-0.135282631961664,1.29344548222192,-0.189510256158578,-1.18148746836324,6.84694353116863
"High","Medium","High","Medium","Low","Free State","Rainfed","Pioneer","John Deere",26.8465413533835,604.676691729323,296.555789473684,200.322781954887,3.38760447761194,1.29218072841593,-0.135282631961664,1.29344548222192,-0.189510256158578,-1.18148746836324,6.28347123135206
"High","Medium","High","Medium","Low","Mpumalanga","Rainfed","Pioneer","John Deere",26.8465413533835,604.676691729323,296.555789473684,200.322781954887,3.38760447761194,1.29218072841593,-0.135282631961664,1.29344548222192,-0.189510256158578,-1.18148746836324,6.41686435343539
"High","Medium","High","Medium","Low","North West","Rainfed","Pioneer","John Deere",26.8465413533835,604.676691729323,296.555789473684,200.322781954887,3.38760447761194,1.29218072841593,-0.135282631961664,1.29344548222192,-0.189510256158578,-1.18148746836324,5.84374922687584
"High","Medium","High","Medium","Low","Free State","Irrigated","Pioneer","John Deere",26.8465413533835,604.676691729323,296.555789473684,200.322781954887,3.38760447761194,1.29218072841593,-0.135282631961664,1.29344548222192,-0.189510256158578,-1.18148746836324,7.15581966960534
"High","Medium","High","Medium","Low","Mpumalanga","Irrigated","Pioneer","John Deere",26.8465413533835,604.676691729323,296.555789473684,200.322781954887,3.38760447761194,1.29218072841593,-0.135282631961664,1.29344548222192,-0.189510256158578,-1.18148746836324,6.69090809794523
"High","Medium","High","Medium","Low","North West","Irrigated","Pioneer","John Deere",26.8465413533835,604.676691729323,296.555789473684,200.322781954887,3.38760447761194,1.29218072841593,-0.135282631961664,1.29344548222192,-0.189510256158578,-1.18148746836324,6.71119299841189
"High","Medium","High","Medium","Low","Free State","Rainfed","Pannar","New Holland",26.8465413533835,604.676691729323,296.555789473684,200.322781954887,3.38760447761194,1.29218072841593,-0.135282631961664,1.29344548222192,-0.189510256158578,-1.18148746836324,6.14873381580813
"High","Medium","High","Medium","Low","Mpumalanga","Rainfed","Pannar","New Holland",26.8465413533835,604.676691729323,296.555789473684,200.322781954887,3.38760447761194,1.29218072841593,-0.135282631961664,1.29344548222192,-0.189510256158578,-1.18148746836324,6.52590381598664
"High","Medium","High","Medium","Medium","Free State","Rainfed","Pannar","John Deere",26.8465413533835,604.676691729323,296.555789473684,200.322781954887,3.64706015037594,1.29218072841593,-0.135282631961664,1.29344548222192,-0.189510256158578,0.0101803691264333,6.33862830796141
"High","Medium","High","Medium","Medium","Mpumalanga","Rainfed","Pannar","John Deere",26.8465413533835,604.676691729323,296.555789473684,200.322781954887,3.64706015037594,1.29218072841593,-0.135282631961664,1.29344548222192,-0.189510256158578,0.0101803691264333,7.1976858449919
"High","Medium","High","Medium","Medium","North West","Rainfed","Pannar","John Deere",26.8465413533835,604.676691729323,296.555789473684,200.322781954887,3.64706015037594,1.29218072841593,-0.135282631961664,1.29344548222192,-0.189510256158578,0.0101803691264333,6.06110692871867
"High","Medium","High","Medium","Medium","Free State","Irrigated","Pannar","John Deere",26.8465413533835,604.676691729323,296.555789473684,200.322781954887,3.64706015037594,1.29218072841593,-0.135282631961664,1.29344548222192,-0.189510256158578,0.0101803691264333,6.30083933242757
"High","Medium","High","Medium","Medium","Mpumalanga","Irrigated","Pannar","John Deere",26.8465413533835,604.676691729323,296.555789473684,200.322781954887,3.64706015037594,1.29218072841593,-0.135282631961664,1.29344548222192,-0.189510256158578,0.0101803691264333,6.39537342368622
"High","Medium","High","Medium","Medium","North West","Irrigated","Pannar","John Deere",26.8465413533835,604.676691729323,296.555789473684,200.322781954887,3.64706015037594,1.29218072841593,-0.135282631961664,1.29344548222192,-0.189510256158578,0.0101803691264333,6.71708635835127
"High","Medium","High","Medium","Medium","Free State","Rainfed","Dekalb","John Deere",26.8465413533835,604.676691729323,296.555789473684,200.322781954887,3.64706015037594,1.29218072841593,-0.135282631961664,1.29344548222192,-0.189510256158578,0.0101803691264333,7.02050865841589
"High","Medium","High","Medium","Medium","Mpumalanga","Rainfed","Dekalb","John Deere",26.8465413533835,604.676691729323,296.555789473684,200.322781954887,3.64706015037594,1.29218072841593,-0.135282631961664,1.29344548222192,-0.189510256158578,0.0101803691264333,6.58979736826421
"High","Medium","High","Medium","Medium","North West","Rainfed","Dekalb","John Deere",26.8465413533835,604.676691729323,296.555789473684,200.322781954887,3.64706015037594,1.29218072841593,-0.135282631961664,1.29344548222192,-0.189510256158578,0.0101803691264333,5.25365515965831
"High","Medium","High","Medium","Medium","Free State","Irrigated","Dekalb","John Deere",26.8465413533835,604.676691729323,296.555789473684,200.322781954887,3.64706015037594,1.29218072841593,-0.135282631961664,1.29344548222192,-0.189510256158578,0.0101803691264333,6.88331044307144
"High","Medium","High","Medium","Medium","Mpumalanga","Irrigated","Dekalb","John Deere",26.8465413533835,604.676691729323,296.555789473684,200.322781954887,3.64706015037594,1.29218072841593,-0.135282631961664,1.29344548222192,-0.189510256158578,0.0101803691264333,7.57178944153976
"High","Medium","High","Medium","Medium","North West","Irrigated","Dekalb","John Deere",26.8465413533835,604.676691729323,296.555789473684,200.322781954887,3.64706015037594,1.29218072841593,-0.135282631961664,1.29344548222192,-0.189510256158578,0.0101803691264333,6.95620952787749
"High","Medium","High","Medium","Medium","Free State","Rainfed","Pioneer","John Deere",26.8465413533835,604.676691729323,296.555789473684,200.322781954887,3.64706015037594,1.29218072841593,-0.135282631961664,1.29344548222192,-0.189510256158578,0.0101803691264333,6.5190430118453
"High","Medium","High","Medium","Medium","Mpumalanga","Rainfed","Pioneer","John Deere",26.8465413533835,604.676691729323,296.555789473684,200.322781954887,3.64706015037594,1.29218072841593,-0.135282631961664,1.29344548222192,-0.189510256158578,0.0101803691264333,6.21694542295501
"High","Medium","High","Medium","Medium","North West","Rainfed","Pioneer","John Deere",26.8465413533835,604.676691729323,296.555789473684,200.322781954887,3.64706015037594,1.29218072841593,-0.135282631961664,1.29344548222192,-0.189510256158578,0.0101803691264333,5.52051562939615
"High","Medium","High","Medium","Medium","Free State","Irrigated","Pioneer","John Deere",26.8465413533835,604.676691729323,296.555789473684,200.322781954887,3.64706015037594,1.29218072841593,-0.135282631961664,1.29344548222192,-0.189510256158578,0.0101803691264333,6.80307065359681
"High","Medium","High","Medium","Medium","Mpumalanga","Irrigated","Pioneer","John Deere",26.8465413533835,604.676691729323,296.555789473684,200.322781954887,3.64706015037594,1.29218072841593,-0.135282631961664,1.29344548222192,-0.189510256158578,0.0101803691264333,7.03290584783736
"High","Medium","High","Medium","Medium","North West","Irrigated","Pioneer","John Deere",26.8465413533835,604.676691729323,296.555789473684,200.322781954887,3.64706015037594,1.29218072841593,-0.135282631961664,1.29344548222192,-0.189510256158578,0.0101803691264333,7.48017009390482
"High","Medium","High","Medium","Medium","Free State","Rainfed","Pannar","New Holland",26.8465413533835,604.676691729323,296.555789473684,200.322781954887,3.64706015037594,1.29218072841593,-0.135282631961664,1.29344548222192,-0.189510256158578,0.0101803691264333,6.35210194460113
"High","Medium","High","Medium","Medium","Mpumalanga","Rainfed","Pannar","New Holland",26.8465413533835,604.676691729323,296.555789473684,200.322781954887,3.64706015037594,1.29218072841593,-0.135282631961664,1.29344548222192,-0.189510256158578,0.0101803691264333,6.65648062562078
"High","Medium","High","Medium","High","Free State","Rainfed","Pannar","John Deere",26.8465413533835,604.676691729323,296.555789473684,200.322781954887,3.92764661654135,1.29218072841593,-0.135282631961664,1.29344548222192,-0.189510256158578,1.2989009578967,5.63608891425824
"High","Medium","High","Medium","High","Mpumalanga","Rainfed","Pannar","John Deere",26.8465413533835,604.676691729323,296.555789473684,200.322781954887,3.92764661654135,1.29218072841593,-0.135282631961664,1.29344548222192,-0.189510256158578,1.2989009578967,6.62424200100103
"High","Medium","High","Medium","High","North West","Rainfed","Pannar","John Deere",26.8465413533835,604.676691729323,296.555789473684,200.322781954887,3.92764661654135,1.29218072841593,-0.135282631961664,1.29344548222192,-0.189510256158578,1.2989009578967,6.32531840700902
"High","Medium","High","Medium","High","Free State","Irrigated","Pannar","John Deere",26.8465413533835,604.676691729323,296.555789473684,200.322781954887,3.92764661654135,1.29218072841593,-0.135282631961664,1.29344548222192,-0.189510256158578,1.2989009578967,6.99172155783811
"High","Medium","High","Medium","High","Mpumalanga","Irrigated","Pannar","John Deere",26.8465413533835,604.676691729323,296.555789473684,200.322781954887,3.92764661654135,1.29218072841593,-0.135282631961664,1.29344548222192,-0.189510256158578,1.2989009578967,6.67792078999138
"High","Medium","High","Medium","High","North West","Irrigated","Pannar","John Deere",26.8465413533835,604.676691729323,296.555789473684,200.322781954887,3.92764661654135,1.29218072841593,-0.135282631961664,1.29344548222192,-0.189510256158578,1.2989009578967,6.89473719777446
"High","Medium","High","Medium","High","Free State","Rainfed","Dekalb","John Deere",26.8465413533835,604.676691729323,296.555789473684,200.322781954887,3.92764661654135,1.29218072841593,-0.135282631961664,1.29344548222192,-0.189510256158578,1.2989009578967,6.68556019048961
"High","Medium","High","Medium","High","Mpumalanga","Rainfed","Dekalb","John Deere",26.8465413533835,604.676691729323,296.555789473684,200.322781954887,3.92764661654135,1.29218072841593,-0.135282631961664,1.29344548222192,-0.189510256158578,1.2989009578967,5.69355940637534
"High","Medium","High","Medium","High","North West","Rainfed","Dekalb","John Deere",26.8465413533835,604.676691729323,296.555789473684,200.322781954887,3.92764661654135,1.29218072841593,-0.135282631961664,1.29344548222192,-0.189510256158578,1.2989009578967,7.04459210292409
"High","Medium","High","Medium","High","Free State","Irrigated","Dekalb","John Deere",26.8465413533835,604.676691729323,296.555789473684,200.322781954887,3.92764661654135,1.29218072841593,-0.135282631961664,1.29344548222192,-0.189510256158578,1.2989009578967,7.25437649637968
"High","Medium","High","Medium","High","Mpumalanga","Irrigated","Dekalb","John Deere",26.8465413533835,604.676691729323,296.555789473684,200.322781954887,3.92764661654135,1.29218072841593,-0.135282631961664,1.29344548222192,-0.189510256158578,1.2989009578967,7.36495175441616
"High","Medium","High","Medium","High","North West","Irrigated","Dekalb","John Deere",26.8465413533835,604.676691729323,296.555789473684,200.322781954887,3.92764661654135,1.29218072841593,-0.135282631961664,1.29344548222192,-0.189510256158578,1.2989009578967,7.37393340677417
"High","Medium","High","Medium","High","Free State","Rainfed","Pioneer","John Deere",26.8465413533835,604.676691729323,296.555789473684,200.322781954887,3.92764661654135,1.29218072841593,-0.135282631961664,1.29344548222192,-0.189510256158578,1.2989009578967,6.00659075386031
"High","Medium","High","Medium","High","Mpumalanga","Rainfed","Pioneer","John Deere",26.8465413533835,604.676691729323,296.555789473684,200.322781954887,3.92764661654135,1.29218072841593,-0.135282631961664,1.29344548222192,-0.189510256158578,1.2989009578967,6.731034927926
"High","Medium","High","Medium","High","North West","Rainfed","Pioneer","John Deere",26.8465413533835,604.676691729323,296.555789473684,200.322781954887,3.92764661654135,1.29218072841593,-0.135282631961664,1.29344548222192,-0.189510256158578,1.2989009578967,6.24103827611878
"High","Medium","High","Medium","High","Free State","Irrigated","Pioneer","John Deere",26.8465413533835,604.676691729323,296.555789473684,200.322781954887,3.92764661654135,1.29218072841593,-0.135282631961664,1.29344548222192,-0.189510256158578,1.2989009578967,8.30746057984569
"High","Medium","High","Medium","High","Mpumalanga","Irrigated","Pioneer","John Deere",26.8465413533835,604.676691729323,296.555789473684,200.322781954887,3.92764661654135,1.29218072841593,-0.135282631961664,1.29344548222192,-0.189510256158578,1.2989009578967,7.52339094609691
"High","Medium","High","Medium","High","North West","Irrigated","Pioneer","John Deere",26.8465413533835,604.676691729323,296.555789473684,200.322781954887,3.92764661654135,1.29218072841593,-0.135282631961664,1.29344548222192,-0.189510256158578,1.2989009578967,7.17298211876322
"High","Medium","High","Medium","High","Free State","Rainfed","Pannar","New Holland",26.8465413533835,604.676691729323,296.555789473684,200.322781954887,3.92764661654135,1.29218072841593,-0.135282631961664,1.29344548222192,-0.189510256158578,1.2989009578967,5.47807424536654
"High","Medium","High","Medium","High","Mpumalanga","Rainfed","Pannar","New Holland",26.8465413533835,604.676691729323,296.555789473684,200.322781954887,3.92764661654135,1.29218072841593,-0.135282631961664,1.29344548222192,-0.189510256158578,1.2989009578967,5.67784100002121
"High","Medium","High","High","Low","Free State","Rainfed","Pannar","John Deere",26.8465413533835,604.676691729323,296.555789473684,285.840977443609,3.38760447761194,1.29218072841593,-0.135282631961664,1.29344548222192,1.30373775649338,-1.18148746836324,6.09618592808837
"High","Medium","High","High","Low","Mpumalanga","Rainfed","Pannar","John Deere",26.8465413533835,604.676691729323,296.555789473684,285.840977443609,3.38760447761194,1.29218072841593,-0.135282631961664,1.29344548222192,1.30373775649338,-1.18148746836324,7.46353046055877
"High","Medium","High","High","Low","North West","Rainfed","Pannar","John Deere",26.8465413533835,604.676691729323,296.555789473684,285.840977443609,3.38760447761194,1.29218072841593,-0.135282631961664,1.29344548222192,1.30373775649338,-1.18148746836324,6.46713889355252
"High","Medium","High","High","Low","Free State","Irrigated","Pannar","John Deere",26.8465413533835,604.676691729323,296.555789473684,285.840977443609,3.38760447761194,1.29218072841593,-0.135282631961664,1.29344548222192,1.30373775649338,-1.18148746836324,8.00233619716303
"High","Medium","High","High","Low","Mpumalanga","Irrigated","Pannar","John Deere",26.8465413533835,604.676691729323,296.555789473684,285.840977443609,3.38760447761194,1.29218072841593,-0.135282631961664,1.29344548222192,1.30373775649338,-1.18148746836324,7.09254942553936
"High","Medium","High","High","Low","North West","Irrigated","Pannar","John Deere",26.8465413533835,604.676691729323,296.555789473684,285.840977443609,3.38760447761194,1.29218072841593,-0.135282631961664,1.29344548222192,1.30373775649338,-1.18148746836324,7.37027134718152
"High","Medium","High","High","Low","Free State","Rainfed","Dekalb","John Deere",26.8465413533835,604.676691729323,296.555789473684,285.840977443609,3.38760447761194,1.29218072841593,-0.135282631961664,1.29344548222192,1.30373775649338,-1.18148746836324,6.42744907553928
"High","Medium","High","High","Low","Mpumalanga","Rainfed","Dekalb","John Deere",26.8465413533835,604.676691729323,296.555789473684,285.840977443609,3.38760447761194,1.29218072841593,-0.135282631961664,1.29344548222192,1.30373775649338,-1.18148746836324,5.94678362404917
"High","Medium","High","High","Low","North West","Rainfed","Dekalb","John Deere",26.8465413533835,604.676691729323,296.555789473684,285.840977443609,3.38760447761194,1.29218072841593,-0.135282631961664,1.29344548222192,1.30373775649338,-1.18148746836324,5.37037384314496
"High","Medium","High","High","Low","Free State","Irrigated","Dekalb","John Deere",26.8465413533835,604.676691729323,296.555789473684,285.840977443609,3.38760447761194,1.29218072841593,-0.135282631961664,1.29344548222192,1.30373775649338,-1.18148746836324,8.01761541479701
"High","Medium","High","High","Low","Mpumalanga","Irrigated","Dekalb","John Deere",26.8465413533835,604.676691729323,296.555789473684,285.840977443609,3.38760447761194,1.29218072841593,-0.135282631961664,1.29344548222192,1.30373775649338,-1.18148746836324,6.24855883333322
"High","Medium","High","High","Low","North West","Irrigated","Dekalb","John Deere",26.8465413533835,604.676691729323,296.555789473684,285.840977443609,3.38760447761194,1.29218072841593,-0.135282631961664,1.29344548222192,1.30373775649338,-1.18148746836324,7.09472457166683
"High","Medium","High","High","Low","Free State","Rainfed","Pioneer","John Deere",26.8465413533835,604.676691729323,296.555789473684,285.840977443609,3.38760447761194,1.29218072841593,-0.135282631961664,1.29344548222192,1.30373775649338,-1.18148746836324,6.59983391792183
"High","Medium","High","High","Low","Mpumalanga","Rainfed","Pioneer","John Deere",26.8465413533835,604.676691729323,296.555789473684,285.840977443609,3.38760447761194,1.29218072841593,-0.135282631961664,1.29344548222192,1.30373775649338,-1.18148746836324,6.41156326611345
"High","Medium","High","High","Low","North West","Rainfed","Pioneer","John Deere",26.8465413533835,604.676691729323,296.555789473684,285.840977443609,3.38760447761194,1.29218072841593,-0.135282631961664,1.29344548222192,1.30373775649338,-1.18148746836324,6.43911855374861
"High","Medium","High","High","Low","Free State","Irrigated","Pioneer","John Deere",26.8465413533835,604.676691729323,296.555789473684,285.840977443609,3.38760447761194,1.29218072841593,-0.135282631961664,1.29344548222192,1.30373775649338,-1.18148746836324,6.09043831123527
"High","Medium","High","High","Low","Mpumalanga","Irrigated","Pioneer","John Deere",26.8465413533835,604.676691729323,296.555789473684,285.840977443609,3.38760447761194,1.29218072841593,-0.135282631961664,1.29344548222192,1.30373775649338,-1.18148746836324,6.1471788853554
"High","Medium","High","High","Low","North West","Irrigated","Pioneer","John Deere",26.8465413533835,604.676691729323,296.555789473684,285.840977443609,3.38760447761194,1.29218072841593,-0.135282631961664,1.29344548222192,1.30373775649338,-1.18148746836324,7.47240377933078
"High","Medium","High","High","Low","Free State","Rainfed","Pannar","New Holland",26.8465413533835,604.676691729323,296.555789473684,285.840977443609,3.38760447761194,1.29218072841593,-0.135282631961664,1.29344548222192,1.30373775649338,-1.18148746836324,5.50430874951858
"High","Medium","High","High","Low","Mpumalanga","Rainfed","Pannar","New Holland",26.8465413533835,604.676691729323,296.555789473684,285.840977443609,3.38760447761194,1.29218072841593,-0.135282631961664,1.29344548222192,1.30373775649338,-1.18148746836324,5.95807115928763
"High","Medium","High","High","Medium","Free State","Rainfed","Pannar","John Deere",26.8465413533835,604.676691729323,296.555789473684,285.840977443609,3.64706015037594,1.29218072841593,-0.135282631961664,1.29344548222192,1.30373775649338,0.0101803691264333,5.96392563065365
"High","Medium","High","High","Medium","Mpumalanga","Rainfed","Pannar","John Deere",26.8465413533835,604.676691729323,296.555789473684,285.840977443609,3.64706015037594,1.29218072841593,-0.135282631961664,1.29344548222192,1.30373775649338,0.0101803691264333,7.25564549929469
"High","Medium","High","High","Medium","North West","Rainfed","Pannar","John Deere",26.8465413533835,604.676691729323,296.555789473684,285.840977443609,3.64706015037594,1.29218072841593,-0.135282631961664,1.29344548222192,1.30373775649338,0.0101803691264333,7.07552929530186
"High","Medium","High","High","Medium","Free State","Irrigated","Pannar","John Deere",26.8465413533835,604.676691729323,296.555789473684,285.840977443609,3.64706015037594,1.29218072841593,-0.135282631961664,1.29344548222192,1.30373775649338,0.0101803691264333,6.04248680385975
"High","Medium","High","High","Medium","Mpumalanga","Irrigated","Pannar","John Deere",26.8465413533835,604.676691729323,296.555789473684,285.840977443609,3.64706015037594,1.29218072841593,-0.135282631961664,1.29344548222192,1.30373775649338,0.0101803691264333,7.20819202208523
"High","Medium","High","High","Medium","North West","Irrigated","Pannar","John Deere",26.8465413533835,604.676691729323,296.555789473684,285.840977443609,3.64706015037594,1.29218072841593,-0.135282631961664,1.29344548222192,1.30373775649338,0.0101803691264333,6.68971102047316
"High","Medium","High","High","Medium","Free State","Rainfed","Dekalb","John Deere",26.8465413533835,604.676691729323,296.555789473684,285.840977443609,3.64706015037594,1.29218072841593,-0.135282631961664,1.29344548222192,1.30373775649338,0.0101803691264333,5.95928352562211
"High","Medium","High","High","Medium","Mpumalanga","Rainfed","Dekalb","John Deere",26.8465413533835,604.676691729323,296.555789473684,285.840977443609,3.64706015037594,1.29218072841593,-0.135282631961664,1.29344548222192,1.30373775649338,0.0101803691264333,5.99633982404527
"High","Medium","High","High","Medium","North West","Rainfed","Dekalb","John Deere",26.8465413533835,604.676691729323,296.555789473684,285.840977443609,3.64706015037594,1.29218072841593,-0.135282631961664,1.29344548222192,1.30373775649338,0.0101803691264333,6.61489742962043
"High","Medium","High","High","Medium","Free State","Irrigated","Dekalb","John Deere",26.8465413533835,604.676691729323,296.555789473684,285.840977443609,3.64706015037594,1.29218072841593,-0.135282631961664,1.29344548222192,1.30373775649338,0.0101803691264333,6.979937927814
"High","Medium","High","High","Medium","Mpumalanga","Irrigated","Dekalb","John Deere",26.8465413533835,604.676691729323,296.555789473684,285.840977443609,3.64706015037594,1.29218072841593,-0.135282631961664,1.29344548222192,1.30373775649338,0.0101803691264333,6.26489753175188
"High","Medium","High","High","Medium","North West","Irrigated","Dekalb","John Deere",26.8465413533835,604.676691729323,296.555789473684,285.840977443609,3.64706015037594,1.29218072841593,-0.135282631961664,1.29344548222192,1.30373775649338,0.0101803691264333,7.46403773026873
"High","Medium","High","High","Medium","Free State","Rainfed","Pioneer","John Deere",26.8465413533835,604.676691729323,296.555789473684,285.840977443609,3.64706015037594,1.29218072841593,-0.135282631961664,1.29344548222192,1.30373775649338,0.0101803691264333,6.72435129068399
"High","Medium","High","High","Medium","Mpumalanga","Rainfed","Pioneer","John Deere",26.8465413533835,604.676691729323,296.555789473684,285.840977443609,3.64706015037594,1.29218072841593,-0.135282631961664,1.29344548222192,1.30373775649338,0.0101803691264333,6.49837487003609
"High","Medium","High","High","Medium","North West","Rainfed","Pioneer","John Deere",26.8465413533835,604.676691729323,296.555789473684,285.840977443609,3.64706015037594,1.29218072841593,-0.135282631961664,1.29344548222192,1.30373775649338,0.0101803691264333,6.71317394482324
"High","Medium","High","High","Medium","Free State","Irrigated","Pioneer","John Deere",26.8465413533835,604.676691729323,296.555789473684,285.840977443609,3.64706015037594,1.29218072841593,-0.135282631961664,1.29344548222192,1.30373775649338,0.0101803691264333,6.90519295851256
"High","Medium","High","High","Medium","Mpumalanga","Irrigated","Pioneer","John Deere",26.8465413533835,604.676691729323,296.555789473684,285.840977443609,3.64706015037594,1.29218072841593,-0.135282631961664,1.29344548222192,1.30373775649338,0.0101803691264333,6.92320406079984
"High","Medium","High","High","Medium","North West","Irrigated","Pioneer","John Deere",26.8465413533835,604.676691729323,296.555789473684,285.840977443609,3.64706015037594,1.29218072841593,-0.135282631961664,1.29344548222192,1.30373775649338,0.0101803691264333,6.51255304849461
"High","Medium","High","High","Medium","Free State","Rainfed","Pannar","New Holland",26.8465413533835,604.676691729323,296.555789473684,285.840977443609,3.64706015037594,1.29218072841593,-0.135282631961664,1.29344548222192,1.30373775649338,0.0101803691264333,7.28147623832232
"High","Medium","High","High","Medium","Mpumalanga","Rainfed","Pannar","New Holland",26.8465413533835,604.676691729323,296.555789473684,285.840977443609,3.64706015037594,1.29218072841593,-0.135282631961664,1.29344548222192,1.30373775649338,0.0101803691264333,7.26864247489835
"High","Medium","High","High","High","Free State","Rainfed","Pannar","John Deere",26.8465413533835,604.676691729323,296.555789473684,285.840977443609,3.92764661654135,1.29218072841593,-0.135282631961664,1.29344548222192,1.30373775649338,1.2989009578967,6.30686311826944
"High","Medium","High","High","High","Mpumalanga","Rainfed","Pannar","John Deere",26.8465413533835,604.676691729323,296.555789473684,285.840977443609,3.92764661654135,1.29218072841593,-0.135282631961664,1.29344548222192,1.30373775649338,1.2989009578967,6.57467005143984
"High","Medium","High","High","High","North West","Rainfed","Pannar","John Deere",26.8465413533835,604.676691729323,296.555789473684,285.840977443609,3.92764661654135,1.29218072841593,-0.135282631961664,1.29344548222192,1.30373775649338,1.2989009578967,7.0634645333137
"High","Medium","High","High","High","Free State","Irrigated","Pannar","John Deere",26.8465413533835,604.676691729323,296.555789473684,285.840977443609,3.92764661654135,1.29218072841593,-0.135282631961664,1.29344548222192,1.30373775649338,1.2989009578967,6.60528579874965
"High","Medium","High","High","High","Mpumalanga","Irrigated","Pannar","John Deere",26.8465413533835,604.676691729323,296.555789473684,285.840977443609,3.92764661654135,1.29218072841593,-0.135282631961664,1.29344548222192,1.30373775649338,1.2989009578967,7.11538083225013
"High","Medium","High","High","High","North West","Irrigated","Pannar","John Deere",26.8465413533835,604.676691729323,296.555789473684,285.840977443609,3.92764661654135,1.29218072841593,-0.135282631961664,1.29344548222192,1.30373775649338,1.2989009578967,6.49661358889687
"High","Medium","High","High","High","Free State","Rainfed","Dekalb","John Deere",26.8465413533835,604.676691729323,296.555789473684,285.840977443609,3.92764661654135,1.29218072841593,-0.135282631961664,1.29344548222192,1.30373775649338,1.2989009578967,6.33149117856333
"High","Medium","High","High","High","Mpumalanga","Rainfed","Dekalb","John Deere",26.8465413533835,604.676691729323,296.555789473684,285.840977443609,3.92764661654135,1.29218072841593,-0.135282631961664,1.29344548222192,1.30373775649338,1.2989009578967,6.5941636381798
"High","Medium","High","High","High","North West","Rainfed","Dekalb","John Deere",26.8465413533835,604.676691729323,296.555789473684,285.840977443609,3.92764661654135,1.29218072841593,-0.135282631961664,1.29344548222192,1.30373775649338,1.2989009578967,5.95348637066817
"High","Medium","High","High","High","Free State","Irrigated","Dekalb","John Deere",26.8465413533835,604.676691729323,296.555789473684,285.840977443609,3.92764661654135,1.29218072841593,-0.135282631961664,1.29344548222192,1.30373775649338,1.2989009578967,7.42006025390945
"High","Medium","High","High","High","Mpumalanga","Irrigated","Dekalb","John Deere",26.8465413533835,604.676691729323,296.555789473684,285.840977443609,3.92764661654135,1.29218072841593,-0.135282631961664,1.29344548222192,1.30373775649338,1.2989009578967,6.75684832401198
"High","Medium","High","High","High","North West","Irrigated","Dekalb","John Deere",26.8465413533835,604.676691729323,296.555789473684,285.840977443609,3.92764661654135,1.29218072841593,-0.135282631961664,1.29344548222192,1.30373775649338,1.2989009578967,7.07547440357893
"High","Medium","High","High","High","Free State","Rainfed","Pioneer","John Deere",26.8465413533835,604.676691729323,296.555789473684,285.840977443609,3.92764661654135,1.29218072841593,-0.135282631961664,1.29344548222192,1.30373775649338,1.2989009578967,5.62228391687496
"High","Medium","High","High","High","Mpumalanga","Rainfed","Pioneer","John Deere",26.8465413533835,604.676691729323,296.555789473684,285.840977443609,3.92764661654135,1.29218072841593,-0.135282631961664,1.29344548222192,1.30373775649338,1.2989009578967,6.67527647595453
"High","Medium","High","High","High","North West","Rainfed","Pioneer","John Deere",26.8465413533835,604.676691729323,296.555789473684,285.840977443609,3.92764661654135,1.29218072841593,-0.135282631961664,1.29344548222192,1.30373775649338,1.2989009578967,7.50801145532854
"High","Medium","High","High","High","Free State","Irrigated","Pioneer","John Deere",26.8465413533835,604.676691729323,296.555789473684,285.840977443609,3.92764661654135,1.29218072841593,-0.135282631961664,1.29344548222192,1.30373775649338,1.2989009578967,6.93803474376596
"High","Medium","High","High","High","Mpumalanga","Irrigated","Pioneer","John Deere",26.8465413533835,604.676691729323,296.555789473684,285.840977443609,3.92764661654135,1.29218072841593,-0.135282631961664,1.29344548222192,1.30373775649338,1.2989009578967,7.04651618471763
"High","Medium","High","High","High","North West","Irrigated","Pioneer","John Deere",26.8465413533835,604.676691729323,296.555789473684,285.840977443609,3.92764661654135,1.29218072841593,-0.135282631961664,1.29344548222192,1.30373775649338,1.2989009578967,7.69141108979921
"High","Medium","High","High","High","Free State","Rainfed","Pannar","New Holland",26.8465413533835,604.676691729323,296.555789473684,285.840977443609,3.92764661654135,1.29218072841593,-0.135282631961664,1.29344548222192,1.30373775649338,1.2989009578967,6.64900615079932
"High","Medium","High","High","High","Mpumalanga","Rainfed","Pannar","New Holland",26.8465413533835,604.676691729323,296.555789473684,285.840977443609,3.92764661654135,1.29218072841593,-0.135282631961664,1.29344548222192,1.30373775649338,1.2989009578967,6.51981193162466
"High","High","Low","Low","Medium","Free State","Rainfed","Pannar","John Deere",26.8465413533835,877.316541353384,135.153059701493,144.721044776119,3.64706015037594,1.29218072841593,1.31509634811518,-1.11851500073808,-1.16038181241284,0.0101803691264333,7.2230171046705
"High","High","Low","Low","Medium","Mpumalanga","Rainfed","Pannar","John Deere",26.8465413533835,877.316541353384,135.153059701493,144.721044776119,3.64706015037594,1.29218072841593,1.31509634811518,-1.11851500073808,-1.16038181241284,0.0101803691264333,6.55709316443166
"High","High","Low","Low","Medium","North West","Rainfed","Pannar","John Deere",26.8465413533835,877.316541353384,135.153059701493,144.721044776119,3.64706015037594,1.29218072841593,1.31509634811518,-1.11851500073808,-1.16038181241284,0.0101803691264333,5.6754132737904
"High","High","Low","Low","Medium","Free State","Irrigated","Pannar","John Deere",26.8465413533835,877.316541353384,135.153059701493,144.721044776119,3.64706015037594,1.29218072841593,1.31509634811518,-1.11851500073808,-1.16038181241284,0.0101803691264333,6.59317352629392
"High","High","Low","Low","Medium","Mpumalanga","Irrigated","Pannar","John Deere",26.8465413533835,877.316541353384,135.153059701493,144.721044776119,3.64706015037594,1.29218072841593,1.31509634811518,-1.11851500073808,-1.16038181241284,0.0101803691264333,6.79886550529719
"High","High","Low","Low","Medium","North West","Irrigated","Pannar","John Deere",26.8465413533835,877.316541353384,135.153059701493,144.721044776119,3.64706015037594,1.29218072841593,1.31509634811518,-1.11851500073808,-1.16038181241284,0.0101803691264333,5.58468766142198
"High","High","Low","Low","Medium","Free State","Rainfed","Dekalb","John Deere",26.8465413533835,877.316541353384,135.153059701493,144.721044776119,3.64706015037594,1.29218072841593,1.31509634811518,-1.11851500073808,-1.16038181241284,0.0101803691264333,5.55385302741446
"High","High","Low","Low","Medium","Mpumalanga","Rainfed","Dekalb","John Deere",26.8465413533835,877.316541353384,135.153059701493,144.721044776119,3.64706015037594,1.29218072841593,1.31509634811518,-1.11851500073808,-1.16038181241284,0.0101803691264333,6.51382076258214
"High","High","Low","Low","Medium","North West","Rainfed","Dekalb","John Deere",26.8465413533835,877.316541353384,135.153059701493,144.721044776119,3.64706015037594,1.29218072841593,1.31509634811518,-1.11851500073808,-1.16038181241284,0.0101803691264333,7.26078682419519
"High","High","Low","Low","Medium","Free State","Irrigated","Dekalb","John Deere",26.8465413533835,877.316541353384,135.153059701493,144.721044776119,3.64706015037594,1.29218072841593,1.31509634811518,-1.11851500073808,-1.16038181241284,0.0101803691264333,6.28255532354389
"High","High","Low","Low","Medium","Mpumalanga","Irrigated","Dekalb","John Deere",26.8465413533835,877.316541353384,135.153059701493,144.721044776119,3.64706015037594,1.29218072841593,1.31509634811518,-1.11851500073808,-1.16038181241284,0.0101803691264333,6.90437536152894
"High","High","Low","Low","Medium","North West","Irrigated","Dekalb","John Deere",26.8465413533835,877.316541353384,135.153059701493,144.721044776119,3.64706015037594,1.29218072841593,1.31509634811518,-1.11851500073808,-1.16038181241284,0.0101803691264333,6.3163468104833
"High","High","Low","Low","Medium","Free State","Rainfed","Pioneer","John Deere",26.8465413533835,877.316541353384,135.153059701493,144.721044776119,3.64706015037594,1.29218072841593,1.31509634811518,-1.11851500073808,-1.16038181241284,0.0101803691264333,6.44112786510919
"High","High","Low","Low","Medium","Mpumalanga","Rainfed","Pioneer","John Deere",26.8465413533835,877.316541353384,135.153059701493,144.721044776119,3.64706015037594,1.29218072841593,1.31509634811518,-1.11851500073808,-1.16038181241284,0.0101803691264333,5.24381172412371
"High","High","Low","Low","Medium","North West","Rainfed","Pioneer","John Deere",26.8465413533835,877.316541353384,135.153059701493,144.721044776119,3.64706015037594,1.29218072841593,1.31509634811518,-1.11851500073808,-1.16038181241284,0.0101803691264333,5.2323364831174
"High","High","Low","Low","Medium","Free State","Irrigated","Pioneer","John Deere",26.8465413533835,877.316541353384,135.153059701493,144.721044776119,3.64706015037594,1.29218072841593,1.31509634811518,-1.11851500073808,-1.16038181241284,0.0101803691264333,6.23325375237883
"High","High","Low","Low","Medium","Mpumalanga","Irrigated","Pioneer","John Deere",26.8465413533835,877.316541353384,135.153059701493,144.721044776119,3.64706015037594,1.29218072841593,1.31509634811518,-1.11851500073808,-1.16038181241284,0.0101803691264333,6.63426685123467
"High","High","Low","Low","Medium","North West","Irrigated","Pioneer","John Deere",26.8465413533835,877.316541353384,135.153059701493,144.721044776119,3.64706015037594,1.29218072841593,1.31509634811518,-1.11851500073808,-1.16038181241284,0.0101803691264333,6.53968580247552
"High","High","Low","Low","Medium","Free State","Rainfed","Pannar","New Holland",26.8465413533835,877.316541353384,135.153059701493,144.721044776119,3.64706015037594,1.29218072841593,1.31509634811518,-1.11851500073808,-1.16038181241284,0.0101803691264333,6.82549105908253
"High","High","Low","Low","Medium","Mpumalanga","Rainfed","Pannar","New Holland",26.8465413533835,877.316541353384,135.153059701493,144.721044776119,3.64706015037594,1.29218072841593,1.31509634811518,-1.11851500073808,-1.16038181241284,0.0101803691264333,6.29808887037951
"High","High","Low","Medium","Low","Free State","Rainfed","Pannar","John Deere",26.8465413533835,877.316541353384,135.153059701493,200.322781954887,3.38760447761194,1.29218072841593,1.31509634811518,-1.11851500073808,-0.189510256158578,-1.18148746836324,6.40156058968338
"High","High","Low","Medium","Low","Mpumalanga","Rainfed","Pannar","John Deere",26.8465413533835,877.316541353384,135.153059701493,200.322781954887,3.38760447761194,1.29218072841593,1.31509634811518,-1.11851500073808,-0.189510256158578,-1.18148746836324,6.60078158489077
"High","High","Low","Medium","Low","North West","Rainfed","Pannar","John Deere",26.8465413533835,877.316541353384,135.153059701493,200.322781954887,3.38760447761194,1.29218072841593,1.31509634811518,-1.11851500073808,-0.189510256158578,-1.18148746836324,6.25940738160576
"High","High","Low","Medium","Low","Free State","Irrigated","Pannar","John Deere",26.8465413533835,877.316541353384,135.153059701493,200.322781954887,3.38760447761194,1.29218072841593,1.31509634811518,-1.11851500073808,-0.189510256158578,-1.18148746836324,6.27639847432419
"High","High","Low","Medium","Low","Mpumalanga","Irrigated","Pannar","John Deere",26.8465413533835,877.316541353384,135.153059701493,200.322781954887,3.38760447761194,1.29218072841593,1.31509634811518,-1.11851500073808,-0.189510256158578,-1.18148746836324,7.00657065827609
"High","High","Low","Medium","Low","North West","Irrigated","Pannar","John Deere",26.8465413533835,877.316541353384,135.153059701493,200.322781954887,3.38760447761194,1.29218072841593,1.31509634811518,-1.11851500073808,-0.189510256158578,-1.18148746836324,6.75149181379547
"High","High","Low","Medium","Low","Free State","Rainfed","Dekalb","John Deere",26.8465413533835,877.316541353384,135.153059701493,200.322781954887,3.38760447761194,1.29218072841593,1.31509634811518,-1.11851500073808,-0.189510256158578,-1.18148746836324,6.88567784726306
"High","High","Low","Medium","Low","Mpumalanga","Rainfed","Dekalb","John Deere",26.8465413533835,877.316541353384,135.153059701493,200.322781954887,3.38760447761194,1.29218072841593,1.31509634811518,-1.11851500073808,-0.189510256158578,-1.18148746836324,6.26692632119664
"High","High","Low","Medium","Low","North West","Rainfed","Dekalb","John Deere",26.8465413533835,877.316541353384,135.153059701493,200.322781954887,3.38760447761194,1.29218072841593,1.31509634811518,-1.11851500073808,-0.189510256158578,-1.18148746836324,5.74256771487429
"High","High","Low","Medium","Low","Free State","Irrigated","Dekalb","John Deere",26.8465413533835,877.316541353384,135.153059701493,200.322781954887,3.38760447761194,1.29218072841593,1.31509634811518,-1.11851500073808,-0.189510256158578,-1.18148746836324,6.67878931669646
"High","High","Low","Medium","Low","Mpumalanga","Irrigated","Dekalb","John Deere",26.8465413533835,877.316541353384,135.153059701493,200.322781954887,3.38760447761194,1.29218072841593,1.31509634811518,-1.11851500073808,-0.189510256158578,-1.18148746836324,6.58856550131108
"High","High","Low","Medium","Low","North West","Irrigated","Dekalb","John Deere",26.8465413533835,877.316541353384,135.153059701493,200.322781954887,3.38760447761194,1.29218072841593,1.31509634811518,-1.11851500073808,-0.189510256158578,-1.18148746836324,7.57381206195343
"High","High","Low","Medium","Low","Free State","Rainfed","Pioneer","John Deere",26.8465413533835,877.316541353384,135.153059701493,200.322781954887,3.38760447761194,1.29218072841593,1.31509634811518,-1.11851500073808,-0.189510256158578,-1.18148746836324,5.44059795195746
"High","High","Low","Medium","Low","Mpumalanga","Rainfed","Pioneer","John Deere",26.8465413533835,877.316541353384,135.153059701493,200.322781954887,3.38760447761194,1.29218072841593,1.31509634811518,-1.11851500073808,-0.189510256158578,-1.18148746836324,5.27318875746308
"High","High","Low","Medium","Low","North West","Rainfed","Pioneer","John Deere",26.8465413533835,877.316541353384,135.153059701493,200.322781954887,3.38760447761194,1.29218072841593,1.31509634811518,-1.11851500073808,-0.189510256158578,-1.18148746836324,6.57421318848516
"High","High","Low","Medium","Low","Free State","Irrigated","Pioneer","John Deere",26.8465413533835,877.316541353384,135.153059701493,200.322781954887,3.38760447761194,1.29218072841593,1.31509634811518,-1.11851500073808,-0.189510256158578,-1.18148746836324,6.85591768184606
"High","High","Low","Medium","Low","Mpumalanga","Irrigated","Pioneer","John Deere",26.8465413533835,877.316541353384,135.153059701493,200.322781954887,3.38760447761194,1.29218072841593,1.31509634811518,-1.11851500073808,-0.189510256158578,-1.18148746836324,6.88538859054859
"High","High","Low","Medium","Low","North West","Irrigated","Pioneer","John Deere",26.8465413533835,877.316541353384,135.153059701493,200.322781954887,3.38760447761194,1.29218072841593,1.31509634811518,-1.11851500073808,-0.189510256158578,-1.18148746836324,7.03476455751241
"High","High","Low","Medium","Low","Free State","Rainfed","Pannar","New Holland",26.8465413533835,877.316541353384,135.153059701493,200.322781954887,3.38760447761194,1.29218072841593,1.31509634811518,-1.11851500073808,-0.189510256158578,-1.18148746836324,5.91637851680643
"High","High","Low","Medium","Low","Mpumalanga","Rainfed","Pannar","New Holland",26.8465413533835,877.316541353384,135.153059701493,200.322781954887,3.38760447761194,1.29218072841593,1.31509634811518,-1.11851500073808,-0.189510256158578,-1.18148746836324,5.61335711109154
"High","High","Low","Medium","Medium","Free State","Rainfed","Pannar","John Deere",26.8465413533835,877.316541353384,135.153059701493,200.322781954887,3.64706015037594,1.29218072841593,1.31509634811518,-1.11851500073808,-0.189510256158578,0.0101803691264333,6.45361609378159
"High","High","Low","Medium","Medium","Mpumalanga","Rainfed","Pannar","John Deere",26.8465413533835,877.316541353384,135.153059701493,200.322781954887,3.64706015037594,1.29218072841593,1.31509634811518,-1.11851500073808,-0.189510256158578,0.0101803691264333,5.82074665965251
"High","High","Low","Medium","Medium","North West","Rainfed","Pannar","John Deere",26.8465413533835,877.316541353384,135.153059701493,200.322781954887,3.64706015037594,1.29218072841593,1.31509634811518,-1.11851500073808,-0.189510256158578,0.0101803691264333,6.06490697958953
"High","High","Low","Medium","Medium","Free State","Irrigated","Pannar","John Deere",26.8465413533835,877.316541353384,135.153059701493,200.322781954887,3.64706015037594,1.29218072841593,1.31509634811518,-1.11851500073808,-0.189510256158578,0.0101803691264333,6.30202471712664
"High","High","Low","Medium","Medium","Mpumalanga","Irrigated","Pannar","John Deere",26.8465413533835,877.316541353384,135.153059701493,200.322781954887,3.64706015037594,1.29218072841593,1.31509634811518,-1.11851500073808,-0.189510256158578,0.0101803691264333,7.43506295664129
"High","High","Low","Medium","Medium","North West","Irrigated","Pannar","John Deere",26.8465413533835,877.316541353384,135.153059701493,200.322781954887,3.64706015037594,1.29218072841593,1.31509634811518,-1.11851500073808,-0.189510256158578,0.0101803691264333,7.82119057699738
"High","High","Low","Medium","Medium","Free State","Rainfed","Dekalb","John Deere",26.8465413533835,877.316541353384,135.153059701493,200.322781954887,3.64706015037594,1.29218072841593,1.31509634811518,-1.11851500073808,-0.189510256158578,0.0101803691264333,6.8965062061693
"High","High","Low","Medium","Medium","Mpumalanga","Rainfed","Dekalb","John Deere",26.8465413533835,877.316541353384,135.153059701493,200.322781954887,3.64706015037594,1.29218072841593,1.31509634811518,-1.11851500073808,-0.189510256158578,0.0101803691264333,5.59649801993931
"High","High","Low","Medium","Medium","North West","Rainfed","Dekalb","John Deere",26.8465413533835,877.316541353384,135.153059701493,200.322781954887,3.64706015037594,1.29218072841593,1.31509634811518,-1.11851500073808,-0.189510256158578,0.0101803691264333,6.06317583139643
"High","High","Low","Medium","Medium","Free State","Irrigated","Dekalb","John Deere",26.8465413533835,877.316541353384,135.153059701493,200.322781954887,3.64706015037594,1.29218072841593,1.31509634811518,-1.11851500073808,-0.189510256158578,0.0101803691264333,7.4724917188992
"High","High","Low","Medium","Medium","Mpumalanga","Irrigated","Dekalb","John Deere",26.8465413533835,877.316541353384,135.153059701493,200.322781954887,3.64706015037594,1.29218072841593,1.31509634811518,-1.11851500073808,-0.189510256158578,0.0101803691264333,6.32679674460399
"High","High","Low","Medium","Medium","North West","Irrigated","Dekalb","John Deere",26.8465413533835,877.316541353384,135.153059701493,200.322781954887,3.64706015037594,1.29218072841593,1.31509634811518,-1.11851500073808,-0.189510256158578,0.0101803691264333,6.44915599946382
"High","High","Low","Medium","Medium","Free State","Rainfed","Pioneer","John Deere",26.8465413533835,877.316541353384,135.153059701493,200.322781954887,3.64706015037594,1.29218072841593,1.31509634811518,-1.11851500073808,-0.189510256158578,0.0101803691264333,6.11249692849744
"High","High","Low","Medium","Medium","Mpumalanga","Rainfed","Pioneer","John Deere",26.8465413533835,877.316541353384,135.153059701493,200.322781954887,3.64706015037594,1.29218072841593,1.31509634811518,-1.11851500073808,-0.189510256158578,0.0101803691264333,6.80625796185218
"High","High","Low","Medium","Medium","North West","Rainfed","Pioneer","John Deere",26.8465413533835,877.316541353384,135.153059701493,200.322781954887,3.64706015037594,1.29218072841593,1.31509634811518,-1.11851500073808,-0.189510256158578,0.0101803691264333,5.1434027133809
"High","High","Low","Medium","Medium","Free State","Irrigated","Pioneer","John Deere",26.8465413533835,877.316541353384,135.153059701493,200.322781954887,3.64706015037594,1.29218072841593,1.31509634811518,-1.11851500073808,-0.189510256158578,0.0101803691264333,7.3201694105742
"High","High","Low","Medium","Medium","Mpumalanga","Irrigated","Pioneer","John Deere",26.8465413533835,877.316541353384,135.153059701493,200.322781954887,3.64706015037594,1.29218072841593,1.31509634811518,-1.11851500073808,-0.189510256158578,0.0101803691264333,6.59017134924555
"High","High","Low","Medium","Medium","North West","Irrigated","Pioneer","John Deere",26.8465413533835,877.316541353384,135.153059701493,200.322781954887,3.64706015037594,1.29218072841593,1.31509634811518,-1.11851500073808,-0.189510256158578,0.0101803691264333,6.68873876066799
"High","High","Low","Medium","Medium","Free State","Rainfed","Pannar","New Holland",26.8465413533835,877.316541353384,135.153059701493,200.322781954887,3.64706015037594,1.29218072841593,1.31509634811518,-1.11851500073808,-0.189510256158578,0.0101803691264333,6.91777833058895
"High","High","Low","Medium","Medium","Mpumalanga","Rainfed","Pannar","New Holland",26.8465413533835,877.316541353384,135.153059701493,200.322781954887,3.64706015037594,1.29218072841593,1.31509634811518,-1.11851500073808,-0.189510256158578,0.0101803691264333,6.60373913477924
"High","High","Low","High","Low","Free State","Rainfed","Pannar","John Deere",26.8465413533835,877.316541353384,135.153059701493,285.840977443609,3.38760447761194,1.29218072841593,1.31509634811518,-1.11851500073808,1.30373775649338,-1.18148746836324,6.30337476260084
"High","High","Low","High","Low","Mpumalanga","Rainfed","Pannar","John Deere",26.8465413533835,877.316541353384,135.153059701493,285.840977443609,3.38760447761194,1.29218072841593,1.31509634811518,-1.11851500073808,1.30373775649338,-1.18148746836324,6.31140003211862
"High","High","Low","High","Low","North West","Rainfed","Pannar","John Deere",26.8465413533835,877.316541353384,135.153059701493,285.840977443609,3.38760447761194,1.29218072841593,1.31509634811518,-1.11851500073808,1.30373775649338,-1.18148746836324,7.59051644591458
"High","High","Low","High","Low","Free State","Irrigated","Pannar","John Deere",26.8465413533835,877.316541353384,135.153059701493,285.840977443609,3.38760447761194,1.29218072841593,1.31509634811518,-1.11851500073808,1.30373775649338,-1.18148746836324,6.37682328608765
"High","High","Low","High","Low","Mpumalanga","Irrigated","Pannar","John Deere",26.8465413533835,877.316541353384,135.153059701493,285.840977443609,3.38760447761194,1.29218072841593,1.31509634811518,-1.11851500073808,1.30373775649338,-1.18148746836324,7.08250460421827
"High","High","Low","High","Low","North West","Irrigated","Pannar","John Deere",26.8465413533835,877.316541353384,135.153059701493,285.840977443609,3.38760447761194,1.29218072841593,1.31509634811518,-1.11851500073808,1.30373775649338,-1.18148746836324,7.42118813180378
"High","High","Low","High","Low","Free State","Rainfed","Dekalb","John Deere",26.8465413533835,877.316541353384,135.153059701493,285.840977443609,3.38760447761194,1.29218072841593,1.31509634811518,-1.11851500073808,1.30373775649338,-1.18148746836324,6.44495536350091
"High","High","Low","High","Low","Mpumalanga","Rainfed","Dekalb","John Deere",26.8465413533835,877.316541353384,135.153059701493,285.840977443609,3.38760447761194,1.29218072841593,1.31509634811518,-1.11851500073808,1.30373775649338,-1.18148746836324,6.5306838211897
"High","High","Low","High","Low","North West","Rainfed","Dekalb","John Deere",26.8465413533835,877.316541353384,135.153059701493,285.840977443609,3.38760447761194,1.29218072841593,1.31509634811518,-1.11851500073808,1.30373775649338,-1.18148746836324,6.31166230745559
"High","High","Low","High","Low","Free State","Irrigated","Dekalb","John Deere",26.8465413533835,877.316541353384,135.153059701493,285.840977443609,3.38760447761194,1.29218072841593,1.31509634811518,-1.11851500073808,1.30373775649338,-1.18148746836324,7.51287982930803
"High","High","Low","High","Low","Mpumalanga","Irrigated","Dekalb","John Deere",26.8465413533835,877.316541353384,135.153059701493,285.840977443609,3.38760447761194,1.29218072841593,1.31509634811518,-1.11851500073808,1.30373775649338,-1.18148746836324,7.10338070759689
"High","High","Low","High","Low","North West","Irrigated","Dekalb","John Deere",26.8465413533835,877.316541353384,135.153059701493,285.840977443609,3.38760447761194,1.29218072841593,1.31509634811518,-1.11851500073808,1.30373775649338,-1.18148746836324,6.94510508526195
"High","High","Low","High","Low","Free State","Rainfed","Pioneer","John Deere",26.8465413533835,877.316541353384,135.153059701493,285.840977443609,3.38760447761194,1.29218072841593,1.31509634811518,-1.11851500073808,1.30373775649338,-1.18148746836324,5.82519216258467
"High","High","Low","High","Low","Mpumalanga","Rainfed","Pioneer","John Deere",26.8465413533835,877.316541353384,135.153059701493,285.840977443609,3.38760447761194,1.29218072841593,1.31509634811518,-1.11851500073808,1.30373775649338,-1.18148746836324,6.78273580340198
"High","High","Low","High","Low","North West","Rainfed","Pioneer","John Deere",26.8465413533835,877.316541353384,135.153059701493,285.840977443609,3.38760447761194,1.29218072841593,1.31509634811518,-1.11851500073808,1.30373775649338,-1.18148746836324,6.37484729276586
"High","High","Low","High","Low","Free State","Irrigated","Pioneer","John Deere",26.8465413533835,877.316541353384,135.153059701493,285.840977443609,3.38760447761194,1.29218072841593,1.31509634811518,-1.11851500073808,1.30373775649338,-1.18148746836324,5.5716879425754
"High","High","Low","High","Low","Mpumalanga","Irrigated","Pioneer","John Deere",26.8465413533835,877.316541353384,135.153059701493,285.840977443609,3.38760447761194,1.29218072841593,1.31509634811518,-1.11851500073808,1.30373775649338,-1.18148746836324,7.41926641582693
"High","High","Low","High","Low","North West","Irrigated","Pioneer","John Deere",26.8465413533835,877.316541353384,135.153059701493,285.840977443609,3.38760447761194,1.29218072841593,1.31509634811518,-1.11851500073808,1.30373775649338,-1.18148746836324,6.68365999632172
"High","High","Low","High","Low","Free State","Rainfed","Pannar","New Holland",26.8465413533835,877.316541353384,135.153059701493,285.840977443609,3.38760447761194,1.29218072841593,1.31509634811518,-1.11851500073808,1.30373775649338,-1.18148746836324,6.30018489415136
"High","High","Low","High","Low","Mpumalanga","Rainfed","Pannar","New Holland",26.8465413533835,877.316541353384,135.153059701493,285.840977443609,3.38760447761194,1.29218072841593,1.31509634811518,-1.11851500073808,1.30373775649338,-1.18148746836324,5.77703759973882
"High","High","Low","High","High","Free State","Rainfed","Pannar","John Deere",26.8465413533835,877.316541353384,135.153059701493,285.840977443609,3.92764661654135,1.29218072841593,1.31509634811518,-1.11851500073808,1.30373775649338,1.2989009578967,7.06812211621225
"High","High","Low","High","High","Mpumalanga","Rainfed","Pannar","John Deere",26.8465413533835,877.316541353384,135.153059701493,285.840977443609,3.92764661654135,1.29218072841593,1.31509634811518,-1.11851500073808,1.30373775649338,1.2989009578967,6.69948408802336
"High","High","Low","High","High","North West","Rainfed","Pannar","John Deere",26.8465413533835,877.316541353384,135.153059701493,285.840977443609,3.92764661654135,1.29218072841593,1.31509634811518,-1.11851500073808,1.30373775649338,1.2989009578967,6.80476510010803
"High","High","Low","High","High","Free State","Irrigated","Pannar","John Deere",26.8465413533835,877.316541353384,135.153059701493,285.840977443609,3.92764661654135,1.29218072841593,1.31509634811518,-1.11851500073808,1.30373775649338,1.2989009578967,8.66138680720322
"High","High","Low","High","High","Mpumalanga","Irrigated","Pannar","John Deere",26.8465413533835,877.316541353384,135.153059701493,285.840977443609,3.92764661654135,1.29218072841593,1.31509634811518,-1.11851500073808,1.30373775649338,1.2989009578967,7.43078645452002
"High","High","Low","High","High","North West","Irrigated","Pannar","John Deere",26.8465413533835,877.316541353384,135.153059701493,285.840977443609,3.92764661654135,1.29218072841593,1.31509634811518,-1.11851500073808,1.30373775649338,1.2989009578967,7.88494879664866
"High","High","Low","High","High","Free State","Rainfed","Dekalb","John Deere",26.8465413533835,877.316541353384,135.153059701493,285.840977443609,3.92764661654135,1.29218072841593,1.31509634811518,-1.11851500073808,1.30373775649338,1.2989009578967,6.42021200715999
"High","High","Low","High","High","Mpumalanga","Rainfed","Dekalb","John Deere",26.8465413533835,877.316541353384,135.153059701493,285.840977443609,3.92764661654135,1.29218072841593,1.31509634811518,-1.11851500073808,1.30373775649338,1.2989009578967,7.70585413932122
"High","High","Low","High","High","North West","Rainfed","Dekalb","John Deere",26.8465413533835,877.316541353384,135.153059701493,285.840977443609,3.92764661654135,1.29218072841593,1.31509634811518,-1.11851500073808,1.30373775649338,1.2989009578967,7.44600654898979
"High","High","Low","High","High","Free State","Irrigated","Dekalb","John Deere",26.8465413533835,877.316541353384,135.153059701493,285.840977443609,3.92764661654135,1.29218072841593,1.31509634811518,-1.11851500073808,1.30373775649338,1.2989009578967,6.6427511862218
"High","High","Low","High","High","Mpumalanga","Irrigated","Dekalb","John Deere",26.8465413533835,877.316541353384,135.153059701493,285.840977443609,3.92764661654135,1.29218072841593,1.31509634811518,-1.11851500073808,1.30373775649338,1.2989009578967,8.31784207408761
"High","High","Low","High","High","North West","Irrigated","Dekalb","John Deere",26.8465413533835,877.316541353384,135.153059701493,285.840977443609,3.92764661654135,1.29218072841593,1.31509634811518,-1.11851500073808,1.30373775649338,1.2989009578967,7.36833795267527
"High","High","Low","High","High","Free State","Rainfed","Pioneer","John Deere",26.8465413533835,877.316541353384,135.153059701493,285.840977443609,3.92764661654135,1.29218072841593,1.31509634811518,-1.11851500073808,1.30373775649338,1.2989009578967,7.5994018196891
"High","High","Low","High","High","Mpumalanga","Rainfed","Pioneer","John Deere",26.8465413533835,877.316541353384,135.153059701493,285.840977443609,3.92764661654135,1.29218072841593,1.31509634811518,-1.11851500073808,1.30373775649338,1.2989009578967,5.79092140570774
"High","High","Low","High","High","North West","Rainfed","Pioneer","John Deere",26.8465413533835,877.316541353384,135.153059701493,285.840977443609,3.92764661654135,1.29218072841593,1.31509634811518,-1.11851500073808,1.30373775649338,1.2989009578967,6.05055824495681
"High","High","Low","High","High","Free State","Irrigated","Pioneer","John Deere",26.8465413533835,877.316541353384,135.153059701493,285.840977443609,3.92764661654135,1.29218072841593,1.31509634811518,-1.11851500073808,1.30373775649338,1.2989009578967,6.9913225691044
"High","High","Low","High","High","Mpumalanga","Irrigated","Pioneer","John Deere",26.8465413533835,877.316541353384,135.153059701493,285.840977443609,3.92764661654135,1.29218072841593,1.31509634811518,-1.11851500073808,1.30373775649338,1.2989009578967,7.28553018993023
"High","High","Low","High","High","North West","Irrigated","Pioneer","John Deere",26.8465413533835,877.316541353384,135.153059701493,285.840977443609,3.92764661654135,1.29218072841593,1.31509634811518,-1.11851500073808,1.30373775649338,1.2989009578967,6.98721112788153
"High","High","Low","High","High","Free State","Rainfed","Pannar","New Holland",26.8465413533835,877.316541353384,135.153059701493,285.840977443609,3.92764661654135,1.29218072841593,1.31509634811518,-1.11851500073808,1.30373775649338,1.2989009578967,6.43757311668333
"High","High","Low","High","High","Mpumalanga","Rainfed","Pannar","New Holland",26.8465413533835,877.316541353384,135.153059701493,285.840977443609,3.92764661654135,1.29218072841593,1.31509634811518,-1.11851500073808,1.30373775649338,1.2989009578967,6.84595947286255
"High","High","Medium","Low","Medium","Free State","Rainfed","Pannar","John Deere",26.8465413533835,877.316541353384,194.092857142857,144.721044776119,3.64706015037594,1.29218072841593,1.31509634811518,-0.237733972419121,-1.16038181241284,0.0101803691264333,7.07517958486033
"High","High","Medium","Low","Medium","Mpumalanga","Rainfed","Pannar","John Deere",26.8465413533835,877.316541353384,194.092857142857,144.721044776119,3.64706015037594,1.29218072841593,1.31509634811518,-0.237733972419121,-1.16038181241284,0.0101803691264333,6.95336808280239
"High","High","Medium","Low","Medium","North West","Rainfed","Pannar","John Deere",26.8465413533835,877.316541353384,194.092857142857,144.721044776119,3.64706015037594,1.29218072841593,1.31509634811518,-0.237733972419121,-1.16038181241284,0.0101803691264333,6.12557019169499
"High","High","Medium","Low","Medium","Free State","Irrigated","Pannar","John Deere",26.8465413533835,877.316541353384,194.092857142857,144.721044776119,3.64706015037594,1.29218072841593,1.31509634811518,-0.237733972419121,-1.16038181241284,0.0101803691264333,8.21138010423752
"High","High","Medium","Low","Medium","Mpumalanga","Irrigated","Pannar","John Deere",26.8465413533835,877.316541353384,194.092857142857,144.721044776119,3.64706015037594,1.29218072841593,1.31509634811518,-0.237733972419121,-1.16038181241284,0.0101803691264333,6.5950329571629
"High","High","Medium","Low","Medium","North West","Irrigated","Pannar","John Deere",26.8465413533835,877.316541353384,194.092857142857,144.721044776119,3.64706015037594,1.29218072841593,1.31509634811518,-0.237733972419121,-1.16038181241284,0.0101803691264333,7.34545875594996
"High","High","Medium","Low","Medium","Free State","Rainfed","Dekalb","John Deere",26.8465413533835,877.316541353384,194.092857142857,144.721044776119,3.64706015037594,1.29218072841593,1.31509634811518,-0.237733972419121,-1.16038181241284,0.0101803691264333,6.31233691003672
"High","High","Medium","Low","Medium","Mpumalanga","Rainfed","Dekalb","John Deere",26.8465413533835,877.316541353384,194.092857142857,144.721044776119,3.64706015037594,1.29218072841593,1.31509634811518,-0.237733972419121,-1.16038181241284,0.0101803691264333,6.84058598812145
"High","High","Medium","Low","Medium","North West","Rainfed","Dekalb","John Deere",26.8465413533835,877.316541353384,194.092857142857,144.721044776119,3.64706015037594,1.29218072841593,1.31509634811518,-0.237733972419121,-1.16038181241284,0.0101803691264333,6.26124859296604
"High","High","Medium","Low","Medium","Free State","Irrigated","Dekalb","John Deere",26.8465413533835,877.316541353384,194.092857142857,144.721044776119,3.64706015037594,1.29218072841593,1.31509634811518,-0.237733972419121,-1.16038181241284,0.0101803691264333,7.32671886883615
"High","High","Medium","Low","Medium","Mpumalanga","Irrigated","Dekalb","John Deere",26.8465413533835,877.316541353384,194.092857142857,144.721044776119,3.64706015037594,1.29218072841593,1.31509634811518,-0.237733972419121,-1.16038181241284,0.0101803691264333,7.33226976490534
"High","High","Medium","Low","Medium","North West","Irrigated","Dekalb","John Deere",26.8465413533835,877.316541353384,194.092857142857,144.721044776119,3.64706015037594,1.29218072841593,1.31509634811518,-0.237733972419121,-1.16038181241284,0.0101803691264333,7.33988675223458
"High","High","Medium","Low","Medium","Free State","Rainfed","Pioneer","John Deere",26.8465413533835,877.316541353384,194.092857142857,144.721044776119,3.64706015037594,1.29218072841593,1.31509634811518,-0.237733972419121,-1.16038181241284,0.0101803691264333,6.51338884879564
"High","High","Medium","Low","Medium","Mpumalanga","Rainfed","Pioneer","John Deere",26.8465413533835,877.316541353384,194.092857142857,144.721044776119,3.64706015037594,1.29218072841593,1.31509634811518,-0.237733972419121,-1.16038181241284,0.0101803691264333,5.95468365238087
"High","High","Medium","Low","Medium","North West","Rainfed","Pioneer","John Deere",26.8465413533835,877.316541353384,194.092857142857,144.721044776119,3.64706015037594,1.29218072841593,1.31509634811518,-0.237733972419121,-1.16038181241284,0.0101803691264333,6.67993485808043
"High","High","Medium","Low","Medium","Free State","Irrigated","Pioneer","John Deere",26.8465413533835,877.316541353384,194.092857142857,144.721044776119,3.64706015037594,1.29218072841593,1.31509634811518,-0.237733972419121,-1.16038181241284,0.0101803691264333,6.64520369352656
"High","High","Medium","Low","Medium","Mpumalanga","Irrigated","Pioneer","John Deere",26.8465413533835,877.316541353384,194.092857142857,144.721044776119,3.64706015037594,1.29218072841593,1.31509634811518,-0.237733972419121,-1.16038181241284,0.0101803691264333,6.94233070982316
"High","High","Medium","Low","Medium","North West","Irrigated","Pioneer","John Deere",26.8465413533835,877.316541353384,194.092857142857,144.721044776119,3.64706015037594,1.29218072841593,1.31509634811518,-0.237733972419121,-1.16038181241284,0.0101803691264333,6.54147168401867
"High","High","Medium","Low","Medium","Free State","Rainfed","Pannar","New Holland",26.8465413533835,877.316541353384,194.092857142857,144.721044776119,3.64706015037594,1.29218072841593,1.31509634811518,-0.237733972419121,-1.16038181241284,0.0101803691264333,6.63420289768056
"High","High","Medium","Low","Medium","Mpumalanga","Rainfed","Pannar","New Holland",26.8465413533835,877.316541353384,194.092857142857,144.721044776119,3.64706015037594,1.29218072841593,1.31509634811518,-0.237733972419121,-1.16038181241284,0.0101803691264333,6.39672331276132
"High","High","Medium","Medium","Low","Free State","Rainfed","Pannar","John Deere",26.8465413533835,877.316541353384,194.092857142857,200.322781954887,3.38760447761194,1.29218072841593,1.31509634811518,-0.237733972419121,-0.189510256158578,-1.18148746836324,6.41701436967451
"High","High","Medium","Medium","Low","Mpumalanga","Rainfed","Pannar","John Deere",26.8465413533835,877.316541353384,194.092857142857,200.322781954887,3.38760447761194,1.29218072841593,1.31509634811518,-0.237733972419121,-0.189510256158578,-1.18148746836324,7.49128566311577
"High","High","Medium","Medium","Low","North West","Rainfed","Pannar","John Deere",26.8465413533835,877.316541353384,194.092857142857,200.322781954887,3.38760447761194,1.29218072841593,1.31509634811518,-0.237733972419121,-0.189510256158578,-1.18148746836324,6.69444049504468
"High","High","Medium","Medium","Low","Free State","Irrigated","Pannar","John Deere",26.8465413533835,877.316541353384,194.092857142857,200.322781954887,3.38760447761194,1.29218072841593,1.31509634811518,-0.237733972419121,-0.189510256158578,-1.18148746836324,6.53972030751752
"High","High","Medium","Medium","Low","Mpumalanga","Irrigated","Pannar","John Deere",26.8465413533835,877.316541353384,194.092857142857,200.322781954887,3.38760447761194,1.29218072841593,1.31509634811518,-0.237733972419121,-0.189510256158578,-1.18148746836324,7.0594949406647
"High","High","Medium","Medium","Low","North West","Irrigated","Pannar","John Deere",26.8465413533835,877.316541353384,194.092857142857,200.322781954887,3.38760447761194,1.29218072841593,1.31509634811518,-0.237733972419121,-0.189510256158578,-1.18148746836324,6.97641825750137
"High","High","Medium","Medium","Low","Free State","Rainfed","Dekalb","John Deere",26.8465413533835,877.316541353384,194.092857142857,200.322781954887,3.38760447761194,1.29218072841593,1.31509634811518,-0.237733972419121,-0.189510256158578,-1.18148746836324,6.14090897802503
"High","High","Medium","Medium","Low","Mpumalanga","Rainfed","Dekalb","John Deere",26.8465413533835,877.316541353384,194.092857142857,200.322781954887,3.38760447761194,1.29218072841593,1.31509634811518,-0.237733972419121,-0.189510256158578,-1.18148746836324,6.26729014515484
"High","High","Medium","Medium","Low","North West","Rainfed","Dekalb","John Deere",26.8465413533835,877.316541353384,194.092857142857,200.322781954887,3.38760447761194,1.29218072841593,1.31509634811518,-0.237733972419121,-0.189510256158578,-1.18148746836324,6.05102952429162
"High","High","Medium","Medium","Low","Free State","Irrigated","Dekalb","John Deere",26.8465413533835,877.316541353384,194.092857142857,200.322781954887,3.38760447761194,1.29218072841593,1.31509634811518,-0.237733972419121,-0.189510256158578,-1.18148746836324,7.38484006040549
"High","High","Medium","Medium","Low","Mpumalanga","Irrigated","Dekalb","John Deere",26.8465413533835,877.316541353384,194.092857142857,200.322781954887,3.38760447761194,1.29218072841593,1.31509634811518,-0.237733972419121,-0.189510256158578,-1.18148746836324,6.70234737796838
"High","High","Medium","Medium","Low","North West","Irrigated","Dekalb","John Deere",26.8465413533835,877.316541353384,194.092857142857,200.322781954887,3.38760447761194,1.29218072841593,1.31509634811518,-0.237733972419121,-0.189510256158578,-1.18148746836324,7.74517753952503
"High","High","Medium","Medium","Low","Free State","Rainfed","Pioneer","John Deere",26.8465413533835,877.316541353384,194.092857142857,200.322781954887,3.38760447761194,1.29218072841593,1.31509634811518,-0.237733972419121,-0.189510256158578,-1.18148746836324,6.11782903091655
"High","High","Medium","Medium","Low","Mpumalanga","Rainfed","Pioneer","John Deere",26.8465413533835,877.316541353384,194.092857142857,200.322781954887,3.38760447761194,1.29218072841593,1.31509634811518,-0.237733972419121,-0.189510256158578,-1.18148746836324,5.55852111671431
"High","High","Medium","Medium","Low","North West","Rainfed","Pioneer","John Deere",26.8465413533835,877.316541353384,194.092857142857,200.322781954887,3.38760447761194,1.29218072841593,1.31509634811518,-0.237733972419121,-0.189510256158578,-1.18148746836324,6.24647230259654
"High","High","Medium","Medium","Low","Free State","Irrigated","Pioneer","John Deere",26.8465413533835,877.316541353384,194.092857142857,200.322781954887,3.38760447761194,1.29218072841593,1.31509634811518,-0.237733972419121,-0.189510256158578,-1.18148746836324,6.62079028052603
"High","High","Medium","Medium","Low","Mpumalanga","Irrigated","Pioneer","John Deere",26.8465413533835,877.316541353384,194.092857142857,200.322781954887,3.38760447761194,1.29218072841593,1.31509634811518,-0.237733972419121,-0.189510256158578,-1.18148746836324,7.0203688285683
"High","High","Medium","Medium","Low","North West","Irrigated","Pioneer","John Deere",26.8465413533835,877.316541353384,194.092857142857,200.322781954887,3.38760447761194,1.29218072841593,1.31509634811518,-0.237733972419121,-0.189510256158578,-1.18148746836324,6.5934008967732
"High","High","Medium","Medium","Low","Free State","Rainfed","Pannar","New Holland",26.8465413533835,877.316541353384,194.092857142857,200.322781954887,3.38760447761194,1.29218072841593,1.31509634811518,-0.237733972419121,-0.189510256158578,-1.18148746836324,6.72294923673599
"High","High","Medium","Medium","Low","Mpumalanga","Rainfed","Pannar","New Holland",26.8465413533835,877.316541353384,194.092857142857,200.322781954887,3.38760447761194,1.29218072841593,1.31509634811518,-0.237733972419121,-0.189510256158578,-1.18148746836324,6.8038015742487
"High","High","Medium","Medium","Medium","Free State","Rainfed","Pannar","John Deere",26.8465413533835,877.316541353384,194.092857142857,200.322781954887,3.64706015037594,1.29218072841593,1.31509634811518,-0.237733972419121,-0.189510256158578,0.0101803691264333,6.78650136682023
"High","High","Medium","Medium","Medium","Mpumalanga","Rainfed","Pannar","John Deere",26.8465413533835,877.316541353384,194.092857142857,200.322781954887,3.64706015037594,1.29218072841593,1.31509634811518,-0.237733972419121,-0.189510256158578,0.0101803691264333,7.28000966119091
"High","High","Medium","Medium","Medium","North West","Rainfed","Pannar","John Deere",26.8465413533835,877.316541353384,194.092857142857,200.322781954887,3.64706015037594,1.29218072841593,1.31509634811518,-0.237733972419121,-0.189510256158578,0.0101803691264333,6.96641739014069
"High","High","Medium","Medium","Medium","Free State","Irrigated","Pannar","John Deere",26.8465413533835,877.316541353384,194.092857142857,200.322781954887,3.64706015037594,1.29218072841593,1.31509634811518,-0.237733972419121,-0.189510256158578,0.0101803691264333,6.62285134924367
"High","High","Medium","Medium","Medium","Mpumalanga","Irrigated","Pannar","John Deere",26.8465413533835,877.316541353384,194.092857142857,200.322781954887,3.64706015037594,1.29218072841593,1.31509634811518,-0.237733972419121,-0.189510256158578,0.0101803691264333,7.56917229235584
"High","High","Medium","Medium","Medium","North West","Irrigated","Pannar","John Deere",26.8465413533835,877.316541353384,194.092857142857,200.322781954887,3.64706015037594,1.29218072841593,1.31509634811518,-0.237733972419121,-0.189510256158578,0.0101803691264333,7.47756784564546
"High","High","Medium","Medium","Medium","Free State","Rainfed","Dekalb","John Deere",26.8465413533835,877.316541353384,194.092857142857,200.322781954887,3.64706015037594,1.29218072841593,1.31509634811518,-0.237733972419121,-0.189510256158578,0.0101803691264333,6.70579821893871
"High","High","Medium","Medium","Medium","Mpumalanga","Rainfed","Dekalb","John Deere",26.8465413533835,877.316541353384,194.092857142857,200.322781954887,3.64706015037594,1.29218072841593,1.31509634811518,-0.237733972419121,-0.189510256158578,0.0101803691264333,7.79550094618637
"High","High","Medium","Medium","Medium","North West","Rainfed","Dekalb","John Deere",26.8465413533835,877.316541353384,194.092857142857,200.322781954887,3.64706015037594,1.29218072841593,1.31509634811518,-0.237733972419121,-0.189510256158578,0.0101803691264333,7.48919444132597
"High","High","Medium","Medium","Medium","Free State","Irrigated","Dekalb","John Deere",26.8465413533835,877.316541353384,194.092857142857,200.322781954887,3.64706015037594,1.29218072841593,1.31509634811518,-0.237733972419121,-0.189510256158578,0.0101803691264333,7.00431113102257
"High","High","Medium","Medium","Medium","Mpumalanga","Irrigated","Dekalb","John Deere",26.8465413533835,877.316541353384,194.092857142857,200.322781954887,3.64706015037594,1.29218072841593,1.31509634811518,-0.237733972419121,-0.189510256158578,0.0101803691264333,6.97238915448777
"High","High","Medium","Medium","Medium","North West","Irrigated","Dekalb","John Deere",26.8465413533835,877.316541353384,194.092857142857,200.322781954887,3.64706015037594,1.29218072841593,1.31509634811518,-0.237733972419121,-0.189510256158578,0.0101803691264333,7.25533418266993
"High","High","Medium","Medium","Medium","Free State","Rainfed","Pioneer","John Deere",26.8465413533835,877.316541353384,194.092857142857,200.322781954887,3.64706015037594,1.29218072841593,1.31509634811518,-0.237733972419121,-0.189510256158578,0.0101803691264333,6.67310223241759
"High","High","Medium","Medium","Medium","Mpumalanga","Rainfed","Pioneer","John Deere",26.8465413533835,877.316541353384,194.092857142857,200.322781954887,3.64706015037594,1.29218072841593,1.31509634811518,-0.237733972419121,-0.189510256158578,0.0101803691264333,7.26890201500564
"High","High","Medium","Medium","Medium","North West","Rainfed","Pioneer","John Deere",26.8465413533835,877.316541353384,194.092857142857,200.322781954887,3.64706015037594,1.29218072841593,1.31509634811518,-0.237733972419121,-0.189510256158578,0.0101803691264333,6.59732397862827
"High","High","Medium","Medium","Medium","Free State","Irrigated","Pioneer","John Deere",26.8465413533835,877.316541353384,194.092857142857,200.322781954887,3.64706015037594,1.29218072841593,1.31509634811518,-0.237733972419121,-0.189510256158578,0.0101803691264333,7.62103190500983
"High","High","Medium","Medium","Medium","Mpumalanga","Irrigated","Pioneer","John Deere",26.8465413533835,877.316541353384,194.092857142857,200.322781954887,3.64706015037594,1.29218072841593,1.31509634811518,-0.237733972419121,-0.189510256158578,0.0101803691264333,8.42291221813128
"High","High","Medium","Medium","Medium","North West","Irrigated","Pioneer","John Deere",26.8465413533835,877.316541353384,194.092857142857,200.322781954887,3.64706015037594,1.29218072841593,1.31509634811518,-0.237733972419121,-0.189510256158578,0.0101803691264333,7.11763553013705
"High","High","Medium","Medium","Medium","Free State","Rainfed","Pannar","New Holland",26.8465413533835,877.316541353384,194.092857142857,200.322781954887,3.64706015037594,1.29218072841593,1.31509634811518,-0.237733972419121,-0.189510256158578,0.0101803691264333,6.77148073112091
"High","High","Medium","Medium","Medium","Mpumalanga","Rainfed","Pannar","New Holland",26.8465413533835,877.316541353384,194.092857142857,200.322781954887,3.64706015037594,1.29218072841593,1.31509634811518,-0.237733972419121,-0.189510256158578,0.0101803691264333,6.84473091284323
"High","High","Medium","High","Medium","Free State","Rainfed","Pannar","John Deere",26.8465413533835,877.316541353384,194.092857142857,285.840977443609,3.64706015037594,1.29218072841593,1.31509634811518,-0.237733972419121,1.30373775649338,0.0101803691264333,7.56791114671776
"High","High","Medium","High","Medium","Mpumalanga","Rainfed","Pannar","John Deere",26.8465413533835,877.316541353384,194.092857142857,285.840977443609,3.64706015037594,1.29218072841593,1.31509634811518,-0.237733972419121,1.30373775649338,0.0101803691264333,7.20030224180357
"High","High","Medium","High","Medium","North West","Rainfed","Pannar","John Deere",26.8465413533835,877.316541353384,194.092857142857,285.840977443609,3.64706015037594,1.29218072841593,1.31509634811518,-0.237733972419121,1.30373775649338,0.0101803691264333,6.81476458642089
"High","High","Medium","High","Medium","Free State","Irrigated","Pannar","John Deere",26.8465413533835,877.316541353384,194.092857142857,285.840977443609,3.64706015037594,1.29218072841593,1.31509634811518,-0.237733972419121,1.30373775649338,0.0101803691264333,7.26362996865655
"High","High","Medium","High","Medium","Mpumalanga","Irrigated","Pannar","John Deere",26.8465413533835,877.316541353384,194.092857142857,285.840977443609,3.64706015037594,1.29218072841593,1.31509634811518,-0.237733972419121,1.30373775649338,0.0101803691264333,7.63794798596859
"High","High","Medium","High","Medium","North West","Irrigated","Pannar","John Deere",26.8465413533835,877.316541353384,194.092857142857,285.840977443609,3.64706015037594,1.29218072841593,1.31509634811518,-0.237733972419121,1.30373775649338,0.0101803691264333,8.27721806757368
"High","High","Medium","High","Medium","Free State","Rainfed","Dekalb","John Deere",26.8465413533835,877.316541353384,194.092857142857,285.840977443609,3.64706015037594,1.29218072841593,1.31509634811518,-0.237733972419121,1.30373775649338,0.0101803691264333,7.43311569095721
"High","High","Medium","High","Medium","Mpumalanga","Rainfed","Dekalb","John Deere",26.8465413533835,877.316541353384,194.092857142857,285.840977443609,3.64706015037594,1.29218072841593,1.31509634811518,-0.237733972419121,1.30373775649338,0.0101803691264333,7.66535141773645
"High","High","Medium","High","Medium","North West","Rainfed","Dekalb","John Deere",26.8465413533835,877.316541353384,194.092857142857,285.840977443609,3.64706015037594,1.29218072841593,1.31509634811518,-0.237733972419121,1.30373775649338,0.0101803691264333,6.65522987544474
"High","High","Medium","High","Medium","Free State","Irrigated","Dekalb","John Deere",26.8465413533835,877.316541353384,194.092857142857,285.840977443609,3.64706015037594,1.29218072841593,1.31509634811518,-0.237733972419121,1.30373775649338,0.0101803691264333,7.63754156452469
"High","High","Medium","High","Medium","Mpumalanga","Irrigated","Dekalb","John Deere",26.8465413533835,877.316541353384,194.092857142857,285.840977443609,3.64706015037594,1.29218072841593,1.31509634811518,-0.237733972419121,1.30373775649338,0.0101803691264333,8.59525645713525
"High","High","Medium","High","Medium","North West","Irrigated","Dekalb","John Deere",26.8465413533835,877.316541353384,194.092857142857,285.840977443609,3.64706015037594,1.29218072841593,1.31509634811518,-0.237733972419121,1.30373775649338,0.0101803691264333,6.92453828997791
"High","High","Medium","High","Medium","Free State","Rainfed","Pioneer","John Deere",26.8465413533835,877.316541353384,194.092857142857,285.840977443609,3.64706015037594,1.29218072841593,1.31509634811518,-0.237733972419121,1.30373775649338,0.0101803691264333,6.88626711493111
"High","High","Medium","High","Medium","Mpumalanga","Rainfed","Pioneer","John Deere",26.8465413533835,877.316541353384,194.092857142857,285.840977443609,3.64706015037594,1.29218072841593,1.31509634811518,-0.237733972419121,1.30373775649338,0.0101803691264333,7.11808685682825
"High","High","Medium","High","Medium","North West","Rainfed","Pioneer","John Deere",26.8465413533835,877.316541353384,194.092857142857,285.840977443609,3.64706015037594,1.29218072841593,1.31509634811518,-0.237733972419121,1.30373775649338,0.0101803691264333,6.53812836938644
"High","High","Medium","High","Medium","Free State","Irrigated","Pioneer","John Deere",26.8465413533835,877.316541353384,194.092857142857,285.840977443609,3.64706015037594,1.29218072841593,1.31509634811518,-0.237733972419121,1.30373775649338,0.0101803691264333,7.29431927007435
"High","High","Medium","High","Medium","Mpumalanga","Irrigated","Pioneer","John Deere",26.8465413533835,877.316541353384,194.092857142857,285.840977443609,3.64706015037594,1.29218072841593,1.31509634811518,-0.237733972419121,1.30373775649338,0.0101803691264333,7.38834741322033
"High","High","Medium","High","Medium","North West","Irrigated","Pioneer","John Deere",26.8465413533835,877.316541353384,194.092857142857,285.840977443609,3.64706015037594,1.29218072841593,1.31509634811518,-0.237733972419121,1.30373775649338,0.0101803691264333,7.94866072486501
"High","High","Medium","High","Medium","Free State","Rainfed","Pannar","New Holland",26.8465413533835,877.316541353384,194.092857142857,285.840977443609,3.64706015037594,1.29218072841593,1.31509634811518,-0.237733972419121,1.30373775649338,0.0101803691264333,5.44051017075633
"High","High","Medium","High","Medium","Mpumalanga","Rainfed","Pannar","New Holland",26.8465413533835,877.316541353384,194.092857142857,285.840977443609,3.64706015037594,1.29218072841593,1.31509634811518,-0.237733972419121,1.30373775649338,0.0101803691264333,7.25694049479469
"High","High","Medium","High","High","Free State","Rainfed","Pannar","John Deere",26.8465413533835,877.316541353384,194.092857142857,285.840977443609,3.92764661654135,1.29218072841593,1.31509634811518,-0.237733972419121,1.30373775649338,1.2989009578967,7.08294712304666
"High","High","Medium","High","High","Mpumalanga","Rainfed","Pannar","John Deere",26.8465413533835,877.316541353384,194.092857142857,285.840977443609,3.92764661654135,1.29218072841593,1.31509634811518,-0.237733972419121,1.30373775649338,1.2989009578967,7.38482522291696
"High","High","Medium","High","High","North West","Rainfed","Pannar","John Deere",26.8465413533835,877.316541353384,194.092857142857,285.840977443609,3.92764661654135,1.29218072841593,1.31509634811518,-0.237733972419121,1.30373775649338,1.2989009578967,6.75157315061377
"High","High","Medium","High","High","Free State","Irrigated","Pannar","John Deere",26.8465413533835,877.316541353384,194.092857142857,285.840977443609,3.92764661654135,1.29218072841593,1.31509634811518,-0.237733972419121,1.30373775649338,1.2989009578967,8.24890882713098
"High","High","Medium","High","High","Mpumalanga","Irrigated","Pannar","John Deere",26.8465413533835,877.316541353384,194.092857142857,285.840977443609,3.92764661654135,1.29218072841593,1.31509634811518,-0.237733972419121,1.30373775649338,1.2989009578967,7.19146943921093
"High","High","Medium","High","High","North West","Irrigated","Pannar","John Deere",26.8465413533835,877.316541353384,194.092857142857,285.840977443609,3.92764661654135,1.29218072841593,1.31509634811518,-0.237733972419121,1.30373775649338,1.2989009578967,7.75361363256616
"High","High","Medium","High","High","Free State","Rainfed","Dekalb","John Deere",26.8465413533835,877.316541353384,194.092857142857,285.840977443609,3.92764661654135,1.29218072841593,1.31509634811518,-0.237733972419121,1.30373775649338,1.2989009578967,7.45730419036556
"High","High","Medium","High","High","Mpumalanga","Rainfed","Dekalb","John Deere",26.8465413533835,877.316541353384,194.092857142857,285.840977443609,3.92764661654135,1.29218072841593,1.31509634811518,-0.237733972419121,1.30373775649338,1.2989009578967,6.88289234053796
"High","High","Medium","High","High","North West","Rainfed","Dekalb","John Deere",26.8465413533835,877.316541353384,194.092857142857,285.840977443609,3.92764661654135,1.29218072841593,1.31509634811518,-0.237733972419121,1.30373775649338,1.2989009578967,7.38325677174161
"High","High","Medium","High","High","Free State","Irrigated","Dekalb","John Deere",26.8465413533835,877.316541353384,194.092857142857,285.840977443609,3.92764661654135,1.29218072841593,1.31509634811518,-0.237733972419121,1.30373775649338,1.2989009578967,7.90069348933921
"High","High","Medium","High","High","Mpumalanga","Irrigated","Dekalb","John Deere",26.8465413533835,877.316541353384,194.092857142857,285.840977443609,3.92764661654135,1.29218072841593,1.31509634811518,-0.237733972419121,1.30373775649338,1.2989009578967,7.77728096340428
"High","High","Medium","High","High","North West","Irrigated","Dekalb","John Deere",26.8465413533835,877.316541353384,194.092857142857,285.840977443609,3.92764661654135,1.29218072841593,1.31509634811518,-0.237733972419121,1.30373775649338,1.2989009578967,7.31154791155913
"High","High","Medium","High","High","Free State","Rainfed","Pioneer","John Deere",26.8465413533835,877.316541353384,194.092857142857,285.840977443609,3.92764661654135,1.29218072841593,1.31509634811518,-0.237733972419121,1.30373775649338,1.2989009578967,7.02777739719052
"High","High","Medium","High","High","Mpumalanga","Rainfed","Pioneer","John Deere",26.8465413533835,877.316541353384,194.092857142857,285.840977443609,3.92764661654135,1.29218072841593,1.31509634811518,-0.237733972419121,1.30373775649338,1.2989009578967,6.92138603508471
"High","High","Medium","High","High","North West","Rainfed","Pioneer","John Deere",26.8465413533835,877.316541353384,194.092857142857,285.840977443609,3.92764661654135,1.29218072841593,1.31509634811518,-0.237733972419121,1.30373775649338,1.2989009578967,7.48722624126301
"High","High","Medium","High","High","Free State","Irrigated","Pioneer","John Deere",26.8465413533835,877.316541353384,194.092857142857,285.840977443609,3.92764661654135,1.29218072841593,1.31509634811518,-0.237733972419121,1.30373775649338,1.2989009578967,7.3891763092744
"High","High","Medium","High","High","Mpumalanga","Irrigated","Pioneer","John Deere",26.8465413533835,877.316541353384,194.092857142857,285.840977443609,3.92764661654135,1.29218072841593,1.31509634811518,-0.237733972419121,1.30373775649338,1.2989009578967,7.22542810916907
"High","High","Medium","High","High","North West","Irrigated","Pioneer","John Deere",26.8465413533835,877.316541353384,194.092857142857,285.840977443609,3.92764661654135,1.29218072841593,1.31509634811518,-0.237733972419121,1.30373775649338,1.2989009578967,7.52404171298164
"High","High","Medium","High","High","Free State","Rainfed","Pannar","New Holland",26.8465413533835,877.316541353384,194.092857142857,285.840977443609,3.92764661654135,1.29218072841593,1.31509634811518,-0.237733972419121,1.30373775649338,1.2989009578967,6.59488050484999
"High","High","Medium","High","High","Mpumalanga","Rainfed","Pannar","New Holland",26.8465413533835,877.316541353384,194.092857142857,285.840977443609,3.92764661654135,1.29218072841593,1.31509634811518,-0.237733972419121,1.30373775649338,1.2989009578967,7.57818288421693
"High","High","High","Low","Medium","Free State","Rainfed","Pannar","John Deere",26.8465413533835,877.316541353384,296.555789473684,144.721044776119,3.64706015037594,1.29218072841593,1.31509634811518,1.29344548222192,-1.16038181241284,0.0101803691264333,6.77311516450837
"High","High","High","Low","Medium","Mpumalanga","Rainfed","Pannar","John Deere",26.8465413533835,877.316541353384,296.555789473684,144.721044776119,3.64706015037594,1.29218072841593,1.31509634811518,1.29344548222192,-1.16038181241284,0.0101803691264333,7.27459840968982
"High","High","High","Low","Medium","North West","Rainfed","Pannar","John Deere",26.8465413533835,877.316541353384,296.555789473684,144.721044776119,3.64706015037594,1.29218072841593,1.31509634811518,1.29344548222192,-1.16038181241284,0.0101803691264333,7.35705546163571
"High","High","High","Low","Medium","Free State","Irrigated","Pannar","John Deere",26.8465413533835,877.316541353384,296.555789473684,144.721044776119,3.64706015037594,1.29218072841593,1.31509634811518,1.29344548222192,-1.16038181241284,0.0101803691264333,8.48460800731955
"High","High","High","Low","Medium","Mpumalanga","Irrigated","Pannar","John Deere",26.8465413533835,877.316541353384,296.555789473684,144.721044776119,3.64706015037594,1.29218072841593,1.31509634811518,1.29344548222192,-1.16038181241284,0.0101803691264333,7.76272479939808
"High","High","High","Low","Medium","North West","Irrigated","Pannar","John Deere",26.8465413533835,877.316541353384,296.555789473684,144.721044776119,3.64706015037594,1.29218072841593,1.31509634811518,1.29344548222192,-1.16038181241284,0.0101803691264333,7.51310789212183
"High","High","High","Low","Medium","Free State","Rainfed","Dekalb","John Deere",26.8465413533835,877.316541353384,296.555789473684,144.721044776119,3.64706015037594,1.29218072841593,1.31509634811518,1.29344548222192,-1.16038181241284,0.0101803691264333,7.01004154308096
"High","High","High","Low","Medium","Mpumalanga","Rainfed","Dekalb","John Deere",26.8465413533835,877.316541353384,296.555789473684,144.721044776119,3.64706015037594,1.29218072841593,1.31509634811518,1.29344548222192,-1.16038181241284,0.0101803691264333,6.50447780859126
"High","High","High","Low","Medium","North West","Rainfed","Dekalb","John Deere",26.8465413533835,877.316541353384,296.555789473684,144.721044776119,3.64706015037594,1.29218072841593,1.31509634811518,1.29344548222192,-1.16038181241284,0.0101803691264333,5.74223385619074
"High","High","High","Low","Medium","Free State","Irrigated","Dekalb","John Deere",26.8465413533835,877.316541353384,296.555789473684,144.721044776119,3.64706015037594,1.29218072841593,1.31509634811518,1.29344548222192,-1.16038181241284,0.0101803691264333,7.80596939149993
"High","High","High","Low","Medium","Mpumalanga","Irrigated","Dekalb","John Deere",26.8465413533835,877.316541353384,296.555789473684,144.721044776119,3.64706015037594,1.29218072841593,1.31509634811518,1.29344548222192,-1.16038181241284,0.0101803691264333,7.35743519352021
"High","High","High","Low","Medium","North West","Irrigated","Dekalb","John Deere",26.8465413533835,877.316541353384,296.555789473684,144.721044776119,3.64706015037594,1.29218072841593,1.31509634811518,1.29344548222192,-1.16038181241284,0.0101803691264333,7.96340657207138
"High","High","High","Low","Medium","Free State","Rainfed","Pioneer","John Deere",26.8465413533835,877.316541353384,296.555789473684,144.721044776119,3.64706015037594,1.29218072841593,1.31509634811518,1.29344548222192,-1.16038181241284,0.0101803691264333,7.47295618575174
"High","High","High","Low","Medium","Mpumalanga","Rainfed","Pioneer","John Deere",26.8465413533835,877.316541353384,296.555789473684,144.721044776119,3.64706015037594,1.29218072841593,1.31509634811518,1.29344548222192,-1.16038181241284,0.0101803691264333,7.31846290281577
"High","High","High","Low","Medium","North West","Rainfed","Pioneer","John Deere",26.8465413533835,877.316541353384,296.555789473684,144.721044776119,3.64706015037594,1.29218072841593,1.31509634811518,1.29344548222192,-1.16038181241284,0.0101803691264333,6.88614452033901
"High","High","High","Low","Medium","Free State","Irrigated","Pioneer","John Deere",26.8465413533835,877.316541353384,296.555789473684,144.721044776119,3.64706015037594,1.29218072841593,1.31509634811518,1.29344548222192,-1.16038181241284,0.0101803691264333,7.76334133276994
"High","High","High","Low","Medium","Mpumalanga","Irrigated","Pioneer","John Deere",26.8465413533835,877.316541353384,296.555789473684,144.721044776119,3.64706015037594,1.29218072841593,1.31509634811518,1.29344548222192,-1.16038181241284,0.0101803691264333,6.89263657052276
"High","High","High","Low","Medium","North West","Irrigated","Pioneer","John Deere",26.8465413533835,877.316541353384,296.555789473684,144.721044776119,3.64706015037594,1.29218072841593,1.31509634811518,1.29344548222192,-1.16038181241284,0.0101803691264333,7.31329582265486
"High","High","High","Low","Medium","Free State","Rainfed","Pannar","New Holland",26.8465413533835,877.316541353384,296.555789473684,144.721044776119,3.64706015037594,1.29218072841593,1.31509634811518,1.29344548222192,-1.16038181241284,0.0101803691264333,6.78120200744327
"High","High","High","Low","Medium","Mpumalanga","Rainfed","Pannar","New Holland",26.8465413533835,877.316541353384,296.555789473684,144.721044776119,3.64706015037594,1.29218072841593,1.31509634811518,1.29344548222192,-1.16038181241284,0.0101803691264333,7.97576878659797
"High","High","High","Low","High","Free State","Rainfed","Pannar","John Deere",26.8465413533835,877.316541353384,296.555789473684,144.721044776119,3.92764661654135,1.29218072841593,1.31509634811518,1.29344548222192,-1.16038181241284,1.2989009578967,7.00013687145767
"High","High","High","Low","High","Mpumalanga","Rainfed","Pannar","John Deere",26.8465413533835,877.316541353384,296.555789473684,144.721044776119,3.92764661654135,1.29218072841593,1.31509634811518,1.29344548222192,-1.16038181241284,1.2989009578967,8.23935234705338
"High","High","High","Low","High","North West","Rainfed","Pannar","John Deere",26.8465413533835,877.316541353384,296.555789473684,144.721044776119,3.92764661654135,1.29218072841593,1.31509634811518,1.29344548222192,-1.16038181241284,1.2989009578967,7.04919292893554
"High","High","High","Low","High","Free State","Irrigated","Pannar","John Deere",26.8465413533835,877.316541353384,296.555789473684,144.721044776119,3.92764661654135,1.29218072841593,1.31509634811518,1.29344548222192,-1.16038181241284,1.2989009578967,8.14360345986942
"High","High","High","Low","High","Mpumalanga","Irrigated","Pannar","John Deere",26.8465413533835,877.316541353384,296.555789473684,144.721044776119,3.92764661654135,1.29218072841593,1.31509634811518,1.29344548222192,-1.16038181241284,1.2989009578967,7.27274386817785
"High","High","High","Low","High","North West","Irrigated","Pannar","John Deere",26.8465413533835,877.316541353384,296.555789473684,144.721044776119,3.92764661654135,1.29218072841593,1.31509634811518,1.29344548222192,-1.16038181241284,1.2989009578967,7.7378068761345
"High","High","High","Low","High","Free State","Rainfed","Dekalb","John Deere",26.8465413533835,877.316541353384,296.555789473684,144.721044776119,3.92764661654135,1.29218072841593,1.31509634811518,1.29344548222192,-1.16038181241284,1.2989009578967,7.5650315768371
"High","High","High","Low","High","Mpumalanga","Rainfed","Dekalb","John Deere",26.8465413533835,877.316541353384,296.555789473684,144.721044776119,3.92764661654135,1.29218072841593,1.31509634811518,1.29344548222192,-1.16038181241284,1.2989009578967,7.79564323037079
"High","High","High","Low","High","North West","Rainfed","Dekalb","John Deere",26.8465413533835,877.316541353384,296.555789473684,144.721044776119,3.92764661654135,1.29218072841593,1.31509634811518,1.29344548222192,-1.16038181241284,1.2989009578967,7.70626110986706
"High","High","High","Low","High","Free State","Irrigated","Dekalb","John Deere",26.8465413533835,877.316541353384,296.555789473684,144.721044776119,3.92764661654135,1.29218072841593,1.31509634811518,1.29344548222192,-1.16038181241284,1.2989009578967,7.88244708071103
"High","High","High","Low","High","Mpumalanga","Irrigated","Dekalb","John Deere",26.8465413533835,877.316541353384,296.555789473684,144.721044776119,3.92764661654135,1.29218072841593,1.31509634811518,1.29344548222192,-1.16038181241284,1.2989009578967,6.49647939045913
"High","High","High","Low","High","North West","Irrigated","Dekalb","John Deere",26.8465413533835,877.316541353384,296.555789473684,144.721044776119,3.92764661654135,1.29218072841593,1.31509634811518,1.29344548222192,-1.16038181241284,1.2989009578967,7.68988850576571
"High","High","High","Low","High","Free State","Rainfed","Pioneer","John Deere",26.8465413533835,877.316541353384,296.555789473684,144.721044776119,3.92764661654135,1.29218072841593,1.31509634811518,1.29344548222192,-1.16038181241284,1.2989009578967,7.94353035116975
"High","High","High","Low","High","Mpumalanga","Rainfed","Pioneer","John Deere",26.8465413533835,877.316541353384,296.555789473684,144.721044776119,3.92764661654135,1.29218072841593,1.31509634811518,1.29344548222192,-1.16038181241284,1.2989009578967,6.6322271590624
"High","High","High","Low","High","North West","Rainfed","Pioneer","John Deere",26.8465413533835,877.316541353384,296.555789473684,144.721044776119,3.92764661654135,1.29218072841593,1.31509634811518,1.29344548222192,-1.16038181241284,1.2989009578967,7.55950128205524
"High","High","High","Low","High","Free State","Irrigated","Pioneer","John Deere",26.8465413533835,877.316541353384,296.555789473684,144.721044776119,3.92764661654135,1.29218072841593,1.31509634811518,1.29344548222192,-1.16038181241284,1.2989009578967,8.34210842294396
"High","High","High","Low","High","Mpumalanga","Irrigated","Pioneer","John Deere",26.8465413533835,877.316541353384,296.555789473684,144.721044776119,3.92764661654135,1.29218072841593,1.31509634811518,1.29344548222192,-1.16038181241284,1.2989009578967,7.51682822832729
"High","High","High","Low","High","North West","Irrigated","Pioneer","John Deere",26.8465413533835,877.316541353384,296.555789473684,144.721044776119,3.92764661654135,1.29218072841593,1.31509634811518,1.29344548222192,-1.16038181241284,1.2989009578967,8.68115397239289
"High","High","High","Low","High","Free State","Rainfed","Pannar","New Holland",26.8465413533835,877.316541353384,296.555789473684,144.721044776119,3.92764661654135,1.29218072841593,1.31509634811518,1.29344548222192,-1.16038181241284,1.2989009578967,7.12306218753939
"High","High","High","Low","High","Mpumalanga","Rainfed","Pannar","New Holland",26.8465413533835,877.316541353384,296.555789473684,144.721044776119,3.92764661654135,1.29218072841593,1.31509634811518,1.29344548222192,-1.16038181241284,1.2989009578967,7.50676398861834
"High","High","High","Medium","Low","Free State","Rainfed","Pannar","John Deere",26.8465413533835,877.316541353384,296.555789473684,200.322781954887,3.38760447761194,1.29218072841593,1.31509634811518,1.29344548222192,-0.189510256158578,-1.18148746836324,7.72736310858063
"High","High","High","Medium","Low","Mpumalanga","Rainfed","Pannar","John Deere",26.8465413533835,877.316541353384,296.555789473684,200.322781954887,3.38760447761194,1.29218072841593,1.31509634811518,1.29344548222192,-0.189510256158578,-1.18148746836324,7.12376553388151
"High","High","High","Medium","Low","North West","Rainfed","Pannar","John Deere",26.8465413533835,877.316541353384,296.555789473684,200.322781954887,3.38760447761194,1.29218072841593,1.31509634811518,1.29344548222192,-0.189510256158578,-1.18148746836324,8.32288037890264
"High","High","High","Medium","Low","Free State","Irrigated","Pannar","John Deere",26.8465413533835,877.316541353384,296.555789473684,200.322781954887,3.38760447761194,1.29218072841593,1.31509634811518,1.29344548222192,-0.189510256158578,-1.18148746836324,7.63414114444293
"High","High","High","Medium","Low","Mpumalanga","Irrigated","Pannar","John Deere",26.8465413533835,877.316541353384,296.555789473684,200.322781954887,3.38760447761194,1.29218072841593,1.31509634811518,1.29344548222192,-0.189510256158578,-1.18148746836324,7.73726676489665
"High","High","High","Medium","Low","North West","Irrigated","Pannar","John Deere",26.8465413533835,877.316541353384,296.555789473684,200.322781954887,3.38760447761194,1.29218072841593,1.31509634811518,1.29344548222192,-0.189510256158578,-1.18148746836324,8.14698993584534
"High","High","High","Medium","Low","Free State","Rainfed","Dekalb","John Deere",26.8465413533835,877.316541353384,296.555789473684,200.322781954887,3.38760447761194,1.29218072841593,1.31509634811518,1.29344548222192,-0.189510256158578,-1.18148746836324,6.93192878103114
"High","High","High","Medium","Low","Mpumalanga","Rainfed","Dekalb","John Deere",26.8465413533835,877.316541353384,296.555789473684,200.322781954887,3.38760447761194,1.29218072841593,1.31509634811518,1.29344548222192,-0.189510256158578,-1.18148746836324,7.36954601375708
"High","High","High","Medium","Low","North West","Rainfed","Dekalb","John Deere",26.8465413533835,877.316541353384,296.555789473684,200.322781954887,3.38760447761194,1.29218072841593,1.31509634811518,1.29344548222192,-0.189510256158578,-1.18148746836324,8.30915496691403
"High","High","High","Medium","Low","Free State","Irrigated","Dekalb","John Deere",26.8465413533835,877.316541353384,296.555789473684,200.322781954887,3.38760447761194,1.29218072841593,1.31509634811518,1.29344548222192,-0.189510256158578,-1.18148746836324,8.20830243350526
"High","High","High","Medium","Low","Mpumalanga","Irrigated","Dekalb","John Deere",26.8465413533835,877.316541353384,296.555789473684,200.322781954887,3.38760447761194,1.29218072841593,1.31509634811518,1.29344548222192,-0.189510256158578,-1.18148746836324,7.58381203181579
"High","High","High","Medium","Low","North West","Irrigated","Dekalb","John Deere",26.8465413533835,877.316541353384,296.555789473684,200.322781954887,3.38760447761194,1.29218072841593,1.31509634811518,1.29344548222192,-0.189510256158578,-1.18148746836324,7.44333983517518
"High","High","High","Medium","Low","Free State","Rainfed","Pioneer","John Deere",26.8465413533835,877.316541353384,296.555789473684,200.322781954887,3.38760447761194,1.29218072841593,1.31509634811518,1.29344548222192,-0.189510256158578,-1.18148746836324,7.82995322558979
"High","High","High","Medium","Low","Mpumalanga","Rainfed","Pioneer","John Deere",26.8465413533835,877.316541353384,296.555789473684,200.322781954887,3.38760447761194,1.29218072841593,1.31509634811518,1.29344548222192,-0.189510256158578,-1.18148746836324,7.00269056529135
"High","High","High","Medium","Low","North West","Rainfed","Pioneer","John Deere",26.8465413533835,877.316541353384,296.555789473684,200.322781954887,3.38760447761194,1.29218072841593,1.31509634811518,1.29344548222192,-0.189510256158578,-1.18148746836324,7.03600204876053
"High","High","High","Medium","Low","Free State","Irrigated","Pioneer","John Deere",26.8465413533835,877.316541353384,296.555789473684,200.322781954887,3.38760447761194,1.29218072841593,1.31509634811518,1.29344548222192,-0.189510256158578,-1.18148746836324,7.27144837721677
"High","High","High","Medium","Low","Mpumalanga","Irrigated","Pioneer","John Deere",26.8465413533835,877.316541353384,296.555789473684,200.322781954887,3.38760447761194,1.29218072841593,1.31509634811518,1.29344548222192,-0.189510256158578,-1.18148746836324,7.1275694542072
"High","High","High","Medium","Low","North West","Irrigated","Pioneer","John Deere",26.8465413533835,877.316541353384,296.555789473684,200.322781954887,3.38760447761194,1.29218072841593,1.31509634811518,1.29344548222192,-0.189510256158578,-1.18148746836324,8.12701181167383
"High","High","High","Medium","Low","Free State","Rainfed","Pannar","New Holland",26.8465413533835,877.316541353384,296.555789473684,200.322781954887,3.38760447761194,1.29218072841593,1.31509634811518,1.29344548222192,-0.189510256158578,-1.18148746836324,6.57238368113152
"High","High","High","Medium","Low","Mpumalanga","Rainfed","Pannar","New Holland",26.8465413533835,877.316541353384,296.555789473684,200.322781954887,3.38760447761194,1.29218072841593,1.31509634811518,1.29344548222192,-0.189510256158578,-1.18148746836324,6.76683521001287
"High","High","High","Medium","Medium","Free State","Rainfed","Pannar","John Deere",26.8465413533835,877.316541353384,296.555789473684,200.322781954887,3.64706015037594,1.29218072841593,1.31509634811518,1.29344548222192,-0.189510256158578,0.0101803691264333,7.66749605656815
"High","High","High","Medium","Medium","Mpumalanga","Rainfed","Pannar","John Deere",26.8465413533835,877.316541353384,296.555789473684,200.322781954887,3.64706015037594,1.29218072841593,1.31509634811518,1.29344548222192,-0.189510256158578,0.0101803691264333,8.4906280397541
"High","High","High","Medium","Medium","North West","Rainfed","Pannar","John Deere",26.8465413533835,877.316541353384,296.555789473684,200.322781954887,3.64706015037594,1.29218072841593,1.31509634811518,1.29344548222192,-0.189510256158578,0.0101803691264333,7.77257066500964
"High","High","High","Medium","Medium","Free State","Irrigated","Pannar","John Deere",26.8465413533835,877.316541353384,296.555789473684,200.322781954887,3.64706015037594,1.29218072841593,1.31509634811518,1.29344548222192,-0.189510256158578,0.0101803691264333,8.68921268904114
"High","High","High","Medium","Medium","Mpumalanga","Irrigated","Pannar","John Deere",26.8465413533835,877.316541353384,296.555789473684,200.322781954887,3.64706015037594,1.29218072841593,1.31509634811518,1.29344548222192,-0.189510256158578,0.0101803691264333,7.73897161820736
"High","High","High","Medium","Medium","North West","Irrigated","Pannar","John Deere",26.8465413533835,877.316541353384,296.555789473684,200.322781954887,3.64706015037594,1.29218072841593,1.31509634811518,1.29344548222192,-0.189510256158578,0.0101803691264333,7.99234453881312
"High","High","High","Medium","Medium","Free State","Rainfed","Dekalb","John Deere",26.8465413533835,877.316541353384,296.555789473684,200.322781954887,3.64706015037594,1.29218072841593,1.31509634811518,1.29344548222192,-0.189510256158578,0.0101803691264333,7.07641122363957
"High","High","High","Medium","Medium","Mpumalanga","Rainfed","Dekalb","John Deere",26.8465413533835,877.316541353384,296.555789473684,200.322781954887,3.64706015037594,1.29218072841593,1.31509634811518,1.29344548222192,-0.189510256158578,0.0101803691264333,7.90341058828747
"High","High","High","Medium","Medium","North West","Rainfed","Dekalb","John Deere",26.8465413533835,877.316541353384,296.555789473684,200.322781954887,3.64706015037594,1.29218072841593,1.31509634811518,1.29344548222192,-0.189510256158578,0.0101803691264333,7.67291428587331
"High","High","High","Medium","Medium","Free State","Irrigated","Dekalb","John Deere",26.8465413533835,877.316541353384,296.555789473684,200.322781954887,3.64706015037594,1.29218072841593,1.31509634811518,1.29344548222192,-0.189510256158578,0.0101803691264333,7.79719798718309
"High","High","High","Medium","Medium","Mpumalanga","Irrigated","Dekalb","John Deere",26.8465413533835,877.316541353384,296.555789473684,200.322781954887,3.64706015037594,1.29218072841593,1.31509634811518,1.29344548222192,-0.189510256158578,0.0101803691264333,7.38043771374339
"High","High","High","Medium","Medium","North West","Irrigated","Dekalb","John Deere",26.8465413533835,877.316541353384,296.555789473684,200.322781954887,3.64706015037594,1.29218072841593,1.31509634811518,1.29344548222192,-0.189510256158578,0.0101803691264333,8.24435338774138
"High","High","High","Medium","Medium","Free State","Rainfed","Pioneer","John Deere",26.8465413533835,877.316541353384,296.555789473684,200.322781954887,3.64706015037594,1.29218072841593,1.31509634811518,1.29344548222192,-0.189510256158578,0.0101803691264333,7.5584295579356
"High","High","High","Medium","Medium","Mpumalanga","Rainfed","Pioneer","John Deere",26.8465413533835,877.316541353384,296.555789473684,200.322781954887,3.64706015037594,1.29218072841593,1.31509634811518,1.29344548222192,-0.189510256158578,0.0101803691264333,6.93499111627367
"High","High","High","Medium","Medium","North West","Rainfed","Pioneer","John Deere",26.8465413533835,877.316541353384,296.555789473684,200.322781954887,3.64706015037594,1.29218072841593,1.31509634811518,1.29344548222192,-0.189510256158578,0.0101803691264333,8.27663893428352
"High","High","High","Medium","Medium","Free State","Irrigated","Pioneer","John Deere",26.8465413533835,877.316541353384,296.555789473684,200.322781954887,3.64706015037594,1.29218072841593,1.31509634811518,1.29344548222192,-0.189510256158578,0.0101803691264333,8.32747925022668
"High","High","High","Medium","Medium","Mpumalanga","Irrigated","Pioneer","John Deere",26.8465413533835,877.316541353384,296.555789473684,200.322781954887,3.64706015037594,1.29218072841593,1.31509634811518,1.29344548222192,-0.189510256158578,0.0101803691264333,7.74157777876809
"High","High","High","Medium","Medium","North West","Irrigated","Pioneer","John Deere",26.8465413533835,877.316541353384,296.555789473684,200.322781954887,3.64706015037594,1.29218072841593,1.31509634811518,1.29344548222192,-0.189510256158578,0.0101803691264333,6.84351756732984
"High","High","High","Medium","Medium","Free State","Rainfed","Pannar","New Holland",26.8465413533835,877.316541353384,296.555789473684,200.322781954887,3.64706015037594,1.29218072841593,1.31509634811518,1.29344548222192,-0.189510256158578,0.0101803691264333,6.37182581310392
"High","High","High","Medium","Medium","Mpumalanga","Rainfed","Pannar","New Holland",26.8465413533835,877.316541353384,296.555789473684,200.322781954887,3.64706015037594,1.29218072841593,1.31509634811518,1.29344548222192,-0.189510256158578,0.0101803691264333,7.67006862115177
"High","High","High","Medium","High","Free State","Rainfed","Pannar","John Deere",26.8465413533835,877.316541353384,296.555789473684,200.322781954887,3.92764661654135,1.29218072841593,1.31509634811518,1.29344548222192,-0.189510256158578,1.2989009578967,7.64621872277046
"High","High","High","Medium","High","Mpumalanga","Rainfed","Pannar","John Deere",26.8465413533835,877.316541353384,296.555789473684,200.322781954887,3.92764661654135,1.29218072841593,1.31509634811518,1.29344548222192,-0.189510256158578,1.2989009578967,7.88768361941853
"High","High","High","Medium","High","North West","Rainfed","Pannar","John Deere",26.8465413533835,877.316541353384,296.555789473684,200.322781954887,3.92764661654135,1.29218072841593,1.31509634811518,1.29344548222192,-0.189510256158578,1.2989009578967,7.03927172061031
"High","High","High","Medium","High","Free State","Irrigated","Pannar","John Deere",26.8465413533835,877.316541353384,296.555789473684,200.322781954887,3.92764661654135,1.29218072841593,1.31509634811518,1.29344548222192,-0.189510256158578,1.2989009578967,7.91861674671553
"High","High","High","Medium","High","Mpumalanga","Irrigated","Pannar","John Deere",26.8465413533835,877.316541353384,296.555789473684,200.322781954887,3.92764661654135,1.29218072841593,1.31509634811518,1.29344548222192,-0.189510256158578,1.2989009578967,8.08551970918285
"High","High","High","Medium","High","North West","Irrigated","Pannar","John Deere",26.8465413533835,877.316541353384,296.555789473684,200.322781954887,3.92764661654135,1.29218072841593,1.31509634811518,1.29344548222192,-0.189510256158578,1.2989009578967,7.75594190103103
"High","High","High","Medium","High","Free State","Rainfed","Dekalb","John Deere",26.8465413533835,877.316541353384,296.555789473684,200.322781954887,3.92764661654135,1.29218072841593,1.31509634811518,1.29344548222192,-0.189510256158578,1.2989009578967,7.93328122249663
"High","High","High","Medium","High","Mpumalanga","Rainfed","Dekalb","John Deere",26.8465413533835,877.316541353384,296.555789473684,200.322781954887,3.92764661654135,1.29218072841593,1.31509634811518,1.29344548222192,-0.189510256158578,1.2989009578967,8.02824148330597
"High","High","High","Medium","High","North West","Rainfed","Dekalb","John Deere",26.8465413533835,877.316541353384,296.555789473684,200.322781954887,3.92764661654135,1.29218072841593,1.31509634811518,1.29344548222192,-0.189510256158578,1.2989009578967,7.40409775335524
"High","High","High","Medium","High","Free State","Irrigated","Dekalb","John Deere",26.8465413533835,877.316541353384,296.555789473684,200.322781954887,3.92764661654135,1.29218072841593,1.31509634811518,1.29344548222192,-0.189510256158578,1.2989009578967,7.21968474657216
"High","High","High","Medium","High","Mpumalanga","Irrigated","Dekalb","John Deere",26.8465413533835,877.316541353384,296.555789473684,200.322781954887,3.92764661654135,1.29218072841593,1.31509634811518,1.29344548222192,-0.189510256158578,1.2989009578967,8.33460085348842
"High","High","High","Medium","High","North West","Irrigated","Dekalb","John Deere",26.8465413533835,877.316541353384,296.555789473684,200.322781954887,3.92764661654135,1.29218072841593,1.31509634811518,1.29344548222192,-0.189510256158578,1.2989009578967,7.16908498171161
"High","High","High","Medium","High","Free State","Rainfed","Pioneer","John Deere",26.8465413533835,877.316541353384,296.555789473684,200.322781954887,3.92764661654135,1.29218072841593,1.31509634811518,1.29344548222192,-0.189510256158578,1.2989009578967,7.45268856492512
"High","High","High","Medium","High","Mpumalanga","Rainfed","Pioneer","John Deere",26.8465413533835,877.316541353384,296.555789473684,200.322781954887,3.92764661654135,1.29218072841593,1.31509634811518,1.29344548222192,-0.189510256158578,1.2989009578967,7.1943074020135
"High","High","High","Medium","High","North West","Rainfed","Pioneer","John Deere",26.8465413533835,877.316541353384,296.555789473684,200.322781954887,3.92764661654135,1.29218072841593,1.31509634811518,1.29344548222192,-0.189510256158578,1.2989009578967,7.61379588647533
"High","High","High","Medium","High","Free State","Irrigated","Pioneer","John Deere",26.8465413533835,877.316541353384,296.555789473684,200.322781954887,3.92764661654135,1.29218072841593,1.31509634811518,1.29344548222192,-0.189510256158578,1.2989009578967,8.00603177519234
"High","High","High","Medium","High","Mpumalanga","Irrigated","Pioneer","John Deere",26.8465413533835,877.316541353384,296.555789473684,200.322781954887,3.92764661654135,1.29218072841593,1.31509634811518,1.29344548222192,-0.189510256158578,1.2989009578967,8.94514458738622
"High","High","High","Medium","High","North West","Irrigated","Pioneer","John Deere",26.8465413533835,877.316541353384,296.555789473684,200.322781954887,3.92764661654135,1.29218072841593,1.31509634811518,1.29344548222192,-0.189510256158578,1.2989009578967,8.18150417490684
"High","High","High","Medium","High","Free State","Rainfed","Pannar","New Holland",26.8465413533835,877.316541353384,296.555789473684,200.322781954887,3.92764661654135,1.29218072841593,1.31509634811518,1.29344548222192,-0.189510256158578,1.2989009578967,7.37739980884188
"High","High","High","Medium","High","Mpumalanga","Rainfed","Pannar","New Holland",26.8465413533835,877.316541353384,296.555789473684,200.322781954887,3.92764661654135,1.29218072841593,1.31509634811518,1.29344548222192,-0.189510256158578,1.2989009578967,7.33994422133671
"High","High","High","High","High","Free State","Rainfed","Pannar","John Deere",26.8465413533835,877.316541353384,296.555789473684,285.840977443609,3.92764661654135,1.29218072841593,1.31509634811518,1.29344548222192,1.30373775649338,1.2989009578967,7.75450104000816
"High","High","High","High","High","Mpumalanga","Rainfed","Pannar","John Deere",26.8465413533835,877.316541353384,296.555789473684,285.840977443609,3.92764661654135,1.29218072841593,1.31509634811518,1.29344548222192,1.30373775649338,1.2989009578967,7.58324996918277
"High","High","High","High","High","North West","Rainfed","Pannar","John Deere",26.8465413533835,877.316541353384,296.555789473684,285.840977443609,3.92764661654135,1.29218072841593,1.31509634811518,1.29344548222192,1.30373775649338,1.2989009578967,8.40519884149546
"High","High","High","High","High","Free State","Irrigated","Pannar","John Deere",26.8465413533835,877.316541353384,296.555789473684,285.840977443609,3.92764661654135,1.29218072841593,1.31509634811518,1.29344548222192,1.30373775649338,1.2989009578967,8.5680084900439
"High","High","High","High","High","Mpumalanga","Irrigated","Pannar","John Deere",26.8465413533835,877.316541353384,296.555789473684,285.840977443609,3.92764661654135,1.29218072841593,1.31509634811518,1.29344548222192,1.30373775649338,1.2989009578967,7.69367498352077
"High","High","High","High","High","North West","Irrigated","Pannar","John Deere",26.8465413533835,877.316541353384,296.555789473684,285.840977443609,3.92764661654135,1.29218072841593,1.31509634811518,1.29344548222192,1.30373775649338,1.2989009578967,8.65735993755102
"High","High","High","High","High","Free State","Rainfed","Dekalb","John Deere",26.8465413533835,877.316541353384,296.555789473684,285.840977443609,3.92764661654135,1.29218072841593,1.31509634811518,1.29344548222192,1.30373775649338,1.2989009578967,7.86606997491717
"High","High","High","High","High","Mpumalanga","Rainfed","Dekalb","John Deere",26.8465413533835,877.316541353384,296.555789473684,285.840977443609,3.92764661654135,1.29218072841593,1.31509634811518,1.29344548222192,1.30373775649338,1.2989009578967,7.95506648109857
"High","High","High","High","High","North West","Rainfed","Dekalb","John Deere",26.8465413533835,877.316541353384,296.555789473684,285.840977443609,3.92764661654135,1.29218072841593,1.31509634811518,1.29344548222192,1.30373775649338,1.2989009578967,6.8525497784269
"High","High","High","High","High","Free State","Irrigated","Dekalb","John Deere",26.8465413533835,877.316541353384,296.555789473684,285.840977443609,3.92764661654135,1.29218072841593,1.31509634811518,1.29344548222192,1.30373775649338,1.2989009578967,7.95299835881628
"High","High","High","High","High","Mpumalanga","Irrigated","Dekalb","John Deere",26.8465413533835,877.316541353384,296.555789473684,285.840977443609,3.92764661654135,1.29218072841593,1.31509634811518,1.29344548222192,1.30373775649338,1.2989009578967,8.66260270812651
"High","High","High","High","High","North West","Irrigated","Dekalb","John Deere",26.8465413533835,877.316541353384,296.555789473684,285.840977443609,3.92764661654135,1.29218072841593,1.31509634811518,1.29344548222192,1.30373775649338,1.2989009578967,8.01255921607536
"High","High","High","High","High","Free State","Rainfed","Pioneer","John Deere",26.8465413533835,877.316541353384,296.555789473684,285.840977443609,3.92764661654135,1.29218072841593,1.31509634811518,1.29344548222192,1.30373775649338,1.2989009578967,7.93482625791118
"High","High","High","High","High","Mpumalanga","Rainfed","Pioneer","John Deere",26.8465413533835,877.316541353384,296.555789473684,285.840977443609,3.92764661654135,1.29218072841593,1.31509634811518,1.29344548222192,1.30373775649338,1.2989009578967,8.10375977471685
"High","High","High","High","High","North West","Rainfed","Pioneer","John Deere",26.8465413533835,877.316541353384,296.555789473684,285.840977443609,3.92764661654135,1.29218072841593,1.31509634811518,1.29344548222192,1.30373775649338,1.2989009578967,7.03802925834849
"High","High","High","High","High","Free State","Irrigated","Pioneer","John Deere",26.8465413533835,877.316541353384,296.555789473684,285.840977443609,3.92764661654135,1.29218072841593,1.31509634811518,1.29344548222192,1.30373775649338,1.2989009578967,7.69389425850039
"High","High","High","High","High","Mpumalanga","Irrigated","Pioneer","John Deere",26.8465413533835,877.316541353384,296.555789473684,285.840977443609,3.92764661654135,1.29218072841593,1.31509634811518,1.29344548222192,1.30373775649338,1.2989009578967,7.66807884778585
"High","High","High","High","High","North West","Irrigated","Pioneer","John Deere",26.8465413533835,877.316541353384,296.555789473684,285.840977443609,3.92764661654135,1.29218072841593,1.31509634811518,1.29344548222192,1.30373775649338,1.2989009578967,8.12182911144404
"High","High","High","High","High","Free State","Rainfed","Pannar","New Holland",26.8465413533835,877.316541353384,296.555789473684,285.840977443609,3.92764661654135,1.29218072841593,1.31509634811518,1.29344548222192,1.30373775649338,1.2989009578967,8.07434065920263
"High","High","High","High","High","Mpumalanga","Rainfed","Pannar","New Holland",26.8465413533835,877.316541353384,296.555789473684,285.840977443609,3.92764661654135,1.29218072841593,1.31509634811518,1.29344548222192,1.30373775649338,1.2989009578967,8.02765066291584
