x_sex;x_pt;x_visits;x_height;x_caloric_balance_weekly;x_time;Weight(kg)
0;0;4;167.75;385;48;67.9559022979831
0;0;2;147.39;28;43;55.7752072734414
0;0;2;168.4;1232;48;74.8927068405427
1;0;2;178.06;147;52;79.1264754321055
0;1;2;159.77;-854;52;57.175441778617
1;0;0;174.67;1036;0;80.3549737498239
1;0;2;176.29;-728;51;74.5331548388161
1;0;1;180.37;-7;57;94.2651935646454
0;1;4;174.57;112;57;74.969293359901
0;1;1;154.16;266;54;53.240523708913
1;0;4;171.14;350;63;70.1397696035896
1;0;5;181.65;406;64;88.5649853590069
1;0;2;179.91;644;61;73.4041225627275
0;1;3;150.61;-511;70;58.8666412281803
1;0;2;186.05;1316;60;89.3939068779224
0;0;0;156.2;-98;0;50.5345892289978
1;0;5;189.09;224;47;89.5055889505571
0;0;2;158.9;98;44;53.306346794001
0;0;4;156.88;875;40;61.1210506586763
0;1;2;161.8;-1911;55;65.0714315211277
0;0;4;157.89;259;46;67.5228831662884
1;0;6;174.78;427;54;74.4837544520037
0;1;1;174.92;-714;65;74.6552108452032
0;0;3;159.26;21;46;57.3667946075182
0;0;3;166.42;28;44;65.2679279917914
0;0;3;147.68;343;45;60.1822208091666
1;0;3;169.02;-490;77;71.7368848783713
1;0;0;174.22;455;0;82.5072654483164
0;0;1;164.61;168;44;70.1553268267419
1;0;3;172.62;-546;43;73.1628005438342
0;1;2;161.61;-1197;70;74.0858721783635
1;0;2;171.88;378;59;78.3008097980965
0;0;2;161.39;-56;49;71.544946130909
1;1;6;169.01;-308;61;76.7904599023182
1;0;3;180.35;28;62;75.1115354740709
0;0;0;157.01;385;0;62.11895295514
0;0;1;155.01;231;46;70.1434534663354
0;0;4;167.62;1309;34;66.9403378303803
0;0;4;163.85;-294;38;71.6703538984636
1;0;2;170.78;917;57;72.709066665488
0;1;2;162.35;63;63;66.3148517751935
1;0;1;192.35;707;48;89.5124572915114
1;0;5;176.82;-273;58;79.298469373938
0;1;0;155.59;-882;0;53.1723887591814
0;1;1;157.73;-1218;50;63.1776233689973
0;0;2;165.43;1120;39;68.8445018074839
0;1;0;167.42;-1225;0;64.318440750315
1;0;1;181.55;1652;47;84.9173933350228
0;0;4;168.96;-231;47;62.4784350347878
0;1;3;176.47;-1526;66;64.1755949414128
1;0;2;179.29;-574;51;82.7581743671652
0;0;4;147.99;-203;36;60.4884876501679
0;0;0;165.02;189;0;72.1495626746468
0;1;0;163.46;-2065;0;64.1878298530553
0;0;3;160.94;511;53;70.8046495969911
1;0;5;184.83;119;53;87.2914381260666
1;0;5;182.26;896;57;80.7193875960159
0;0;4;161.31;245;44;66.8674407633011
1;0;0;175.08;-105;0;77.2228217697905
0;0;2;151.03;-609;40;60.6949874132311
0;0;3;145.63;-280;49;56.1404540614133
1;1;3;177.8;1358;71;82.7643187404646
1;0;5;174.49;518;57;74.3333841617357
0;0;4;159.89;-1036;50;54.4509252240049
0;0;2;162.87;651;39;64.3664632841491
1;0;4;177.29;1379;57;87.2056767876275
0;0;0;166.71;-357;0;68.7254385014202
0;1;0;159.8;-1925;0;63.1320980240073
0;0;3;157.4;1582;42;61.2364857527858
0;0;2;154.3;728;46;61.9817100166392
1;0;3;166.42;518;56;68.5751755460358
0;0;3;155.81;679;56;64.8201032952743
0;1;0;152.49;-2212;0;52.9837507596547
0;0;3;160.28;938;50;57.5708408617124
0;0;2;149.78;266;51;56.0551208674066
1;0;3;168.26;749;58;82.9301209250062
1;0;2;163.04;-294;53;71.2666469833101
0;1;4;163.31;-952;69;59.4459763628777
1;0;0;173.46;679;0;94.0922350942808
1;0;4;187.17;560;59;105.443756458047
1;0;4;181.78;784;39;89.0992176934173
1;0;6;166.26;1064;56;75.4260916844942
0;1;1;160.37;-1778;46;56.4586354788111
1;0;4;182.56;420;56;77.9892911685039
1;0;1;172.67;245;64;78.3824490697916
1;0;5;164.55;889;60;74.7828459213057
0;0;3;168.15;210;46;71.6274576476261
0;0;1;166.45;616;36;76.3594465652002
1;0;1;178.85;-371;43;79.0786184796353
0;1;0;154.28;-2044;0;59.758122794142
1;1;0;172.47;-1015;0;71.7079884573121
1;0;1;174.71;-231;55;75.8667183475003
0;0;4;156.35;189;42;63.261896111229
1;0;5;175.48;1379;52;83.5203648519867
1;0;1;165.94;322;54;81.8175682814318
0;0;2;160.1;350;34;66.6974111532666
0;1;1;168.09;287;62;68.5297266831209
1;0;5;172.55;287;46;84.5110138990084
0;1;3;162.49;-924;55;65.9042354724595
0;1;3;159.29;-1400;65;55.8041910477497
0;1;1;171.99;819;63;72.5841982761067
1;0;1;184.47;84;69;82.8528063441874
1;0;3;176.51;-77;62;77.4363770085855
0;0;2;161.33;392;44;62.6018382267088
1;0;1;189.63;497;58;85.320540514166
1;0;1;177.35;854;53;84.4771331419192
0;0;3;164.66;-238;46;64.8094437988718
0;0;1;154.73;1155;38;62.6330413431348
0;0;4;150.75;686;48;54.2898453845914
1;0;3;169.23;413;69;67.7590029192613
1;0;4;170.11;-700;56;73.6540678025724
1;0;5;171.13;399;52;67.1351971981461
1;0;3;177;231;66;83.0811974716894
0;0;0;162.15;161;0;68.9051168742773
0;0;1;152.75;-371;47;48.8119499367421
1;0;6;170.26;770;50;73.0098237627552
1;0;2;172.73;1029;60;84.0004791131653
1;0;2;183.49;483;53;74.1056966769699
0;0;1;160.25;742;45;67.4314744747101
1;0;4;183.39;-441;55;86.1986508410632
0;0;2;161.04;98;48;63.6646274463937
1;0;6;176.8;-532;53;68.3777599138099
0;0;3;168.58;-126;43;61.1623960565512
0;1;0;152.14;-658;0;50.2766297346597
0;0;3;169.03;539;37;62.7993821823537
1;1;6;176.91;-413;77;75.5656360792475
1;0;6;189.65;1169;52;90.9010409714752
0;0;3;155.54;-70;42;60.605224606593
0;1;2;172.45;-735;64;73.3065816995489
0;0;3;171.05;-196;45;72.9711937924275
1;0;1;183.21;-385;59;84.0870277945714
0;1;2;169.88;-1155;54;77.4951461312783
1;0;2;172.76;-861;52;81.2800784701827
1;0;1;177.27;546;50;76.4508088828546
1;0;1;183.81;-756;46;83.7689279596766
1;0;5;188.15;-70;49;97.9002402523906
1;0;6;179.08;7;57;88.5577766785875
1;0;0;183.09;210;0;77.9788411391715
1;0;2;183;644;53;83.1081715355078
0;0;2;157.86;238;50;65.3814821196366
1;0;3;176.91;-616;51;79.2870221601255
1;0;6;174.96;441;42;81.3169795089449
1;0;3;172.88;812;52;71.6999992084723
0;1;0;157.28;-406;0;62.4885736514971
1;0;0;186.62;308;0;89.7675386063319
1;0;0;175.98;126;0;82.9654623936798
1;0;0;174.54;497;0;76.8611035110099
0;0;3;158.01;399;37;62.3801959827173
1;1;2;184.78;238;68;88.966696128912
1;0;3;185.45;-42;40;89.5261273611481
0;0;4;161.36;490;46;65.5734686042893
1;0;6;175.41;-49;57;77.8870520559269
0;0;3;150.54;91;47;56.9968101899691
1;0;4;170.63;700;51;76.1578813063242
0;0;3;157.32;959;40;61.585823313774
0;1;4;158.32;-1876;51;59.9534436899871
0;0;3;172.17;749;44;83.3606762578992
0;0;1;153.43;84;48;62.0410150554633
0;1;3;147.22;-1127;46;52.9139214675845
0;0;4;159.71;217;38;68.7777334572903
0;1;3;159.17;-910;51;60.3245734831679
1;0;2;176.84;637;44;86.3127715416517
1;0;4;169.45;266;50;69.2849154111598
1;0;0;173.24;385;0;78.9853212591738
0;1;1;160.41;-1883;78;51.8773742863613
1;0;3;165.65;-210;53;65.3792083976679
0;0;4;155.71;987;44;61.072863870626
0;0;0;151.58;91;0;58.1967102227298
1;0;3;181.99;1148;43;86.1868168874854
0;0;0;167.21;1029;0;76.5986732276281
1;0;6;176.74;-133;43;78.0384820925129
1;1;0;171.87;-357;0;73.6610975175906
1;0;4;179.89;140;53;95.2006685997705
1;0;3;185.45;259;53;88.968909384462
0;1;2;164.6;-1386;59;66.4429214498968
0;0;0;156.04;-504;0;58.956907774656
0;0;4;172.53;-7;43;70.4376743723047
1;0;5;182.14;-490;48;86.8134609530417
1;0;3;181.22;392;66;82.3243840180003
1;0;0;168.51;476;0;80.7855609338579
1;0;6;178.99;679;46;81.2374018428939
0;1;0;158.94;-1162;0;62.4275590571441
0;1;3;150.21;-1295;69;50.6465958050225
0;1;4;159.66;-1099;52;56.2677184106032
0;0;2;157.3;77;42;69.2808776774224
1;0;1;173.69;49;50;83.1091264942655
1;0;2;159.16;-455;49;59.8984146405541
0;0;2;149.42;-28;43;56.3188077474095
0;0;4;164.04;322;47;66.7888990643361
1;0;4;171.64;-973;51;74.3633521089384
1;0;5;169.85;392;58;71.1086475742463
0;1;0;161.69;-315;0;62.0007288731057
0;0;2;166.81;630;42;64.4420897273113
1;0;3;175.88;805;55;82.5483930541999
1;0;0;175.65;-287;0;70.521612261195
0;0;3;163.05;-56;41;68.0115569010704
0;0;4;154.28;1141;40;61.8208153462598
1;0;4;175.69;161;59;79.3327409630215
0;0;1;157.39;777;37;64.0791952525722
1;0;1;165.65;462;51;79.7030632451545
1;0;2;176.49;112;67;72.4540363351607
1;0;0;166.36;1358;0;77.3040919671014
1;0;5;169.83;875;57;75.431592467906
0;0;1;173.59;-175;42;71.5296147458451
1;0;3;170.26;427;60;75.3594588346081
1;0;1;172.46;259;55;75.5749662831824
1;0;3;166.35;791;54;69.882762993817
0;0;1;172.76;0;49;62.2428681315635
1;1;5;181.36;-924;66;78.9974117948393
1;0;6;180.64;931;60;87.5392526232127
1;0;5;175.8;756;65;87.1340133600514
0;1;4;149.08;63;57;59.0862647511713
0;1;4;156.6;-875;58;58.1619781085754
1;1;2;164.78;-1036;62;60.2345683847437
1;0;4;170.37;1218;59;76.5137408647094
1;0;2;178.26;77;46;76.6883176116336
1;0;0;167.41;161;0;67.8988659776864
0;1;4;174.65;-1897;64;68.5334552200781
1;0;3;176.63;-826;55;77.0827005309675
0;1;3;166.59;-2814;50;62.0383492059804
1;0;5;181.32;35;53;82.1727068887807
0;0;2;167.07;-56;40;53.2743791483433
0;1;0;161.25;413;0;59.1200655684337
0;0;2;158.95;1701;45;67.3260750371416
1;0;6;181.08;623;54;89.967703712364
1;0;1;184.18;84;67;84.7121027716161
0;0;1;171.85;406;49;76.1960448889721
0;0;3;147.02;756;50;60.6935534908973
1;1;5;182.67;-1015;83;88.7256254624337
0;0;0;165.28;280;0;60.7584852327713
0;1;3;161.2;-1071;56;51.771476719722
1;1;5;172.89;539;61;82.0737332807519
1;0;2;171.47;266;46;73.8073474514571
0;1;3;153.64;-203;64;63.8656116601788
1;0;0;184.93;714;0;89.5439199717492
1;0;6;175.15;1169;60;78.0629592113629
1;0;0;172.85;84;0;75.0728487523115
1;0;0;177.83;889;0;84.8676132905723
1;0;3;173.66;833;45;75.0117467885658
0;1;0;169.44;-1267;0;63.397711119105
0;1;4;162.48;-406;51;72.3326712057806
1;0;1;166.62;630;52;75.447163445067
0;0;4;176.36;672;50;82.6718331897623
1;0;3;171.05;301;62;73.8609762489059
0;1;0;162.55;-168;0;66.2562269198075
0;1;2;162.78;-896;66;67.473340911938
0;0;3;167.04;-168;44;67.4761795769084
1;0;5;162.12;875;58;71.3471414491228
1;0;4;168.09;469;49;68.5813643668699
1;0;5;183.43;616;51;82.8518464890088
0;1;1;161.87;-1127;58;61.158521567084
1;0;0;185.91;728;0;90.2363195899317
1;0;5;178.78;182;49;82.5266291454788
0;0;1;166.28;-224;51;62.2195612996961
0;1;3;165.65;560;68;65.1435698979689
0;0;2;153.84;1246;37;57.7144669426064
0;0;3;163.99;-315;43;58.998500995841
0;0;4;166.14;672;48;74.268103258511
1;1;3;177.97;-63;82;76.5119423067532
0;0;2;155.81;819;37;62.2189119150185
1;0;1;177.75;182;60;84.2338612656965
1;0;1;173.83;644;40;76.3641618131716
1;0;4;174.25;147;55;74.4753125188694
0;0;4;177.24;-133;47;78.345241316092
1;0;5;172.3;357;63;71.1958301555872
0;0;0;161.37;637;0;68.3222422781879
1;1;3;168.81;-1120;90;64.4663041486744
0;0;3;155.84;882;42;64.0206743986159
0;1;1;147.56;-651;51;58.5241514259809
0;1;3;159.73;-525;60;61.8154158396705
0;1;3;166.8;-1617;59;56.1989799711928
0;0;2;169.78;1036;41;74.8477590504958
0;0;0;156.67;616;0;69.5886821753409
1;0;2;178.91;252;52;83.1330667890112
0;0;0;161.47;287;0;74.7109962170765
1;0;2;178.45;126;56;79.2859845669502
0;0;2;157.09;553;56;64.6064427053198
0;1;4;168.83;-1666;51;67.640079612642
0;0;0;159.39;581;0;62.4038774489316
0;0;2;155.08;924;46;59.8832122394807
1;0;4;187.49;-546;74;88.3406563869464
1;0;0;165.84;273;0;72.2409059496795
0;0;3;164.08;-665;40;60.1691024734097
0;1;4;157.45;-903;64;50.7986371764785
0;1;0;160.12;-749;0;60.3456581128734
1;0;2;175.06;252;58;85.1354115500164
1;0;2;170.5;1120;53;79.7226337391641
1;0;3;168.39;2499;55;67.2172289053284
0;0;4;153.33;-343;52;51.9881365082727
1;1;2;181.19;-154;55;76.6228762989983
0;0;4;167.73;693;43;72.5759606514714
0;0;3;165.95;-56;48;68.5728949236917
0;0;0;166.46;1120;0;71.8940821284267
0;1;4;170.33;-1526;54;77.2873023816192
0;0;4;159.97;-504;44;73.7470320625613
1;0;0;162.08;588;0;62.3484923878546
1;0;0;183.95;-49;0;84.1316247602161
1;0;4;169.33;70;55;77.5454424697102
0;1;4;168.78;-2282;49;59.7568113142013
0;0;1;165.73;98;57;66.4225500740426
1;0;4;180.96;420;54;88.4601692705909
1;0;3;178.63;-154;54;72.6980734228724
0;0;0;163.87;609;0;62.5750826465335
1;0;1;180.33;693;59;79.2958652798555
0;0;2;164.2;315;48;69.075690076402
0;0;0;170.13;-7;0;77.0678490740839
1;0;1;168.48;21;63;78.0090593779412
0;0;0;152.11;952;0;52.9239630807776
0;1;3;167.83;-987;56;66.7694296184384
0;1;1;165.45;-252;48;69.1417798542713
1;0;1;178.95;896;57;89.2079021565463
0;0;0;151.71;-49;0;55.4517819833208
1;0;6;168.95;371;64;71.7701579801682
0;0;2;155.88;700;47;52.5899865771421
1;0;0;181.97;-203;0;82.4462387490701
1;0;6;175.48;476;52;74.3527540031929
1;0;2;176.13;287;54;79.5383952202868
1;0;3;166.76;217;59;81.8911360475477
0;1;4;159.15;-1260;66;56.9838370926846
0;1;4;163.1;-1232;59;66.8356061925555
0;1;1;156.61;-959;54;55.2050902697655
1;1;2;177.21;56;69;78.3659300383386
0;1;1;150.29;224;59;60.1878528938106
0;1;3;162.59;-35;56;67.3397179953574
1;0;5;186.07;518;60;90.668050414416
0;1;2;156.97;140;53;62.1964093812546
0;1;0;165.02;-1624;0;59.1164172683158
1;0;3;177.45;-322;44;89.3643028432797
0;0;1;162.55;560;40;75.2560515250465
1;0;2;164.86;-462;59;71.6936732003916
1;0;0;178.07;42;0;86.5804725181407
1;0;0;171.04;966;0;70.7734694117121
0;0;2;161.91;35;37;58.7927946251829
0;0;1;151.54;476;50;60.4165638704556
0;0;1;152.92;1344;51;60.0102457665676
0;1;4;161.21;-546;57;61.7950289259348
1;0;6;175.8;315;59;70.604986100207
0;1;3;170.88;-1435;47;68.0054539278811
0;1;1;166.64;-1414;56;65.6379008288901
0;1;4;157.76;609;59;66.2805964667634
0;0;4;149.45;1022;41;59.1131675433029
1;0;2;179.23;329;57;87.0447849408683
1;0;5;171.63;595;40;70.1287029546024
0;0;3;163.37;91;48;71.2122650449217
1;0;2;188.69;791;47;92.737429436386
0;1;0;152.26;-1148;0;48.3730528477935
0;0;1;144.44;434;44;63.1343042553221
0;1;1;163.83;-1526;61;57.0159982281503
1;0;0;183.8;-798;0;79.0993548966953
0;0;2;165.64;595;54;64.8482420321889
0;1;3;162.51;-987;69;59.2357359152423
0;0;4;161.72;889;41;65.1143710167739
1;0;5;174.87;238;51;73.1996050981946
0;0;1;168.4;805;43;89.8820449493643
0;1;1;152.92;98;58;45.6767069413194
1;0;0;182.36;-385;0;73.4192657458433
0;0;4;147.32;-434;39;47.4238171997614
0;0;4;168.51;840;52;70.1026111627852
0;0;1;170.98;574;44;76.2772480413037
1;0;3;170.87;707;62;77.2038996031811
1;0;0;173.51;1190;0;82.2197020610696
0;0;2;151.69;56;44;48.6369272218367
0;0;3;161.73;1309;41;61.0712985545081
0;0;1;161.51;7;55;61.5359161088339
1;0;3;169.95;798;52;78.121432262184
0;0;4;158.89;168;52;73.1724937716883
1;0;4;170.69;182;56;76.9801867956368
0;0;3;171.16;322;45;69.5186037696446
1;0;4;169.04;672;69;62.8037652201672
0;0;2;158.76;-322;52;59.0218882758509
0;0;2;160.73;-98;42;72.4643742939843
0;0;1;157.72;581;36;63.4267511090935
1;0;4;192.36;1323;48;96.8462556123442
1;0;2;177.12;714;43;81.5166278859728
0;1;1;160.95;133;67;60.2925623076257
0;1;1;170.86;-833;68;63.6212515812376
1;0;3;184.78;1169;42;89.8944360364601
0;0;0;168.47;21;0;70.2547946691787
0;1;2;154.06;-1351;62;53.6240661714865
1;0;1;161.04;630;51;65.7525997888052
0;1;1;162.85;-1498;59;63.7643819378682
1;0;6;184.51;1071;54;89.3838783402731
1;0;1;170.97;1015;52;73.0614972400198
1;0;4;174.41;-413;61;73.9555094249179
1;0;5;182.45;476;58;81.6319576004632
1;0;6;167.46;917;61;67.8117620646126
1;0;6;170.61;420;62;73.3358636011895
1;0;2;165.76;805;59;68.9821409070151
1;0;0;175.99;854;0;84.0599583907414
0;0;0;167.19;-28;0;66.239591027096
1;0;0;173.9;252;0;76.1815892846536
0;0;2;167.92;378;57;76.959945190135
0;0;0;169.36;175;0;74.0622155278289
0;0;0;164.58;1239;0;72.8174718383353
0;0;1;162.94;861;41;73.4378401551472
0;1;4;159.76;-322;61;57.3928770437637
0;1;2;158.88;-504;58;53.1667554585315
0;0;3;154.2;826;41;72.8977291774958
1;0;5;176.91;707;47;75.8321315563416
1;0;0;177.59;-245;0;82.6507264223992
0;1;1;156.68;-2149;57;57.764079707744
0;0;0;156.18;322;0;59.3207977000889
0;0;4;165.56;-231;42;67.8800022806549
0;1;0;167.78;-35;0;74.6402500950634
0;0;2;166.42;-301;53;78.4354339748646
0;0;3;150.73;266;45;51.6547228174376
1;0;0;166.44;497;0;65.7068872798206
0;0;4;164.35;819;40;71.8200080197869
1;0;2;174.19;-875;42;86.0859279820525
0;0;0;164.2;840;0;75.7581633350061
1;0;0;176.9;21;0;80.3796022617187
1;0;3;171.9;455;68;77.3089364154456
1;0;6;165.93;98;47;72.4901288683516
1;0;5;186.33;938;49;89.8433170633204
1;0;5;169.7;784;47;72.5426830594885
0;0;4;156.35;1162;50;60.9400753806665
1;0;5;152.01;686;44;62.5636127415279
0;0;4;147.68;392;45;67.8765211177707
0;1;1;158.49;-2030;69;57.1363948812983
0;0;1;152.86;-343;55;55.3311856055471
0;0;0;152.87;658;0;52.8808995484236
0;1;0;150.86;-42;0;52.9997220640162
0;0;3;161.85;413;46;68.3914364716215
0;1;3;166.93;-504;60;75.1475258035506
0;0;4;167.2;-392;50;68.561026664352
0;0;0;156.47;-658;0;58.3688832433645
1;0;4;171.1;448;57;68.12364512613
1;0;0;188.47;602;0;93.7360380163377
0;1;1;164.88;-497;71;67.6549290586348
0;1;1;173.58;756;74;83.3561263755335
0;0;1;148.06;-651;39;50.2217067562764
1;1;3;177.81;231;83;75.0770747924429
1;0;2;178.64;189;64;77.0703476126638
0;0;1;157.3;63;38;64.0145210530245
1;0;4;177.52;497;61;82.2700898116363
0;1;2;165.98;-665;54;71.4395323268961
1;0;0;173.18;-203;0;73.7263177613584
0;1;3;176.94;-1771;56;66.1207822048335
1;0;4;184.5;665;58;84.7649245516962
0;0;3;162.41;756;42;59.2481102668003
0;0;0;147.08;749;0;60.0556471525661
0;0;1;171.29;476;42;73.2685523641315
1;0;1;168.58;-385;67;71.4745056260171
1;0;4;180.49;588;48;79.6415718335343
0;0;1;152.88;630;45;56.1997117902941
1;0;5;171.09;700;50;84.9845806721104
1;0;3;187.59;658;57;87.9595696286179
1;0;1;194.27;-532;48;95.0569802293531
1;0;5;175.82;938;63;79.3519395432798
1;0;1;186.59;-224;51;85.9884803600628
1;0;3;176.6;854;54;78.2250911052407
0;1;1;158.85;-679;54;71.1944629387727
1;0;2;187.26;308;66;84.9070820992088
1;0;6;175.17;819;50;64.3630506951862
1;0;3;194.41;469;58;93.3801089880049
0;0;3;175.42;371;44;76.4528586686262
1;1;4;185.77;-1029;71;78.515980313915
1;0;3;165.42;-203;54;69.2320914834326
0;0;3;145.96;-770;37;50.7556155889295
1;0;2;170.09;700;52;80.4819307048293
1;0;4;172.13;1267;46;81.5247330054146
0;1;1;162.28;-1603;57;68.3057047738496
1;0;5;178.6;777;46;77.1061477416917
0;1;2;166.47;-315;51;65.3222184196694
0;0;2;148.38;385;42;63.1589628200872
1;0;3;185.9;546;60;94.2366244532618
1;0;1;191.61;441;61;88.884747431479
0;1;3;167.28;-623;58;70.5543266024628
1;0;2;173.97;-784;60;76.9169846411774
0;1;0;161.88;-1589;0;56.1567003221285
0;0;1;164.8;357;42;66.2505875066646
0;1;1;163.81;-1344;42;65.0313649453158
1;0;1;181.48;-35;55;82.0835623034758
1;0;2;162.14;322;53;71.4614818157264
0;0;4;152.48;910;44;69.8636076175589
0;1;3;164.69;-1085;60;67.208789276493
0;0;0;172.2;-35;0;67.1178252354182
0;0;1;165.87;532;40;71.7585517883813
1;0;6;177.72;-322;57;80.4292803130144
0;1;1;165.8;-413;56;56.8550803697768
1;0;6;183.12;805;55;95.3398082017153
1;0;2;161.89;1029;54;69.6015767283283
1;0;0;175.65;301;0;82.0883282252781
1;0;1;178.24;7;54;90.3371468913141
0;0;3;157.06;154;44;63.6627032361999
1;0;5;169.51;-21;51;75.0167363196027
1;0;1;169.89;-567;56;73.7407280881736
0;1;3;160.56;-651;47;58.3645664891647
1;0;6;173.87;770;51;79.1900277809397
1;0;2;178.73;224;50;73.2521432990804
0;1;1;160.41;777;69;71.7412815903756
1;1;5;167.81;-399;67;78.6971929590111
0;0;3;162.85;287;45;72.1812782097769
1;1;2;170.09;-777;76;74.7804471923381
1;0;6;171.48;707;60;77.4109327912066
1;0;2;180.4;126;58;77.4045063854349
1;0;1;162.19;1190;47;68.1444963085728
0;0;1;165.38;-28;46;64.5139522729611
0;1;2;155.16;-1939;61;54.4773507308772
0;1;0;162.44;-791;0;62.9709297202409
1;0;3;169.05;70;58;78.5434298660776
1;0;5;179.35;567;63;78.5644234700149
1;0;3;173.59;-49;52;78.3728377267581
1;0;1;163.15;595;52;64.4892855538596
0;1;1;166.73;-168;58;67.297953410146
0;0;2;163.4;-182;44;63.8641679159113
0;1;4;159.97;-707;60;52.4976690642243
0;0;2;167.03;-21;48;71.3408418643948
1;0;3;183.01;602;55;93.3655211199789
0;0;3;153.37;-343;46;56.9962321223654
1;0;6;174.96;-245;48;86.607440928304
0;0;0;166.82;245;0;58.8181296115803
1;0;4;187.7;931;47;90.1354565405194
0;1;1;173.84;-357;61;63.4200395609466
1;0;0;177.41;266;0;91.1040643122614
1;0;2;179.18;847;61;84.4503829045888
1;1;0;167.83;140;0;70.3402671480259
0;0;0;164.23;602;0;77.0493030901687
1;0;6;163.77;476;64;71.3108714379926
1;1;1;183.39;0;67;76.6114666614139
1;0;0;187.45;-231;0;94.063922315602
1;0;6;160.31;105;57;72.6793672648931
0;0;1;167.59;567;39;67.1285514810755
1;0;4;180.27;1008;56;78.3876321125392
0;0;0;161.82;196;0;69.6886198599141
1;0;0;178.97;224;0;78.4708236394335
0;0;4;161.36;322;44;55.1088653547071
0;0;3;158.88;1358;42;65.9180895842549
0;1;0;159.05;-861;0;55.6725655911865
0;1;1;167.29;-1267;63;63.7334507221922
1;0;6;173.05;847;68;74.6897939633428
1;0;0;176.25;70;0;80.1750385067976
1;0;6;170.77;-308;65;71.7562843181629
0;0;2;156.05;749;45;59.7810624809798
0;1;0;161.03;-1190;0;63.8592741407303
1;0;6;159.29;511;63;66.5860336701125
1;0;1;187.02;-182;47;91.9621988654985
1;0;3;178.93;-553;57;69.8578873227831
1;0;3;177.23;476;57;89.0656078652738
0;1;0;160.99;189;0;71.4629990765817
0;1;2;160.12;469;60;55.6711528870568
0;0;1;165.09;504;48;70.917619501798
1;1;2;183.05;-728;66;83.6651416520928
1;0;2;174.77;1358;59;80.6635013654596
1;0;3;163.12;231;50;66.1415033986665
0;1;0;173.47;-910;0;72.650756945635
0;1;3;173.96;-175;64;79.69134675044
1;0;5;180.19;574;69;72.7357957601725
1;0;2;182.62;-952;52;83.7964070919961
0;1;3;169.78;-462;53;64.5324169159112
1;0;5;170.72;42;52;73.5324470780261
0;0;1;161.52;1197;39;69.4571078856221
1;0;2;174.98;-84;42;74.7737524540003
1;0;2;175.73;-182;59;72.185687740526
1;0;6;174.12;189;51;80.5920190508806
0;0;2;164.02;28;46;69.6800360920316
1;0;6;184.44;259;63;83.3494764367082
1;0;1;176.57;-28;44;85.7634240121562
1;0;5;174.02;-84;51;80.7612931924024
1;0;4;172.16;1344;61;77.360886933549
0;0;1;159.12;266;43;65.1180973345107
1;0;5;177.3;-322;54;77.9393108966603
1;0;2;178.34;658;49;80.567317130328
0;1;4;164.03;-1071;64;60.9794148625577
1;0;1;179.88;-56;50;85.6136751721133
1;0;0;167.94;280;0;77.1261083710522
1;0;5;171.96;266;45;67.8166939148213
1;0;4;172.59;420;75;74.8704860774101
1;0;3;167.26;469;41;75.8620934652364
0;0;2;164.66;588;39;59.3915284088196
1;1;6;170.03;399;73;79.6016527796119
0;0;4;151.64;105;37;54.4783776606978
1;0;1;165.27;-238;52;66.8245182567435
0;0;1;156.14;1463;52;62.637785079174
0;0;3;152.45;-434;47;56.9216534966877
1;0;1;168.17;-588;56;69.8991164214491
0;1;4;152.53;-1239;54;54.5999842395649
1;0;2;163.7;343;50;73.22273084865
1;0;1;176.13;-140;51;80.6676544911591
0;0;3;158.79;560;48;67.6440131097487
0;1;1;169.36;-525;64;63.8306836968332
1;0;0;177.36;-175;0;84.6759580053393
0;0;3;159.09;784;45;63.5149395039789
0;0;2;175.4;511;49;75.7950377698205
1;0;0;178.16;518;0;74.6173992763045
0;0;1;172.38;833;56;71.8186328782745
0;1;3;160.31;175;41;70.3319177991877
1;0;3;165.44;567;44;62.9846849874472
1;0;0;178.47;322;0;85.3738587722153
0;0;4;166.28;1414;44;69.6854917948743
0;1;3;151.7;-2310;50;49.8496840879182
1;0;5;176.79;168;43;81.8136119126407
0;0;1;172.74;546;46;74.4666777967598
1;0;5;180.8;14;55;80.5114610748599
0;0;4;154.82;-231;48;53.3130731916413
1;0;0;177.33;980;0;75.8088614953968
0;0;2;155.62;931;44;70.5447801469615
0;0;4;155.52;-714;46;59.693280389344
1;0;2;176.05;812;48;80.8690716473564
1;0;0;172.57;343;0;75.4497672386602
1;0;5;180.36;1071;54;89.7053474576871
1;0;4;179.84;77;50;82.3737216896697
1;0;3;176.48;280;55;77.6972359053337
0;1;2;155.33;-294;51;61.6331317867699
0;0;0;166.86;959;0;71.2838575552884
0;0;0;157.9;-252;0;72.7506969517013
0;0;2;169.73;679;50;69.5370764826347
1;0;5;173.94;343;45;72.0198155995877
0;0;1;162.11;-266;39;61.8232911719061
1;1;3;173.22;-1827;61;76.6326145777409
0;1;2;160.87;-959;42;64.9612385459245
0;0;2;160.18;0;42;60.6920363547117
1;0;2;176.29;812;55;76.0260534350552
0;1;0;170.29;-1820;0;63.4146077585096
1;0;5;180.52;364;52;77.5291139810425
1;0;2;163.83;-98;46;71.3908624561884
1;0;3;165.32;518;56;79.1565779369687
0;0;2;183.71;-77;49;79.2634717546719
1;0;0;171.25;371;0;75.8035509895627
1;0;4;176.2;70;50;78.4998624932893
1;0;3;170.97;350;51;68.6103507984336
1;0;5;179.2;-539;48;83.0381278593778
1;0;6;184.38;-630;58;82.3316681845873
1;0;2;175.65;1127;52;76.5212344075594
1;0;5;176.53;742;55;80.2112614883055
0;1;2;174.2;-1337;60;63.4147863706259
0;0;0;153.32;112;0;59.1256938215938
0;0;0;146.21;7;0;52.6892513781259
0;1;3;157.33;-189;65;54.4433576369037
0;1;0;162.97;-14;0;53.4418033222359
0;0;3;158.38;-21;42;61.6787051375616
1;0;0;187.47;-91;0;91.0312491705127
0;0;1;167.64;371;45;60.6930724664907
1;0;6;180.7;679;52;95.6567409032221
0;0;1;159.22;938;38;63.3245821847147
0;0;0;165.58;378;0;68.6756471772223
0;0;0;161.68;-658;0;67.1889904843531
1;0;3;176.63;-259;49;80.8313808597565
1;0;6;168.86;651;65;79.5673036310631
1;0;6;187.36;42;65;100.278696235032
1;0;0;182.62;1183;0;88.0183399299033
1;0;3;184.11;455;46;86.8968137006065
0;0;4;150.74;889;46;53.7192193528056
1;0;3;167.86;1120;62;66.8447355343089
1;0;6;174.8;-1176;62;73.9194282918394
0;1;1;153.12;-1015;65;54.2484647970836
0;1;3;156.92;378;62;58.4223738138142
1;0;6;173.65;1505;53;84.5137883591693
0;0;1;163.03;1050;35;62.5833017752367
1;0;6;179.46;21;43;77.8066321213626
0;1;0;164.36;-896;0;58.5273491708016
0;1;1;149.29;-2163;68;53.0279585253244
0;0;4;155.69;-56;52;61.8787892999248
0;0;3;162.68;105;45;67.5556425447685
1;0;5;167.24;-21;62;68.8313222755283
1;0;4;171.56;280;48;72.7589523195328
1;1;4;177.97;-1309;86;70.9102346226499
1;0;2;186.02;623;54;88.5264620295766
0;0;4;154.94;-287;45;57.7546552745372
1;0;6;175.23;434;57;80.8766982732295
0;0;0;154.57;210;0;64.0316913498562
0;0;4;161.93;63;51;71.3556136660452
1;0;0;176.92;-1148;0;76.0060840473789
0;0;0;165.89;70;0;69.1965674161065
0;0;4;168.01;476;49;71.7820869558871
0;1;1;161.66;-1638;52;62.7676727002758
0;0;1;168.64;1106;42;75.1179280702022
0;0;3;160.45;-1547;38;56.4901018197967
1;0;5;182.28;91;63;77.5121730096158
1;0;6;192.76;-378;42;90.9194726402384
1;0;0;177.93;434;0;86.3628348072906
0;1;0;161.54;-973;0;63.1605944644794
0;1;2;160.27;266;57;70.2080063242403
0;0;0;155.76;1036;0;63.2506934349413
1;0;6;181.4;679;56;76.6954981713627
1;0;5;179.53;280;50;84.8306098009025
1;0;6;165.63;168;64;71.3429588550624
1;0;6;189.02;385;47;85.7517794451672
0;0;0;171.43;1589;0;81.7406115501799
1;1;2;177.15;-1260;72;67.0941567714108
0;0;0;156.03;532;0;58.0065501841953
0;0;4;164.64;371;58;72.2328755877278
0;1;1;160.9;-1687;61;64.040422288944
1;1;4;165.06;-532;73;74.677175969845
0;0;0;152.21;-742;0;55.1562551441636
1;0;4;169.88;-469;60;72.2294003727805
1;1;5;174.47;-1631;70;81.0924081986883
0;0;1;160.58;21;39;59.4654218811882
1;0;2;165.55;-294;66;68.8377367763788
0;0;2;178.89;875;42;83.0004814948499
1;0;1;170.2;532;58;86.2394348509453
0;0;2;154.01;728;45;62.4519053041838
0;1;2;164.27;-266;56;58.5642115423017
1;0;3;173.54;231;61;82.2173243320636
1;1;0;166.67;-1799;0;63.4328620425832
1;0;6;180.11;693;69;77.1173987554265
1;0;4;171.09;-490;49;66.7579557529803
1;0;5;182;49;59;84.718934047958
1;0;4;176.27;1701;56;82.1760889455941
1;0;6;184.7;322;55;90.0567693781063
1;0;6;180.07;-112;63;87.6272994493799
0;0;4;166.16;-924;43;67.2179664659556
0;0;2;168.81;-357;52;77.0815589209592
0;0;4;152.01;1421;54;58.5646704522953
1;0;0;176.6;-91;0;77.32203874503
0;0;0;153.21;749;0;55.8305290634058
0;0;0;161.13;763;0;58.6635640593045
0;0;1;167.97;294;45;69.8336960849141
1;0;1;174.22;203;57;77.1734139695718
1;0;3;170.65;539;55;79.1631577205187
0;0;3;152.7;70;40;58.0120673674998
1;0;6;180.52;-406;66;91.7747185236146
0;0;0;166.15;903;0;71.7294016071244
1;0;6;170.91;763;54;76.3963044694419
0;1;4;144.31;-1036;72;50.1973712983103
1;0;6;171.78;259;56;77.7740389996985
1;0;6;186.53;756;54;102.384676325901
1;1;2;187.97;-532;67;80.6891604173603
0;0;2;163.17;959;45;69.030802728058
0;0;3;159.01;105;43;59.3646662998759
1;0;0;173.63;455;0;78.7587763431167
1;1;2;169.53;-469;69;73.7262929000856
1;0;0;165.54;434;0;72.1281548287175
1;0;1;175.83;637;57;82.7527764324084
1;0;4;174.14;427;57;83.5666747553147
0;1;1;166.87;-462;68;60.9455272170311
0;0;2;169.75;84;46;68.9137894041258
1;0;4;183.7;-392;47;82.073594639316
0;1;3;152.89;-1645;67;57.9466472936367
1;0;6;168.82;-140;64;77.0319892317386
0;0;4;158.91;791;45;59.9090630726882
0;1;4;164.75;-791;57;68.5542371239028
0;1;0;157.52;-1715;0;55.5750417511038
0;0;3;159.41;126;47;66.4438303928004
0;0;4;146.48;784;47;57.7054509934862
1;0;3;170.29;994;62;77.5564481125841
1;0;6;172.6;651;62;81.7323089790242
0;1;2;160.46;-322;59;59.7865372524029
1;0;4;180.62;378;58;89.1284132020235
0;0;4;152.56;-357;43;59.0379997597344
0;0;2;166.15;672;45;64.9541234342531
0;0;4;161.28;-154;48;59.4940465423368
1;1;6;179.67;-784;87;74.6142556937689
0;0;1;169.57;-105;41;63.0132380579054
0;0;3;169.53;903;43;68.6730024453934
0;1;1;150.67;364;53;59.9206408838052
0;1;2;156.66;-1470;48;57.175271761377
1;0;1;183.64;854;47;90.7259143897496
0;0;3;159.78;-259;47;56.3687912612117
1;0;2;172.4;714;49;74.8993960463323
1;0;0;178.68;21;0;85.4419348391887
1;0;5;186.42;1281;48;93.4911006249318
0;1;4;148.07;-175;55;47.5324603784609
0;0;3;160.72;350;43;63.2994595791944
0;0;4;168.27;-133;41;69.6239960699385
1;0;4;175.49;301;65;74.4627334908229
1;0;2;174.79;1113;61;89.6776209967674
0;0;0;162.77;546;0;65.9830812541345
1;0;2;169.98;441;53;73.5250768301796
0;0;0;151.17;-259;0;51.5256911215996
1;0;5;174.3;280;46;70.1153127318754
0;1;0;164.72;-511;0;56.5681095530481
1;0;5;178.4;1057;65;76.8046138685067
1;0;6;190.78;560;60;92.5433840032049
1;0;3;175.35;525;50;82.7807293317421
1;0;6;171.91;-91;58;74.3704325508585
1;0;5;180.7;399;54;89.7534434936009
1;1;2;159.29;-1386;70;68.2765141916546
1;0;4;166.35;322;39;75.2267391583452
1;0;6;177.56;70;45;79.4425879311205
0;0;3;165.1;483;37;65.0906239454437
0;0;1;165.71;434;43;72.5012812063594
1;0;6;169;1064;65;88.0514803763968
0;0;0;164.46;-21;0;63.9662289164906
0;1;1;164.64;392;60;70.1436751086753
1;0;4;177.82;-203;51;83.8333120915259
0;0;2;159.12;-357;49;59.3905772205274
0;0;2;156.37;-287;47;57.8344403124263
1;0;5;180.21;245;58;81.8592138648397
1;1;3;163.63;-14;72;56.7658037348077
0;1;3;166.59;-791;69;70.8214083909319
0;1;4;162.07;-434;61;67.0770226519546
0;1;3;159.64;-1687;53;61.822441275357
0;1;1;160.62;-574;59;66.5974074864893
0;1;4;159.64;21;58;66.2554753648226
0;0;4;157.11;14;50;60.0409358987572
1;1;1;178.04;-385;81;83.1900795366419
1;0;6;167.27;546;44;63.7299205284046
1;0;5;164.77;-315;64;75.9634444442317
1;0;1;178.57;364;53;76.370728934652
0;0;2;155.16;469;53;63.0474918660687
1;0;2;168.81;910;56;74.9295373243389
0;0;4;171.55;469;48;75.6668577914688
1;0;0;175.18;-749;0;74.3185253163962
0;0;4;151.5;-574;50;48.179881738159
0;1;2;149.64;-791;65;52.0568899672878
0;1;3;161.96;476;73;61.2940558222643
1;0;5;165.09;273;43;71.2140635367015
1;0;4;178.24;-511;55;80.6026872337531
1;0;1;173.78;-203;60;73.7844004248128
0;0;4;164.84;777;44;67.8522214960144
0;1;4;161.89;504;68;64.6048153848616
1;0;4;183.51;1134;53;95.6868281092754
1;0;2;158.85;-35;31;60.1827032108148
0;0;2;161.86;280;49;68.8800785766922
0;0;3;156.76;-602;46;52.718103211909
0;0;0;165.53;763;0;71.5535794647534
0;0;0;156.18;434;0;53.3957437029997
0;0;4;168.94;-721;39;79.1850373223239
0;1;3;169.14;-875;58;58.3157548818115
0;0;1;150;791;50;54.1078109055792
0;1;1;161.66;-259;54;75.639306785432
0;0;4;163.81;-91;51;61.0474794448399
0;1;1;169.7;-938;55;70.5198479477118
1;0;0;177.67;693;0;76.7496591325436
0;0;4;177.97;469;43;74.0554407103367
1;0;0;181.77;1414;0;89.7911458549266
0;1;0;163.96;-490;0;60.0490178750182
1;0;3;177.41;735;51;81.3631201609653
1;0;1;162.84;406;54;76.1700774378397
0;1;2;165.58;126;60;66.9610928076198
1;0;5;182.93;-98;58;77.3002706871972
1;0;6;173.34;1141;48;79.1328897923785
0;0;1;145.8;266;47;56.0857959948288
0;0;0;153.5;1092;0;66.0999550790908
1;0;1;185.94;1148;56;94.2218255859536
1;0;3;180.93;588;56;81.3619948020443
0;0;0;161.38;-245;0;60.3440529627399
1;0;0;175.32;574;0;80.4867913840235
0;0;1;160.35;-406;42;61.8587598679422
1;0;0;182.24;798;0;88.3569949246801
1;0;1;167.51;1449;48;80.0527328068629
1;0;4;170.32;-266;65;78.8539102410805
0;0;2;156.7;-161;39;65.6674977817611
0;1;4;154.8;-2072;76;61.0408722710937
1;0;4;175.57;-385;59;74.1429448002769
1;0;2;183.11;1281;54;89.7027151324943
1;0;5;172.96;273;56;66.0968832021242
0;0;4;157.16;35;49;59.4882579500895
0;0;1;165.82;511;47;69.1316809561526
1;0;1;185.6;378;47;88.0949620013092
0;0;4;161.15;21;51;62.2521366844282
1;1;5;168.43;413;67;64.723847388762
1;0;3;181.88;336;52;77.0667570855992
1;0;0;166.15;322;0;71.7141230593072
1;0;3;189.14;707;48;91.5252671163107
0;0;3;163.62;1267;44;67.191011117027
1;1;0;182.73;-1561;0;85.4606914370578
1;0;5;166.76;1064;59;66.7940458257913
0;0;3;169.97;-147;39;72.6950269097787
0;0;3;162.08;889;48;58.5448994820615
1;0;2;158.64;-518;55;63.3151827392643
1;0;3;170.4;392;58;73.9833218775725
0;0;2;162.02;175;51;63.6297161950383
0;1;0;164.19;-350;0;76.1399258685229
0;0;1;173.36;252;39;74.5219965775807
0;0;3;162.27;-168;52;61.1380725668472
0;1;0;166.91;-567;0;74.942170386844
0;0;3;167.72;-35;56;72.2844703185728
0;1;2;170.47;-1659;48;62.3224588686396
0;1;0;159.55;-462;0;57.9383779602205
0;1;2;166.85;-1218;72;68.8607234274023
0;0;3;163.15;1428;49;74.2318006420043
1;0;3;170.75;805;50;73.7496677541783
0;1;4;158.6;-532;61;65.6599849542847
0;0;4;168.67;420;51;55.9925157478178
0;0;1;153.91;651;46;55.3869742852763
1;0;4;177.85;182;59;86.020402818324
1;1;1;176.97;1169;72;80.3477635625106
1;0;1;175.49;581;58;87.379585075393
1;0;3;173.13;427;60;82.718792512216
1;1;4;172.4;-1519;54;84.4407066106216
1;0;0;172.04;756;0;74.9642562012664
1;0;2;184.15;-700;55;83.1892912597643
1;0;3;185.97;630;43;84.6239813758381
0;1;0;174.96;-1071;0;74.3301826223832
0;1;3;163.63;217;53;71.346319609861
1;0;2;192.49;847;53;87.7394423812067
1;0;2;172.56;161;57;88.8775509004429
0;1;1;146.73;-140;64;47.2265851602198
1;0;6;165.14;-7;50;71.1529824095172
0;0;0;158.55;714;0;62.1246321094461
0;0;3;146.16;644;41;46.9166174442377
0;0;4;162.46;280;40;69.7187177839943
0;0;3;164.56;847;42;66.3162132863414
0;0;4;171.61;812;54;71.1632511823535
0;0;0;172.82;833;0;78.5018859675089
1;0;0;182.36;490;0;100.030015677955
1;0;5;163.43;861;62;69.4636295373707
0;0;1;170.79;280;44;69.4365603908905
0;0;0;161.5;-763;0;58.5944203447704
1;0;4;179.29;1225;63;80.1098825650467
1;0;2;191.34;700;54;98.1657801565024
0;0;3;155.29;371;43;67.6967264122111
0;0;4;155.82;105;43;65.5184172366591
0;0;0;167.22;392;0;65.3538793951902
1;0;3;173.08;434;52;78.1619199812798
0;1;3;156.1;1120;57;58.4837816649852
0;1;2;156.31;-2359;56;56.8057857257847
1;0;0;183.82;994;0;96.3139533520256
1;0;3;169.5;609;58;73.61252009804
1;0;4;178.3;1148;58;86.3009361859833
0;1;3;169.66;-1680;57;72.5426719215609
0;0;0;161.37;700;0;68.7539535381779
1;0;3;175.27;1064;67;85.1942005751483
1;0;4;184.95;364;51;83.3268462303183
1;0;5;179.98;434;57;87.3953047136205
0;1;4;155.89;-385;58;53.5083281299865
0;1;1;152.32;-1421;55;57.1215332990695
1;0;1;165.26;1078;48;67.423450556529
1;0;1;181.76;322;55;85.4548784939994
0;0;4;158.1;490;44;69.3116775101907
0;0;1;146.76;-161;44;49.358442191638
0;1;0;165.33;-910;0;69.7147382590368
1;0;4;175.63;-63;52;79.1516283970336
1;0;2;167.53;252;48;72.2634788165956
0;0;3;169.98;-105;44;63.7554579931626
0;1;3;161.93;315;70;66.4774036834147
1;0;4;174.74;-560;50;72.0551980107378
0;0;0;178.35;98;0;78.0874485230122
0;1;2;164.81;-2625;50;68.1128478728482
1;0;6;171.58;462;59;76.6429397789088
0;0;2;154.73;588;42;60.084430328238
1;0;6;176.09;1043;61;76.17834842625
0;0;1;166.62;140;39;69.6106180011347
0;1;3;154.6;-1666;50;48.0796138911596
1;0;1;178.74;-1274;69;74.4004154957363
1;0;3;168.53;1603;51;80.8011951167045
0;1;4;157.71;-693;62;56.035721976808
1;0;0;181.17;-462;0;91.6538574645941
1;0;5;176.6;98;52;79.5361295770934
1;0;6;171.41;1197;42;74.3277537389057
1;0;1;166.18;686;67;76.6731038571165
1;0;6;181.79;-679;44;82.8970355764745
1;0;0;169.43;553;0;67.4244485492058
1;0;4;175.13;630;42;68.959789649988
0;0;2;159.33;273;43;61.4782301282531
0;1;0;156.06;-350;0;60.0191733191336
1;0;1;172.28;350;64;81.7406106412071
0;1;2;171.09;-609;59;73.3189559463617
1;0;4;194.22;1344;61;92.9869040336077
1;0;3;173.32;-1645;55;73.4899407251166
0;1;0;152.78;546;0;56.2046945542114
0;1;0;152.23;-1274;0;62.5372132200281
1;0;1;174.85;1414;58;85.3728866822944
0;1;3;159.63;-665;50;63.4663017314894
1;0;4;177.91;665;50;84.0874667589667
1;0;2;178.82;399;54;79.5669524878171
0;1;3;169.34;707;60;68.5079064326841
0;0;2;160.24;259;38;68.1803782044745
0;0;1;166.05;392;45;59.4860341898869
1;0;4;171.25;-588;63;66.9845204701429
0;1;3;156.01;-714;51;67.5037795946826
1;0;6;172.14;455;56;73.4993026767742
1;0;6;172.86;840;46;83.3016638631901
1;1;2;183.1;-1155;76;78.7683671138424
0;0;1;152.84;399;37;63.8690782715643
0;1;2;169.2;84;54;68.7929589082306
0;0;4;173.28;364;52;74.8651312806658
0;1;1;165.02;-749;67;61.6190721807164
0;0;4;168.28;343;41;71.2776497087067
0;0;4;145.77;287;37;55.2333044043788
0;1;3;165.71;133;52;71.223230820058
1;0;5;178.49;28;62;75.7685966397697
1;0;3;178.01;595;54;79.9555759240388
1;0;3;158.55;511;53;64.138644045013
0;1;2;172.22;182;58;67.3311685534
0;0;0;161.73;252;0;60.2704445996631
0;0;2;162.72;98;39;59.5362196173717
0;1;2;171.9;-518;63;73.5105016972606
1;0;1;180.11;238;53;79.3225938230067
0;0;2;158.41;168;41;62.2843584459763
1;0;5;159.58;-161;43;60.5139831952574
1;0;6;171.42;273;54;70.3074819517788
0;1;3;171.82;-861;60;66.531244815329
0;0;0;161.86;343;0;69.0568803603786
1;0;3;178.36;280;55;81.6798479230926
0;0;0;150.91;637;0;60.1011429353257
1;0;1;170.83;644;54;79.899053036441
0;0;0;163.31;511;0;67.1320925660399
1;0;0;177.76;567;0;79.9731624144315
1;0;5;178.81;1211;47;83.9069525736284
1;0;4;171.6;1197;52;73.6991322012838
0;0;3;151.45;-581;40;56.9658332482558
1;0;2;176.33;-301;50;81.087479257471
0;1;0;175.5;-497;0;67.991746037918
0;1;2;156.19;-658;60;63.5211028027515
1;0;5;173.94;-441;57;77.2817041119665
1;0;5;185.54;966;59;89.115572136246
1;1;6;167.6;-945;67;67.688778052512
0;0;2;156.18;-392;49;59.3661804726908
1;0;4;179.56;399;56;95.6439440490906
0;0;1;158.79;-637;53;62.7373404484874
1;1;2;184.32;245;83;89.6419134668309
0;0;4;160.91;-602;46;60.8817003951131
0;1;1;162.16;497;64;65.8642308114131
1;0;0;181.8;686;0;82.8290526547687
1;0;2;155.11;945;57;69.700385852202
1;0;0;167.03;49;0;70.0000741422322
1;0;5;181.67;476;60;78.4414622644336
0;1;3;159.11;-385;51;50.7413465590316
1;0;4;179.72;1477;48;85.8753176201384
1;0;3;165.89;770;45;72.4579576306241
0;1;3;157.55;-336;65;61.1304337276687
1;0;1;167.23;427;60;66.9804573681406
0;0;1;164.47;1456;43;72.9412883354538
0;1;1;167.24;-1540;65;54.5011914359899
1;0;5;164.05;917;61;66.2346933985785
1;0;3;179.7;504;50;83.1750116733116
0;0;0;145.84;1897;0;60.8753015554351
0;1;2;161.84;-735;59;70.3824477294112
1;0;6;164.03;553;55;71.9389668014113
1;1;3;185.96;0;56;92.2966725117143
0;1;3;163.8;-2562;80;59.460067453515
1;0;3;181.32;238;63;89.3809022890433
0;1;1;160.33;-707;57;51.2174729833677
0;0;4;153.99;280;45;56.7106520471694
0;0;1;162.39;266;50;58.3821105597441
1;1;0;181;-378;0;76.1722546731292
1;0;5;169.22;35;57;76.9405527453954
0;1;2;156.2;-553;63;59.4901941289706
0;1;0;168.64;-1561;0;75.4622017542555
1;0;2;172.45;616;49;68.635631934078
0;0;3;159.55;-28;39;67.0822760729203
1;0;5;177.86;553;58;80.0757110903792
1;0;2;168.93;420;54;68.8922143645705
1;0;1;176.95;245;48;80.5938435453786
0;1;4;161.78;-1435;66;57.0080357079441
0;0;3;156.32;-308;48;53.8867012566093
0;1;1;149.86;-1421;62;54.2293293942496
1;0;6;176.92;1064;64;78.6723744467486
1;1;4;176.12;-1344;76;68.1975697896077
1;0;5;172.91;161;53;71.6375729589122
0;1;4;155.59;518;59;61.130425682277
1;0;5;180.04;14;53;92.2283566560845
1;0;3;177.39;469;55;76.0903581581753
0;1;4;165.19;-1211;59;71.0854198580333
0;1;3;142.84;-1092;59;43.9312685025403
0;1;1;176.47;21;64;68.3904986150024
0;0;4;159.14;-497;41;64.725791540062
0;0;3;144.1;686;43;48.6513679142516
0;0;3;149.38;616;44;56.0278022622789
0;1;4;180.07;-1484;59;74.7147224749824
1;0;3;179.78;343;56;74.1290791700536
1;0;6;188.62;413;50;92.9945512676452
1;0;1;178.72;-224;49;84.7609251268128
1;0;2;177.84;812;49;77.7894305384242
1;0;1;182.35;1498;45;88.150979650345
0;0;1;159;448;31;62.939048213926
0;0;0;170.2;469;0;63.5623995394923
1;1;6;170.09;-1232;71;62.6405906460363
1;0;6;179.06;-273;65;73.1723673579202
1;0;6;177.44;539;46;81.6613945234877
0;0;1;156.12;-196;48;65.8718129615747
1;0;2;179.6;336;60;83.4531299437578
0;1;0;162.58;-1036;0;61.9875369296048
1;1;0;176.01;-756;0;74.1893811234075
1;1;4;177.87;-1218;78;79.3373162165893
1;0;1;177.55;581;57;85.6132101004649
1;0;0;172.71;126;0;78.554808362379
1;0;6;180.85;-147;45;75.8771690082979
0;1;1;165.67;-385;63;72.252264621429
0;0;1;148.44;-889;37;50.581969854531
0;0;3;168.15;987;38;85.0506572467279
1;0;0;177.12;-259;0;79.4059605378739
1;0;0;178;-497;0;82.4303096446303
1;0;3;172.69;686;50;80.4517852612287
0;0;1;151.18;371;53;47.7900099608881
0;0;1;159.12;161;42;61.9481726450781
0;0;3;159.18;497;48;59.8435997583972
1;0;1;177.61;49;51;85.1734988771026
0;1;1;162.08;-770;70;61.5815038355643
1;0;4;182.35;658;64;83.4818694285908
0;0;4;168.22;-1043;39;63.1608953255662
0;1;2;167.66;-980;51;69.5346464255883
1;0;1;180.6;490;70;82.0253375967684
1;0;2;174.25;483;72;74.7276130879739
0;0;0;153.26;420;0;49.7193971212157
0;1;3;158.15;-210;56;64.4008647056846
1;0;3;164.85;-707;51;65.2639756784549
1;0;3;164.19;1029;62;70.6411468879699
0;0;1;165.81;721;45;67.0541513161552
0;0;1;164.72;287;43;66.5186684648981
0;0;1;175.19;1015;46;84.0224707963232
1;0;6;181.68;-749;52;72.8758609105896
0;1;3;164.18;-1428;68;62.7474380719635
0;0;0;162.38;-637;0;53.5425816884879
0;1;0;166.71;-1386;0;69.7764202109222
0;1;2;161.7;-1351;48;64.7273844785163
1;0;3;173.09;679;51;79.4019447484796
0;0;1;164.71;273;42;59.2834747261308
1;0;3;179.73;595;55;87.2869172533803
0;0;2;162.31;546;43;71.3152281464618
1;0;2;171.34;665;48;73.9801409650928
0;0;4;150.84;91;41;56.9202509877906
1;0;3;192.61;791;58;92.5127513747685
1;0;4;182.22;175;51;78.985046935021
0;0;4;169.06;511;46;69.7545885273409
1;0;5;175.36;840;65;82.3644984895434
1;0;0;169.27;98;0;66.6396732995879
0;1;3;169.88;133;46;77.104570965397
0;1;0;161.16;-455;0;68.9665881579357
0;1;3;142.28;-455;60;49.8053437746668
0;0;4;155.85;-203;50;63.6959066445529
1;0;2;185.27;-245;52;83.0212039924148
1;0;5;171.87;-700;60;68.1456158122768
0;1;0;161.9;812;0;63.7989075015367
0;0;1;167.44;140;49;79.5252214073911
0;0;4;152;21;45;54.7742547407369
0;0;3;171.53;-455;48;67.6923779081856
1;0;2;182.57;-196;69;75.8068551963457
0;0;0;154.62;105;0;57.8151713305913
1;0;1;173.49;819;50;83.7472635665346
1;0;3;181.74;-14;53;76.4676683573875
1;0;6;173.17;224;51;78.1438904420261
0;0;2;153.94;973;46;57.7534757170876
1;0;0;167.34;630;0;79.4895003977066
1;0;5;173.53;-917;48;77.2695540193082
1;0;5;174.64;-140;60;75.3975428607904
1;0;5;156.48;63;52;61.9854260091565
0;1;0;152.05;-1078;0;53.0113413018569
1;0;2;178.73;91;46;89.3247154689922
0;0;4;160.13;875;47;60.0434380969231
0;1;3;169.98;-1393;56;69.0474189033702
1;0;4;170.77;448;65;72.4326615283095
1;0;1;176.46;1400;56;78.0741987405697
0;1;1;151.25;385;59;58.164471444826
0;0;1;167.59;1197;43;75.9704740407512
0;0;3;166.92;203;44;72.2530851010008
0;0;2;176.32;644;41;78.6346432777779
0;0;1;162.58;-252;50;69.4313594887699
0;0;2;154.57;-105;47;63.6209997864402
0;1;2;152.31;-3024;67;53.3169920937705
1;0;2;170.03;1008;59;75.5898139424828
1;0;4;171.24;882;45;73.3079666428697
0;1;1;159.81;574;71;59.4414182200681
0;1;1;153.16;-1911;58;55.1804967909016
1;0;5;168.35;1456;67;69.9997598496369
0;0;2;164.28;175;48;69.7267770211751
0;0;1;161.24;700;40;64.2058939592421
0;0;4;158.33;350;46;60.1241882763734
1;0;2;170.69;-161;54;76.7529459079234
0;0;4;163;945;32;64.3137594863134
1;0;0;190.85;49;0;89.3339536727216
1;0;3;182.14;847;54;82.479168682994
1;0;1;172.07;1008;52;86.5893205854774
1;0;2;161.98;182;58;72.4433725060649
1;0;5;176.47;644;58;73.5741351213411
1;0;3;180.31;196;67;75.2334438414632
1;1;1;173.62;-42;56;77.3185130178325
0;0;1;167.85;273;52;67.3112942531517
1;0;5;182.43;182;45;78.9076678922547
0;0;0;159.89;777;0;58.9067473160846
0;0;1;147.51;441;51;53.8635857387065
1;0;1;180.05;-616;49;79.5430458649595
1;0;6;178.53;616;59;80.0931001426365
0;1;1;160.8;-2590;60;53.1739506279657
1;0;5;177.48;-616;64;76.613017326622
0;0;1;152.55;1127;41;57.2898123190615
0;1;2;164.66;-532;67;68.1119738391978
1;0;2;175.34;350;67;69.7292217131754
1;0;6;173.07;-294;59;74.904755389354
0;1;4;155.08;7;62;55.1336335065853
1;0;2;173.19;357;56;83.4561503240503
0;0;1;155.33;1309;46;54.8784925673517
1;0;2;172.98;448;55;83.2192519669227
0;0;3;168.64;511;47;69.8993550512415
0;0;2;163.34;525;57;69.8590336996939
1;0;5;168.25;609;64;78.2541282270367
1;0;3;170.68;-490;53;74.2246557336103
1;0;5;166.45;364;49;60.8545208108425
1;0;6;171.02;483;62;74.9054440492882
1;0;0;172.83;1498;0;78.8878879041923
1;0;1;174.76;147;54;75.2883722310979
1;0;2;175.32;-238;52;83.9484257409374
1;0;3;182.69;154;53;84.7479170459928
1;0;2;189.82;735;50;93.2177696568411
1;0;5;169.75;658;47;75.1244078044639
0;0;1;172.82;77;42;73.2290995854134
0;0;3;171.75;-287;45;67.0171030026439
0;1;1;164.2;-2163;55;70.0008266048625
0;1;2;171.48;-833;51;74.3536645130087
0;0;4;156.84;833;36;57.0163479785116
0;1;0;167.9;28;0;63.8472657069783
0;1;1;148.66;-798;55;50.547779736966
1;0;2;177.04;56;53;79.6704554782388
1;0;4;175.65;308;49;82.1862600471093
1;0;4;170.94;707;52;76.3160578147907
0;1;1;158.05;-2338;69;57.5292036198903
0;0;3;156.69;833;44;65.86705672178
1;1;4;172.42;-875;80;77.348522241144
1;0;3;177.39;-490;61;74.2721516162666
0;0;3;153.59;-140;52;51.9352278870718
1;0;4;169.25;413;56;80.4459007813574
0;0;3;163.85;-77;43;60.6509009962599
0;1;3;148.75;-1099;65;47.7015730860988
0;0;3;169.2;252;40;70.7940340854154
1;0;3;175.92;1253;55;84.4962638939265
0;1;2;166.72;-784;62;68.5731200490379
0;1;0;174.42;-1386;0;68.6110141809591
0;1;2;178.66;273;72;84.4446142819115
1;0;0;182.38;490;0;87.768087901302
1;1;3;178.16;-672;76;87.187028496887
0;1;1;160.81;-1197;55;72.7780453380019
0;1;3;158.6;-1099;65;59.3882374776237
0;1;2;165.63;672;43;70.5340633344294
1;0;2;174.39;168;64;80.9512982123035
0;1;1;159.41;-490;47;64.7729371880287
0;1;1;167.35;-833;64;72.3970129792464
0;1;4;164.31;-1666;65;48.8708815724655
0;0;4;171.27;-217;49;61.1634696208525
0;0;3;172.12;140;56;73.6560753691037
1;0;0;173.16;406;0;70.6504078412834
0;0;4;158.66;756;44;66.1475369794582
1;1;4;173.99;-1330;79;74.4950990023902
0;0;2;157.57;112;50;61.3809074731434
0;0;0;154.79;637;0;64.3290353608624
1;0;6;165.65;973;63;68.4071777798582
1;0;1;167.23;882;69;76.9771722701027
1;1;0;179.5;952;0;78.4045362703422
1;0;5;174.92;840;55;72.6138819989087
1;0;3;174.66;609;39;70.5358924053767
1;0;4;165.71;63;61;63.9501121055677
1;0;2;180.52;399;44;78.4173534262145
0;0;1;181.91;-679;45;84.9259905809432
0;0;3;160.85;-238;50;60.2275201782867
1;0;4;170.76;-154;58;74.4918527348613
1;0;6;183.22;7;64;78.3064940779557
0;0;0;158.37;567;0;57.7006862539441
1;0;2;176.31;-112;52;79.86636421893
1;0;4;169.67;1148;57;78.4318853500513
0;0;0;144.85;-35;0;50.1892583516761
0;1;3;171.79;-2233;53;61.7585687004155
1;0;6;181.72;14;60;79.2852731195601
1;0;4;176.3;399;45;77.3869105829422
1;0;2;176.62;273;58;81.9680075056716
1;1;0;180.23;-1582;0;83.2596216358047
1;1;1;184.08;-1113;64;82.9090691502594
1;0;4;176.85;889;52;78.6639793842159
0;0;2;163.66;903;50;64.4229601776615
0;1;3;155.14;-1589;63;47.5627489871885
1;0;1;191.53;-21;58;94.8519751999921
1;0;1;172.03;658;52;73.7265112240265
1;0;4;194.25;1015;57;92.0965111194976
0;0;1;161.94;1106;48;60.1228241338076
1;0;3;183.5;553;65;77.1321891350944
0;0;4;170.08;686;48;59.6179891784059
0;0;3;148.55;385;46;50.7196550593013
0;0;1;151.23;539;47;52.3123719693668
0;0;0;145.71;-273;0;50.7565742144603
1;0;4;177.79;1015;56;88.3429072586906
0;1;1;150.38;-546;45;58.4886520802183
0;0;2;155.3;784;49;57.8705857773103
1;1;6;177.62;-259;57;87.7746100208097
0;0;0;151.35;-469;0;53.6746057645996
0;0;4;170.3;763;49;73.2532737868301
0;1;3;153.44;-2331;63;47.9663794978744
0;1;0;158.66;-1064;0;58.8921519577751
0;1;0;155.29;238;0;52.9974749198296
0;0;3;157.51;-210;46;54.0172533866584
0;1;4;166.3;-1624;58;62.3943593503824
1;0;0;176.93;1183;0;83.0056038614044
1;0;2;178.84;371;61;81.9834687795226
0;0;0;151.47;-140;0;55.2991647621137
0;0;3;160.22;-21;43;63.0211119193439
0;1;2;154.99;-1393;71;50.2874984583415
0;0;4;161.62;-539;46;66.8042550917045
0;0;1;169.74;651;51;74.1804133576686
0;0;0;152.37;658;0;55.2497847326718
1;0;3;172.31;567;47;84.716961126418
0;0;4;158.47;931;44;62.7148649088538
0;0;0;153.41;882;0;61.2070018834372
0;0;2;142.86;1141;46;53.4711076255055
1;1;5;162.9;42;97;68.7539002165984
1;0;1;173.83;826;56;77.0575176337408
1;0;2;172.38;-210;60;72.2026862119615
0;1;4;172.03;-1204;53;60.9196918031851
1;0;1;188.53;693;54;96.2460947480331
1;0;3;166.55;-434;62;74.6928202602548
0;0;1;158.84;252;43;64.0949011567334
0;1;0;165.04;-1729;0;62.2638804417036
1;0;3;172.84;896;56;73.4776035238249
1;1;3;167.33;-924;76;70.1658683717138
1;0;2;177.22;21;49;80.1418867719412
1;1;1;179.25;-700;66;76.5495333914172
1;0;2;163.02;-777;62;64.3369994386175
1;0;4;178.74;-1050;62;81.1905613546088
1;0;4;176.05;343;48;80.7313841765956
1;0;6;171.24;945;58;76.0411507334046
0;1;0;154.91;-1288;0;69.690406594271
0;0;1;157.38;252;42;59.0910779702558
1;0;3;177.14;357;48;81.0917396473723
0;0;2;173.9;-399;45;72.1850509850133
1;0;6;171.77;63;52;74.4121761185385
0;0;2;148.64;469;50;47.4992154492763
0;0;4;170.75;126;45;64.4417988275978
1;0;2;190.13;847;69;89.7610821516862
1;0;6;185.77;-133;74;79.5264954211179
0;0;2;154.68;406;36;60.7823755691492
1;0;0;170.96;623;0;74.4618708534114
0;0;3;163.97;714;39;68.3342884079278
0;0;1;165.85;-126;40;60.167488760742
1;0;6;180.86;1239;54;81.0238926013042
1;1;4;171.15;-686;76;68.5327537540945
1;1;0;170.55;336;0;67.5442255851188
1;0;5;175.5;119;51;81.1872932103543
1;0;3;171.18;56;59;72.3858050407817
1;0;4;172.19;-322;50;79.7162648677856
0;1;2;154.89;-238;58;54.059752516147
0;0;4;158.68;812;41;56.6084317649535
1;0;5;171.4;-21;43;74.1574465473653
0;0;0;153.07;182;0;73.8654022235474
0;0;1;169.91;616;49;71.4647663941878
1;0;5;173.35;1568;55;75.6250433454628
0;0;4;158.58;-7;41;60.0700554198244
0;0;2;166.24;483;50;67.7440674647686
1;0;4;175.63;196;52;78.8500230221958
0;0;3;173.19;616;48;77.9758583330456
0;0;2;151.27;567;48;51.9376572650034
1;0;1;178.8;973;39;79.0501578973267
1;0;5;181.39;161;51;84.0957539385494
0;0;4;158.52;280;48;59.054233642953
1;0;1;167.44;399;55;86.8640735004912
1;0;2;183.06;-56;61;91.1782280186565
1;0;6;178.75;728;46;87.7258122778528
0;0;1;158.27;119;46;59.0633395374336
1;0;6;178.37;91;67;86.485962746449
1;0;4;171.09;343;55;70.1496104234879
1;0;5;175.51;-161;61;70.8787516188333
1;0;4;178.75;-567;62;79.9733310605783
0;1;2;156.96;-1239;67;69.939720990286
0;1;4;173.51;-1141;51;72.8259273129438
0;1;1;163.45;-665;69;62.9494901865266
0;0;3;166.01;910;42;68.345587650151
0;1;3;169.36;224;60;73.1704768762733
1;0;2;171.33;-203;45;79.7236113844699
1;1;3;181.33;-2156;83;74.7625385226907
0;0;0;150.22;322;0;51.9288261770271
0;0;1;167;651;45;71.564959794763
1;0;2;182.06;322;62;77.724140215595
1;0;1;182.99;231;55;86.3931486690844
0;1;4;151.54;-1463;42;53.171625924745
0;1;2;168.93;-1232;54;60.3056037360122
1;0;2;174.91;686;59;84.3643505616577
1;0;2;171.11;602;47;77.6361885406337
0;1;0;167.06;-595;0;72.7541145000794
0;1;1;162.5;-651;63;67.7032402622577
0;0;0;159.17;-448;0;59.7977465716541
0;0;2;147.04;-175;44;52.8338424500449
0;1;2;150.75;-588;51;64.6227808561532
1;0;4;168.94;378;71;87.0895032959694
1;0;0;179.53;126;0;89.4075867885646
0;0;3;161.71;119;42;59.2154817781605
0;0;1;158.03;42;39;65.7980748790412
1;0;2;170.62;784;65;72.3914763049271
0;0;3;165.31;-315;50;66.7220444554146
0;0;3;167.7;392;58;63.5056740362349
0;0;4;169.48;427;46;73.2763051331722
0;0;2;167.16;1106;43;75.0061184927255
0;1;0;158.47;-798;0;59.3916004712995
1;0;2;177.8;861;65;85.8949691173336
1;0;3;184.11;56;43;81.4464837630314
0;0;4;161.06;-98;44;56.7387957565196
0;0;4;167.78;798;42;77.5368170927099
0;0;1;155.26;84;47;61.7044314289541
1;0;0;172.36;133;0;73.8776044801492
1;0;3;168.85;175;47;73.5139519821036
1;0;5;180.68;805;57;78.3839337647794
0;0;4;158.74;938;49;64.4826283171308
0;0;4;171.98;1561;39;73.7272462038385
1;0;0;170.6;266;0;74.0255060863483
0;0;4;146.33;42;55;51.8954642746873
1;0;2;171.87;-77;52;78.187269585073
0;0;0;159.75;196;0;56.6105932232472
0;1;1;160.13;-1750;57;62.4963878088442
0;0;0;144.66;-168;0;46.1159614201388
1;0;6;178;637;61;81.3094849777388
1;0;5;185.07;-483;59;87.9937372124059
0;0;3;170.91;112;51;74.8972098435989
0;1;2;158.78;-35;72;62.6508943936485
0;0;1;158.86;1498;46;70.5299564897625
1;0;4;174.42;161;54;69.7009711704493
0;0;3;162.3;140;45;65.870092961361
1;1;0;178.02;-1050;0;88.3983644697536
1;0;5;175.99;-77;59;81.6999669945029
1;0;3;170.45;-182;60;73.2254012200379
0;0;1;162.08;686;51;60.4283527041709
1;0;1;174.72;854;66;85.5148262088994
1;0;6;159.57;1148;39;62.6526202453932
0;0;4;155.33;511;51;52.9323600393934
0;0;4;167.82;-287;42;69.7986944234625
0;0;4;162.87;168;43;68.5985228628709
0;1;4;154.49;-1358;54;54.8177257061491
1;0;1;187.68;392;65;91.3920970608322
0;1;0;160.89;-7;0;72.4616362069674
0;0;0;166.2;-434;0;66.0689415527382
0;0;4;170.68;-644;44;72.5279938264396
0;0;0;172.43;266;0;69.1940331121503
0;1;4;154.64;-1435;56;61.2715641065906
1;0;2;165.38;833;40;77.3981949723613
1;0;6;179.37;721;49;80.8683158093791
0;0;3;150.19;406;40;49.4776966703187
1;0;6;176.31;427;60;87.8477667894653
1;0;2;174.62;203;49;82.486627124348
0;0;3;169.86;1078;38;71.67364979328
0;1;3;168.71;-280;46;76.3974194956001
0;1;4;154.67;-2051;54;44.2814985250768
0;1;1;167.63;-1883;61;66.3319050144455
1;0;0;183.24;-511;0;74.2088952109734
0;1;2;163.6;-1582;67;60.2414634177929
1;0;6;172.44;483;59;76.8871179701244
0;0;0;172.85;259;0;76.4526752923384
0;1;4;157;42;64;57.1563210939616
1;0;6;165.43;-70;46;73.4161679764508
1;0;4;180.62;714;71;75.2649230294966
1;0;2;163.86;154;57;65.7711377589927
1;0;4;177.32;-455;56;70.749332515283
0;0;1;144.02;196;48;49.3522497783605
1;1;6;168.24;147;72;77.8559778187316
1;0;6;182.98;266;57;87.5706605676201
1;0;1;162.08;525;49;77.3814804438094
1;0;0;175.35;-434;0;79.9806328415253
0;1;4;158.55;-1715;65;61.4377556524326
1;1;6;176.04;-1519;64;71.9387705323451
1;0;4;168.6;1330;68;70.1288299385658
0;0;4;148.97;21;40;55.7883214423764
1;0;6;171.92;861;60;84.1501932020529
0;1;2;167.8;-1015;59;72.9500037864088
0;1;4;159.44;-1057;51;50.1723941380807
0;0;1;147.76;1204;48;61.3013051251569
0;1;3;160.5;-637;57;62.9783117416826
0;0;2;175.29;-217;44;76.0681574620051
1;0;4;168.43;175;62;75.6821957081363
0;0;4;152.71;434;45;62.0630653687012
1;0;3;179.43;336;63;84.0318149108415
1;0;0;174.83;-301;0;83.8170767015811
0;0;3;156.98;854;47;59.4522350801501
0;0;2;155.41;315;39;61.6946583113402
1;0;5;188;532;50;87.5215163595024
1;0;3;170.34;-196;58;74.2668160928067
0;0;3;173.76;770;41;78.1306083774136
0;0;4;160.07;777;41;67.436532405895
0;0;1;165.45;343;40;68.6919796268885
0;0;3;156.72;329;39;64.6771432120805
0;1;3;161.75;-819;64;60.3029187289374
1;0;0;169.75;266;0;71.2519260223394
0;0;1;166.1;238;46;70.087897688492
0;0;4;167.8;35;34;67.6883622835794
0;1;1;170.63;-847;57;72.3227814234949
0;1;0;172.35;-1197;0;69.0368273127095
1;0;1;188;343;45;86.1912479919147
1;0;0;165.21;217;0;75.3156179988575
1;0;5;176.54;679;59;77.8280356980405
0;0;3;163.34;-154;49;67.5034284507355
1;0;6;186.34;742;62;93.3903633552433
0;1;0;161.84;-910;0;62.5460856298655
0;0;0;166.22;-63;0;64.8526593368763
0;0;1;147.93;-623;45;57.3415431532339
0;1;1;162.3;-63;55;61.3723246839602
0;1;1;166.47;-252;63;67.3183031511744
1;0;2;169.96;-350;58;71.3942391876915
1;0;2;175.62;140;44;79.8969244931363
0;1;1;162.32;-1498;62;58.842864066996
0;1;4;147.51;-1806;70;48.5818019190499
1;1;2;174.13;-462;72;78.4249540239455
0;1;4;154.11;-2226;62;52.2334026344884
1;0;1;174.17;924;51;81.1095148781423
1;0;3;189.01;245;57;90.7550380699971
1;0;4;178.2;504;59;83.1176647317534
0;1;0;159.75;-686;0;65.6776178203024
0;0;3;157.23;315;46;62.3596937250066
1;0;5;181.74;434;56;84.5479551369281
0;0;3;159.49;-119;44;61.4929870292671
1;0;0;170.92;-1344;0;72.5770730450724
0;0;2;153.95;126;47;66.8313735740397
1;0;4;161.47;70;66;73.6914457145527
0;0;3;158.9;581;39;61.2291817409829
0;0;2;156.37;798;50;49.4771976162929
1;0;1;170.1;1239;58;78.5266126598194
1;0;5;174.52;616;64;75.372171557782
1;1;2;169.52;-714;71;62.7880120352407
1;0;4;175.74;973;51;85.6770482292981
1;0;4;182.1;-784;44;81.2803379255991
0;0;2;179.98;-392;46;83.2148156460937
1;0;0;173.77;679;0;77.6939823237002
0;1;1;162.39;-637;63;67.4194845760385
1;0;0;177.34;455;0;92.8173536014409
0;0;4;170.25;-392;43;71.3537115215458
1;1;5;173.64;-574;72;78.3195430965998
0;0;0;152.56;-378;0;53.6077548864092
0;0;3;164.86;63;59;66.0658074237577
1;0;1;164.68;-714;61;65.084663615699
1;1;3;166.69;-1134;68;72.4092501488816
0;0;1;150.47;-14;50;53.6052249565962
1;0;2;174.51;-266;42;65.77116461684
0;0;3;156.66;532;47;59.1484035034684
0;1;2;164.14;7;66;67.7918550167188
0;1;0;152.32;1183;0;54.4520924475043
0;0;0;168.55;700;0;81.6161780657399
1;1;5;180.11;728;68;85.4434631645354
0;1;4;152.2;70;62;51.9291729581138
1;0;2;183.35;-357;68;85.575999147407
1;0;1;176.28;238;53;76.187487009067
1;0;1;182.01;-63;55;85.6551065168453
1;0;4;169.86;644;48;82.3843186857119
1;0;4;181.2;21;59;82.8598189519046
1;0;3;169.54;-35;51;71.6628017506526
0;1;3;161.69;-294;53;58.6250121851432
1;1;6;178.12;245;62;80.8102150164738
1;0;6;189.57;1253;55;89.0086205736965
1;0;2;191.1;252;61;89.8161383384378
0;1;0;156.3;119;0;49.471063348084
0;1;2;158.56;-126;52;60.8266568705107
1;1;0;173.67;-854;0;77.610243556359
0;0;4;168.57;609;49;69.1410844741535
0;0;4;157.02;378;48;63.5165609473507
0;1;1;162.17;1064;69;56.5445917650009
1;0;6;173.06;1260;47;84.2679750564973
1;1;0;181.78;-875;0;79.7828961454376
1;0;4;179.45;1176;56;84.1414837670524
0;0;0;166.02;-273;0;62.6426084298368
0;1;3;147.18;-1785;53;46.6336774847328
0;0;2;154.31;560;45;67.9981474949378
1;0;4;169.49;231;59;74.7584178797177
0;1;3;154.5;-581;60;46.6806882349734
1;0;2;170.09;133;60;78.1242714782544
1;0;6;174.34;-483;62;86.5003922910763
1;0;1;170.51;-567;63;73.8977314901439
0;0;1;163.02;-427;44;74.7070829370316
0;0;2;157.51;539;45;69.1399633116574
0;0;3;163.38;798;51;70.1445911259798
0;1;3;151.87;-217;52;53.5048665079305
1;0;6;188.24;84;53;76.687434319806
1;0;4;177.12;-259;54;78.5299464202976
1;0;1;170.89;840;64;71.1443756097242
0;0;3;175.93;1708;39;74.0352825424409
1;0;1;169.93;770;46;66.9125691046509
1;1;0;177.55;-476;0;87.7501491714776
1;0;4;173.6;581;62;89.209486225773
1;0;5;169.97;455;58;83.3769454046894
1;0;3;176.15;539;56;88.8174436350348
0;0;1;151.21;490;48;56.7550655365521
0;0;4;157.6;-637;44;58.0563234576358
1;0;3;180.84;-336;54;89.2740961693813
1;1;2;186.3;-931;80;86.2647879792243
1;1;5;178.09;-497;66;71.8096490936526
1;0;2;170.16;840;47;77.8725821865555
0;1;4;157.69;-1736;65;56.3347068210558
0;1;2;168.77;-1603;61;68.0448015613322
0;0;2;161.15;868;45;64.4275382501642
0;1;1;161.38;-476;63;67.2833861107402
0;0;0;162.96;427;0;67.0013056839089
1;0;2;171.85;693;62;76.4523800650751
1;1;6;174.93;539;66;83.8200447595265
0;0;0;158.13;-777;0;56.2054557776645
1;0;6;183.32;-42;62;81.8369112500625
1;0;5;173.02;728;60;82.3365132595721
0;0;2;159.72;14;44;60.4886534862985
1;0;1;183.1;1092;60;81.2697428682942
1;1;0;159.98;-1960;0;64.8967586145556
0;0;0;165.18;98;0;58.7726400037746
1;0;2;165.5;455;61;66.0565544070947
0;0;4;151.55;959;46;52.5882381802811
1;0;2;193.48;777;64;89.4007425403342
0;0;4;165.98;35;47;66.0875121827986
0;1;3;154.6;-2191;69;52.4586776199932
1;0;1;173.9;693;58;77.7099766446174
1;0;1;162.62;238;58;71.3311368472767
1;1;6;175;-1085;69;77.9648456671646
0;1;4;159.74;-1834;59;58.1202988464615
0;0;1;164.45;-266;41;65.5672024305984
0;0;0;169.2;-700;0;73.8499751119088
0;0;1;159.85;427;46;54.2092807084736
1;0;4;172.4;1302;50;82.8647132489406
1;0;6;174.25;189;49;82.2826408544794
1;0;3;182.8;693;48;84.374299164504
1;0;4;179.06;616;56;83.2119075849043
1;0;4;187;371;57;87.7681850455631
0;1;4;160.55;-119;48;69.7691954868974
1;0;4;172.46;-441;57;70.9292628125025
0;1;3;163.92;-1169;53;62.3259528753838
0;0;4;166.84;462;44;71.2839266918379
1;0;3;172.78;-161;48;68.0775262413836
0;0;1;173.89;-707;52;65.9894786523835
0;0;2;156.14;882;30;56.1804227218186
0;0;1;173.93;371;50;76.790407251097
1;0;5;178.77;672;55;85.3888472309882
1;0;1;172.89;-350;52;70.2224433886887
0;1;4;164.06;798;54;58.4112830340435
0;1;2;159.35;-1169;66;54.3942717941816
0;1;3;165.5;84;62;81.4977214648152
0;0;1;173.36;133;36;83.3790148897741
0;0;0;157.52;-280;0;65.5678018575663
1;0;5;167.19;455;65;79.2575459512981
0;0;3;160.8;-189;59;68.1340802443997
0;1;4;165.32;-945;61;67.4135690112168
1;0;6;173.62;-371;63;66.5169950493557
1;0;5;174.04;-413;56;75.1019176456186
1;0;6;167.95;231;61;70.805584442617
1;0;1;177.12;-119;48;80.1801169702281
1;0;0;177.54;-56;0;86.4039601124741
0;1;1;160.21;1085;58;61.8635885431763
1;0;6;183.52;-336;54;87.382460392959
1;0;1;187.58;1190;46;95.5324466479253
0;0;4;158.85;448;45;64.481536909956
1;1;1;170.18;-448;61;64.6850426515806
0;0;2;160.17;-504;48;60.8232159322935
1;0;1;176.18;322;61;78.7176684976789
0;0;3;158.75;245;43;65.2317144178483
1;0;3;169.48;35;47;70.5395879559856
0;1;1;164.95;-1596;67;61.051400573146
1;0;6;165.26;462;55;68.1699049982374
0;0;0;160.71;420;0;63.7828395516877
1;0;2;182.64;-518;49;84.2131684399516
1;0;0;174.67;581;0;72.785070605162
0;0;1;162.73;-98;52;57.938136975224
1;1;2;179.65;-91;73;78.6996636333624
1;0;6;165.89;91;71;67.9732873732616
0;0;1;150.56;308;40;55.4609560968066
0;1;2;161.3;-70;64;66.6299787775917
1;0;6;177.47;567;66;74.3910091863126
0;0;0;181.26;-448;0;80.8680792023453
0;0;0;160.82;896;0;65.9877834616295
1;0;3;169.53;357;53;76.1968493136742
1;0;3;178.82;693;72;87.9298212467788
0;0;2;178.44;588;44;77.5479864170652
1;0;3;168.54;728;58;70.0000945243382
1;0;4;183.88;539;58;97.207596955424
1;0;0;174.1;770;0;85.515758710389
0;1;1;166.5;-1043;62;70.930578683845
0;0;3;162.88;1092;41;71.3801837235627
0;0;2;156.23;448;49;55.3434182422094
1;0;5;169.73;406;51;71.2710459902962
1;1;0;176.7;-2541;0;72.8781992830272
0;0;3;167.36;686;45;59.5273651322501
1;0;0;179.86;252;0;87.0142469096268
1;1;5;168.45;700;69;72.2760670916573
1;0;1;170.3;-546;74;69.4805916484143
0;1;2;158.2;-2107;49;64.9328043738215
0;0;1;165;546;48;73.9956820683791
0;0;0;160.56;-532;0;63.7329183831937
0;0;4;161.71;182;45;68.8622475844891
1;0;2;169.13;812;63;75.8904466566596
1;0;3;183.27;364;63;92.6297189146721
0;0;0;147.92;1029;0;59.4584560703938
0;1;3;155.79;-1225;63;58.5900134855213
1;0;2;172.78;-889;65;73.4250216180366
0;0;3;169.53;511;46;69.0041373898575
1;0;5;179.78;140;63;85.3840759495181
1;0;0;172.35;-448;0;69.3558722172463
0;0;3;160.27;224;48;65.4880907584688
1;0;5;172.08;1204;57;65.5269945632768
0;1;2;161.15;-1862;65;58.0368582460819
1;0;2;186;308;48;82.8846068641461
1;0;4;163.84;777;57;75.1327280883454
1;0;3;172.87;56;50;67.6263290845426
0;0;2;171.73;-749;48;77.3443748430925
1;0;2;169.77;343;39;75.3844684513789
0;1;2;162.61;1442;45;61.052868972785
1;0;1;170.8;385;56;79.3681743404589
0;1;3;164.05;-259;60;75.519459576044
0;0;0;157.63;245;0;55.2853453610999
1;0;6;182.85;567;56;81.6950786998924
0;0;0;169.3;511;0;73.115100234477
0;0;2;165.4;896;47;67.3860451487878
0;0;1;154.76;-294;44;62.0441001332544
1;0;4;177.59;112;59;85.0511680696269
0;1;2;164.55;35;58;59.5323630815627
0;0;1;151.17;-476;43;56.9537527734022
0;0;2;147.35;217;48;52.5071126699376
1;0;3;183.1;770;56;84.3238919383465
0;0;1;156.59;84;37;68.4335951624117
1;0;2;175.19;1379;44;87.8539736456904
0;1;2;150.44;-1603;58;53.4274046403957
0;0;4;161.02;266;44;63.1216945637224
0;0;2;159.94;735;44;65.4156267182609
0;0;0;171.3;854;0;69.1402383055623
0;0;3;168.12;-7;49;72.3580099463828
0;1;3;158.63;42;53;69.9240191331055
0;0;2;175.11;-35;42;66.6776613112106
1;0;6;157.62;-42;51;63.6787227491146
1;0;3;170.16;-105;44;70.9186977445747
0;0;4;160.64;-280;46;63.3830000834828
1;1;3;179.38;-1960;75;81.7307603048121
0;1;4;156.63;-343;65;63.6504513308205
0;1;1;158.69;84;76;64.345601737723
0;1;0;160.1;-1750;0;54.4863355725139
0;0;0;171.35;252;0;72.4908628119047
1;0;2;186.29;-959;54;91.3700378264666
1;0;0;174.59;588;0;85.9896673516251
1;0;0;173.56;469;0;70.7766835473575
0;0;0;152.91;1036;0;53.5463149276747
0;1;3;171.57;-1281;61;71.5187571183089
1;0;5;178.01;-392;56;78.0879583976799
0;1;0;161.29;-700;0;73.0308276412375
0;0;1;168.36;1204;48;71.6494650746254
0;0;0;169.93;-658;0;77.030275264539
0;1;2;155.54;756;56;66.4335682352665
1;0;6;178.97;441;62;86.4192093169152
0;0;4;164.65;273;57;67.9846087540851
1;0;5;170.58;161;63;72.0129435405369
1;0;0;159.04;1498;0;70.0903751501012
1;0;3;174.48;77;53;72.6241624214659
1;0;5;183.49;168;48;93.3137796986245
1;0;0;175.91;602;0;85.4037713865192
0;1;4;159.85;-1358;50;55.0356179351452
1;0;1;164.72;175;58;69.9167402863483
0;0;3;163.37;-140;45;74.3924767520409
0;1;1;164.91;357;68;65.7035851620452
1;0;3;168.62;189;73;74.2052436868002
0;1;1;162.66;-1162;57;65.884055326632
1;0;3;161.13;126;62;67.7362863824723
0;0;2;165.34;-224;47;70.9687765937794
0;1;0;158.81;-1036;0;58.2959626029637
0;0;4;160.14;728;47;73.4062241854486
0;0;4;167.4;490;42;64.6103963507446
1;0;6;174.51;686;62;79.4911107616379
1;0;4;167.02;21;62;73.7839230925394
1;0;6;172.68;-364;59;79.1935224739856
1;0;4;181.14;392;68;76.8468965600735
1;0;4;165.44;-602;56;76.6116127022066
1;0;3;184.9;28;55;86.1747042938999
0;1;1;158.28;-448;54;59.206876308361
1;0;5;175.06;574;70;80.0055046946808
0;1;0;161.01;-2457;0;66.7734844147641
1;1;6;176.71;-315;78;85.2415657706172
1;0;6;178.61;371;58;83.1424226586379
0;0;4;155.08;-441;45;65.1070505983176
1;0;1;163.14;238;51;68.650514355358
0;1;0;168.11;231;0;70.1289382323598
0;1;2;165.94;-994;66;62.5715254845691
1;0;3;160.84;756;55;67.9880396826894
1;0;5;176.91;238;58;81.8537684454453
0;1;2;153.08;14;59;53.1259305014014
0;0;4;157.63;-175;39;62.7074825682425
1;1;4;170.5;-154;75;66.1146029372262
0;0;1;170.95;-399;41;75.1431308732119
1;0;2;177.59;266;52;90.8592290270787
1;0;3;175.93;595;56;77.8870925184125
0;0;0;148.84;385;0;56.3909702174135
1;0;3;173.15;735;53;86.7723534039128
0;0;4;151.85;364;48;61.2044547234835
0;0;4;171.4;966;42;79.1945610669196
1;0;3;186.84;385;53;91.2709836373319
1;0;0;182.04;532;0;75.3317931469494
1;0;6;181.59;770;45;93.0493297983323
0;0;4;163.67;-294;45;64.3823380441344
1;0;5;164.43;462;53;73.6026523930485
0;1;4;171.37;-483;54;76.9204423286272
0;1;3;162.56;-1421;49;52.1534746685236
1;0;3;169.55;238;51;69.0385787511212
0;0;2;171.08;-91;44;78.5413359075512
0;0;4;165.29;1050;48;71.3789819963972
1;0;4;185.95;-105;52;85.4799263701227
0;0;1;166.83;56;42;67.3804314835705
0;1;0;162.57;-1477;0;56.9147555777829
1;0;3;173.89;-91;56;76.3292336472164
0;0;0;156.44;224;0;59.465477792297
0;0;3;162.7;364;39;70.1584111018478
1;0;4;172.8;945;54;71.9709166502831
0;1;1;152.37;-77;57;55.9204023219838
0;1;2;167.01;-126;58;78.3705830699914
1;1;1;172.32;-343;76;76.9330962669322
1;0;2;166.39;511;54;68.5803097754446
1;0;4;186.89;-749;56;88.2554227768926
1;0;0;173.66;-581;0;85.9973487670685
0;0;4;155.26;147;31;62.9310257877221
1;0;0;177.14;364;0;73.9654812634808
0;0;0;155.66;224;0;55.0441260254721
0;0;0;165.98;-49;0;76.7649065860091
1;0;0;167.06;420;0;74.9053687087366
0;0;4;165.03;-126;44;63.9950522896754
0;1;1;158.68;-812;60;63.0467310347552
1;1;5;179.68;287;76;77.9181156393522
1;0;6;167.75;-126;47;74.4382031182448
1;0;4;167.77;1225;44;78.4033351449403
1;0;0;172.76;343;0;78.9492935138167
0;0;2;165.25;609;47;69.3132848187015
0;0;4;172.59;455;50;71.4208379439819
0;0;2;157.17;-721;36;55.646038648057
0;0;3;170.55;-980;46;65.0302812459882
1;0;2;183.79;826;56;84.0212933628875
0;0;0;165.17;280;0;79.2020253850278
0;1;1;156.96;721;72;63.7269566309828
0;0;4;153.17;574;44;62.505560608903
1;0;5;166.14;-140;60;70.7584971350889
1;0;5;174.06;861;66;71.7610130740067
0;0;1;158.96;882;41;60.480573427961
1;0;5;173.45;-56;53;69.1783983709551
0;0;0;174.36;-462;0;69.222109195787
0;0;1;163.91;0;41;65.1504908087978
1;0;0;162.85;658;0;73.2583019917908
1;0;4;167.43;1309;60;65.8098149384244
0;0;1;177.14;308;45;87.6562270237758
0;0;4;158.84;371;46;58.6673424818972
0;0;0;158.9;133;0;56.6957691194493
1;0;6;163.59;525;70;61.8037667313862
1;0;2;169.85;1281;60;84.4091013426652
0;1;1;162.81;-1120;55;58.818424686954
1;0;2;176.57;294;52;75.4796358182945
1;0;5;169.8;1036;60;74.7153498002613
1;0;1;173.97;161;57;72.3039285895627
1;0;0;173.74;483;0;73.8037775865331
0;1;1;153.87;-931;68;56.3384078348255
1;1;2;179.35;287;75;86.7740189028242
0;1;0;164.83;1239;0;63.361132608046
1;1;5;166.73;-105;79;73.8093267703115
0;0;0;172.44;504;0;70.3921453850699
1;0;0;168.74;84;0;77.5612376321695
0;0;3;156.34;-420;41;61.4048311494893
0;0;0;163.85;574;0;66.1155873622584
1;0;4;174.81;-98;67;74.6374788860355
0;0;1;178.71;-147;42;81.667889738045
1;0;4;165.35;469;54;76.22872279583
0;0;1;158.03;1253;37;59.9316047182266
1;1;4;177.83;-1351;54;74.0276252791485
0;0;0;156.99;700;0;63.8501746431288
1;0;4;168.55;-231;57;62.9490272949933
1;0;1;180.44;287;65;86.8887063694466
0;0;1;156.63;763;44;64.821514322004
1;0;0;175.88;476;0;79.0692866834733
1;0;0;164.84;623;0;61.6146892067814
0;0;1;174.58;-609;40;77.2975526971303
0;0;3;157.82;105;41;62.6366547658905
0;1;0;160.52;-287;0;68.3912127256125
0;0;1;157.98;791;44;65.8386715711999
0;1;1;182.86;385;55;89.2605276556414
1;1;0;188.38;-112;0;83.0721609787661
1;0;5;160.13;980;56;71.4889149019412
0;0;1;160.22;833;55;65.9282998942714
0;1;2;151.33;-903;57;52.8319946116342
0;0;1;167.9;217;49;67.3135984886322
1;1;4;164.71;161;72;66.5342346569419
0;1;3;151.36;-266;64;57.0068088596814
0;0;2;150.95;-567;42;51.160273156851
1;0;6;177.7;483;55;82.0084724719944
1;0;6;182.05;1148;57;81.2130425780538
1;0;3;177.99;546;52;82.1044813481334
0;1;0;173.52;-301;0;77.5669431429854
0;1;1;145.97;-1071;70;45.7198649178994
0;0;3;155.14;434;45;74.8193932992714
1;0;3;169.45;1015;64;78.0362660406174
0;0;0;161.55;168;0;61.7389413426981
1;0;1;165.61;-532;53;71.8604538935242
0;0;3;156.54;-861;42;60.4475818150434
0;1;0;156.32;-1358;0;56.7637326751253
1;0;3;174.51;378;56;75.0918802383859
1;0;4;176.41;987;58;84.9261656068474
1;0;2;169.34;399;57;70.2541155471286
0;1;4;174.33;-1106;57;77.7650819895864
1;0;0;180;756;0;89.2053565353806
1;0;6;166.05;798;46;76.2915510245932
1;1;5;171.22;-315;72;76.002021868873
1;0;4;181.52;357;51;79.387078741799
0;1;3;145.97;-140;63;48.9119017033759
1;0;2;165.2;567;59;62.6742568296797
1;0;6;186.07;448;61;83.4151943195795
0;0;4;154.9;1113;37;56.5667806859043
1;0;5;184.64;273;63;90.6651866846796
1;1;4;175.66;-756;71;81.4278689144163
1;1;1;180.44;-266;67;88.0006605252322
1;0;1;185.04;406;46;78.3879687252272
0;0;2;162.2;1064;40;70.9898459997366
0;0;4;175.52;938;45;68.3424542252832
0;0;4;169.69;-252;43;67.1104853611081
1;0;5;172.18;203;59;84.8638305085059
0;1;4;152.27;-1323;54;66.3823774194018
0;1;4;152.39;1015;55;57.9454573126391
1;0;0;177.46;1659;0;82.4886406114151
1;0;4;169.8;259;50;73.6347221812608
0;0;3;165.24;854;41;73.6210356694815
0;0;1;172.71;427;43;76.8928029856962
0;1;0;147.43;-735;0;50.3912765495624
1;0;3;186.56;-266;61;83.5209353287073
1;0;5;186.72;294;55;83.2693828313768
1;0;0;175.58;-70;0;83.4858652236694
0;0;1;160;532;46;57.7400008541761
1;1;6;173.65;-119;61;74.5366595182831
1;0;1;172.1;966;40;74.2067674523385
1;0;0;175.49;245;0;78.5063200755585
1;0;4;182.43;1477;51;89.8157006467591
1;0;6;167.53;224;53;65.0015632575452
1;0;4;168.35;1211;47;69.3414732035179
1;0;0;179.8;553;0;73.2720939516733
0;0;0;148.75;721;0;51.4936295311332
0;0;2;160.52;651;43;76.0514105033918
0;0;0;157.83;-539;0;58.7346617956863
0;0;3;164.9;700;39;72.7871438351211
0;0;1;166.29;-399;43;60.4025664521131
1;0;4;167.37;448;61;81.4295872692868
0;0;2;162.61;189;44;73.5439729133788
0;0;3;160.31;483;41;63.3509251314907
0;0;1;161.12;-539;44;67.4541680080023
0;0;3;151.62;987;42;54.821179710505
0;0;3;164.45;784;47;59.8325778020504
0;0;4;165.68;-168;43;68.019835087516
0;0;4;153.58;840;46;59.7660694241654
0;1;4;168.07;-1414;63;73.4783863450905
1;0;2;174.29;28;51;73.864230286271
0;0;1;166.15;308;35;62.0517712466789
0;0;1;161.89;-56;40;65.7361116659655
0;0;4;164.57;35;39;60.6272042074753
0;0;4;157.41;931;43;55.5817167800968
0;1;0;153.45;-406;0;53.1228663480779
0;1;2;168.21;-1246;61;65.5309773669456
0;0;4;154.58;154;46;63.3280140206047
1;0;2;181.13;525;52;81.5948380714349
1;0;0;182.01;7;0;92.7208170507273
0;0;4;152.54;455;43;55.3148879823529
0;0;3;169.12;497;38;69.8974944088643
1;0;4;169.1;490;48;73.9696115861073
0;1;1;171.31;-203;56;68.3134715720562
0;0;3;161.79;1316;44;67.8870762928984
1;0;4;181.49;350;59;78.9557519716865
0;1;1;148.76;49;52;44.8069544778929
1;0;6;166.59;1540;50;75.5859470066807
0;0;3;161.32;609;45;60.0607238426536
1;0;2;165.26;609;65;70.6959760305672
0;0;4;165.29;161;44;64.9307485111543
0;0;0;163.31;161;0;67.4416002788986
1;0;6;176.57;567;55;71.594040043029
1;0;4;171.68;-91;50;76.0730762933454
0;0;3;161.11;455;45;71.790762852684
1;0;2;172.55;574;70;80.4605203667638
0;0;1;162.23;651;41;69.0199812908709
1;0;5;185.07;490;63;90.8676241360609
1;1;1;178.74;546;82;90.6182949365417
0;1;2;180.72;-637;59;86.2364587219443
1;0;6;167.67;1148;56;80.9876504167249
0;0;0;166.05;273;0;61.9276308566007
0;1;0;152.34;168;0;59.2364005597107
1;1;0;174.25;651;0;89.5372024147677
0;0;2;158.08;-868;42;56.9785850818126
0;1;2;163.37;-2338;64;64.9525765300123
1;0;4;170.57;427;56;67.8844818011335
0;1;2;168.8;-364;51;72.1441483026843
0;0;3;162.26;119;44;72.4625981236106
1;0;0;182.39;203;0;76.4673716675957
1;0;5;169.99;-553;57;77.9070197861334
1;0;0;188.56;966;0;90.2991217352387
0;1;2;166.04;-861;61;56.4877926908904
0;0;4;177.98;777;46;72.2433752652975
0;1;4;154.97;-1645;78;55.4842185601515
0;0;4;161.77;875;48;57.6165702280837
1;0;0;172.02;14;0;82.0176321917828
1;0;4;173.93;532;53;68.501837690984
1;0;1;172.24;-287;52;74.1711304509304
1;0;1;180.77;392;65;79.354011647782
1;0;3;170.28;357;48;68.5066362535674
1;0;6;180.03;154;48;76.9406109415814
0;0;0;158.84;742;0;64.6013846284751
1;0;1;172.04;1141;70;80.9967318311037
1;0;4;173.02;140;51;68.5061711507021
1;0;3;174.79;126;61;73.9049326578318
0;0;4;160.65;238;43;65.7678157443766
1;0;1;179.59;252;51;80.2590195731812
0;1;1;165.31;-644;71;74.1515920662818
1;0;5;165.88;406;54;69.7849708797901
0;0;2;160.58;-294;49;64.7164994464388
1;0;1;170.13;-140;53;68.9744915197886
0;0;1;157.63;1358;47;59.9161466749876
0;1;4;165.85;-1260;57;71.3992488238951
0;0;0;164.96;273;0;70.5553298516906
0;0;2;162.65;770;46;71.0607454383325
1;0;3;185.16;1078;49;89.1685878864881
0;0;2;166.13;805;46;68.2016649314745
1;0;1;180.74;98;52;89.366222056706
1;0;3;177.01;-105;69;79.4996494160567
1;1;2;171.58;-1687;74;62.0169255112122
1;0;4;185.91;-728;64;77.0531839814327
0;1;2;164.78;721;65;71.5013013942505
0;0;3;162.54;196;39;69.378980380146
0;0;1;165.35;203;39;71.263473740812
1;1;6;162.39;-406;71;75.1408804493033
0;1;3;168.48;-1036;66;74.0888839341584
0;1;3;152.84;-1995;59;43.3570841110923
1;1;3;177.92;287;70;84.8241949899731
0;1;2;172;-770;57;69.5024087234063
0;0;4;162.41;448;41;59.7806805978868
1;0;3;170.26;399;60;70.4854464944273
0;0;2;165.53;567;34;72.7215217717093
1;0;1;169.54;308;56;69.4080495885978
0;1;0;167.49;-1617;0;72.780373392785
1;0;3;175.31;1113;54;83.6953756378223
0;0;1;169.39;-308;44;64.5210922332396
1;0;6;193.06;497;49;90.5126878287445
1;0;6;184.16;259;55;90.5829372025749
0;0;4;166.24;1050;40;73.7608626468469
1;0;0;177.91;1561;0;80.9855107279613
0;0;1;164.89;1099;42;63.0039670807813
0;1;3;156.6;-1512;57;55.9003306617363
0;1;1;153.42;-616;63;53.7550467216032
1;0;2;176.08;672;48;81.1119357570491
1;0;1;172.16;322;53;78.7493933277083
0;0;0;153.11;1120;0;51.7081470160658
1;0;1;168.98;-21;55;74.6571967829445
1;0;2;174.18;245;65;73.7677475178394
0;0;3;154.31;-1211;35;47.6773103162167
1;0;1;170.14;-637;49;78.1706376731587
0;1;1;179.53;-945;45;74.5033561458826
0;0;3;148.52;406;44;46.6297727869983
0;0;3;149.57;329;42;48.1752292923065
0;0;2;157.03;1127;47;62.4249063186345
1;0;3;182.85;595;43;89.4956289230921
1;0;1;178.4;154;67;79.3951926527781
0;1;2;163.17;-14;52;65.4119369675438
0;1;4;162.54;-1064;65;50.2273260319129
0;0;1;163.22;210;53;78.5262616300119
1;0;1;179.09;-203;56;76.2102930966715
0;1;3;166.47;-651;58;58.172118310675
0;1;0;157.5;-1582;0;66.1954059860837
0;1;4;169.71;-805;70;72.3373397767558
1;0;3;176.06;-196;44;73.7666725721922
1;0;4;169.56;343;56;70.6608532285628
0;0;3;164.42;917;52;71.7566059699819
1;1;1;177.88;-959;87;74.657622168264
0;0;4;155.48;658;43;64.399507059819
1;0;5;171.84;224;41;76.009675215498
1;0;6;179.3;1358;58;87.9955967030582
1;0;0;175.5;-1365;0;69.5238746154496
1;0;6;191.5;-280;52;93.9326284653464
0;1;3;156.62;-91;58;52.5831070735095
0;1;3;146.62;-399;42;49.8334772579673
0;1;2;163.4;-259;68;63.5978666299467
1;0;2;177.68;217;64;83.8598045051712
0;0;1;171.62;777;45;77.9639026869675
1;0;4;170.66;1162;47;74.7783279804306
0;1;1;160.39;-1295;53;54.6374723698986
1;0;5;178.1;-238;57;72.9392936811817
1;0;3;165.77;231;61;80.468758535239
0;0;2;169.05;749;47;68.9236030538068
1;0;1;179.19;-294;64;81.8755411167245
0;1;4;148.35;707;52;48.3238532196327
1;0;1;171.8;763;53;79.2937551172026
0;1;1;154.47;-1568;54;54.9093260670518
1;0;2;174.66;126;54;72.7679104436244
0;0;4;158.5;462;40;63.4481442793842
0;1;2;158.9;-1050;54;60.1290730248972
0;0;0;163.59;917;0;63.2282885877295
1;0;6;183.51;917;66;93.5823860030289
1;0;3;179.33;-147;61;82.0992996643066
0;0;4;159.67;301;47;59.6609079475341
1;0;4;183.53;931;65;88.7535766493513
0;0;2;167.24;1050;52;69.2462191225084
1;0;3;177.46;-406;58;75.1614360582261
1;0;3;174.03;133;59;76.7311970492517
1;0;3;169.19;315;52;65.5688173061832
1;0;5;161.82;1106;58;72.8228471547479
0;0;2;160.76;105;46;67.1408382374304
0;1;2;165.47;-1694;61;58.1685752471018
0;0;3;151.15;413;52;47.0448653799853
0;1;0;153.14;-672;0;64.764997264395
1;0;6;178.04;308;52;74.0099147038603
1;0;6;179.39;266;59;82.0177309145406
1;0;2;171.25;371;59;68.7217798801905
1;0;4;186.75;819;61;81.6259068457
1;0;2;176.8;-707;43;78.9965513030129
0;0;4;163.53;-28;47;65.6256990812011
1;0;0;168.84;483;0;74.2324093737709
1;0;3;177.8;154;61;78.7506095056063
0;1;4;166.88;-469;68;72.3481014086558
0;1;2;166.2;-1162;49;72.6508876718633
0;0;0;154.68;-315;0;60.1537577868293
1;0;6;183.95;742;57;78.6317135177468
0;0;3;169.14;-266;37;68.7002855668141
1;0;4;174.47;-154;44;79.207984650812
0;0;1;170.83;861;52;77.357566882175
1;0;6;174.2;-329;49;72.5206399747907
0;1;2;145.99;238;61;51.2337013894503
0;1;4;169.63;-560;55;83.2353801639393
0;0;2;161.67;70;45;63.4803522367776
0;0;1;158.91;1127;44;59.1571556329621
0;1;2;157.34;-413;65;53.6917417682571
1;0;1;181.3;-28;65;77.9519563691867
1;0;3;170.08;532;56;74.7127405086708
1;0;5;167.25;-28;49;74.6418984619654
0;1;0;151.1;-1134;0;47.5000211077573
0;0;3;173.4;-448;38;84.4509900199788
1;0;5;169.52;749;48;70.3455354400111
0;1;0;154.23;-700;0;49.6567127313087
1;0;5;178.55;567;57;74.000004215047
0;0;3;148.13;-217;42;49.3639586067472
0;0;2;158.85;-266;30;58.1551229005724
0;0;1;164.05;763;48;60.9798286275419
1;0;2;176.17;-35;54;85.0919386215175
0;0;2;156.2;-931;44;63.3057884505624
1;0;4;175.84;826;55;87.9136844002539
0;1;3;157.82;-175;67;53.4544675887511
1;0;1;179.59;665;63;75.2005323645115
0;0;0;149.22;1022;0;62.3021088284488
1;0;4;174.21;700;52;78.6656640918721
0;0;4;162.51;-147;44;68.775657042087
0;0;1;155.54;714;44;59.6938943687937
1;0;3;171.22;84;53;73.9879439051997
1;1;6;174.45;-833;71;74.8522605028311
0;1;2;156.34;70;69;60.5847626475347
0;0;0;161.17;343;0;62.5222265734784
0;1;2;160.09;-1162;57;55.5869870849137
1;0;0;172.9;-574;0;71.2239062044606
0;0;1;162.28;427;49;64.1900654384107
1;0;3;179.02;-609;62;72.8069489456438
1;1;3;179.67;-1281;72;79.0211112604734
0;0;2;156.85;105;46;54.517165120002
1;0;4;171.16;28;63;75.4002755687836
1;0;6;175.83;1239;55;80.4187672002894
1;0;0;182.45;658;0;93.3775519584205
0;0;1;168.13;735;43;68.1565269331497
1;0;5;176.48;175;67;74.1902043032472
1;0;2;179.82;-343;59;79.6544391975339
1;0;0;169.05;553;0;77.2372593757173
1;0;4;167.73;1386;63;67.0088274656427
1;0;2;170.45;294;56;81.0704118170914
1;0;4;170.27;476;55;76.3841977799803
0;0;1;159.16;-259;49;62.5006077107964
1;0;0;175.08;469;0;78.4507370168734
0;0;1;156.51;686;54;61.702380390308
0;0;2;164.84;581;36;72.2849172203852
0;1;0;152.25;-770;0;59.1071131494129
1;0;2;173.96;-630;62;80.3165984187797
0;0;2;175.15;217;41;83.8219694615133
0;0;3;172.12;931;38;80.0215523910888
0;0;3;166.35;-119;37;66.4850847079204
0;0;4;161.97;714;43;69.5947963271034
0;0;1;165.56;399;49;73.7019054333665
1;0;5;185.22;322;47;88.1714261561082
0;1;4;154.04;280;61;57.1063353990449
1;0;1;176.15;553;64;81.2402255332913
0;0;4;146.41;371;45;46.4457057484383
0;1;1;163.52;-371;50;63.6771416896597
1;0;5;175.84;119;61;79.0445123905588
1;0;3;182.42;-812;52;85.3095246624896
0;0;3;156.82;616;53;64.026980296105
0;0;2;147.53;518;46;62.3621815047752
0;1;4;158.87;-1106;63;64.0225286314139
1;0;4;177.59;-126;60;83.6752654264066
0;1;1;156.07;-357;77;60.7040752327154
1;0;1;165.7;-133;59;71.2657120030463
0;1;0;160.67;-252;0;58.0927918638659
1;1;5;177.72;-175;83;83.4663345428139
1;0;0;176.56;1232;0;87.9749055683496
1;0;2;165.12;1113;67;73.9452250311533
0;0;2;163.31;-406;42;63.7031209668531
1;0;3;167.93;399;73;73.2601189863916
0;1;1;154.25;-476;62;62.1430299329073
1;0;6;173.02;-455;47;76.0055868667279
1;0;5;178.57;945;66;83.2911764805975
1;0;3;168.46;812;53;70.1776112222769
1;0;3;185.18;1176;56;89.4552526710285
0;1;2;165.11;-1092;73;64.5497725122505
0;0;2;161.03;84;44;59.5083005224974
1;0;6;174.68;35;58;73.2173988545021
0;0;4;159.41;1015;42;67.8855934740928
0;1;3;149.07;-455;55;56.0344303891837
0;1;2;167.4;-1729;51;68.3194367050756
0;0;0;160.98;-413;0;64.8811994838819
0;0;3;157.73;-357;52;49.3282815518831
1;0;0;180.62;280;0;84.7202307965388
0;0;4;164.74;-616;41;62.5711363908532
1;0;5;181;-1001;55;93.6018994108116
0;0;3;156.82;497;36;63.2040384703425
1;0;3;173.37;133;61;79.6218887068823
0;1;4;162.4;-441;60;70.3514286356748
0;1;2;155.31;-70;46;58.6694880629568
0;1;0;164.54;-231;0;65.1203874552361
0;0;2;160.2;63;46;53.230574909529
1;0;3;172.77;644;63;82.776251517518
1;0;6;180.44;658;66;88.5467982663099
1;0;1;184.56;119;58;85.0772987339617
0;0;4;149.86;14;45;50.28179324123
0;1;3;155.65;525;59;63.422856269123
1;0;0;179.84;385;0;75.2181137106257
0;0;0;160.56;490;0;65.7997112382382
0;0;2;170.78;1001;49;65.7058779877631
0;1;2;160.55;-2387;61;56.6555286826892
0;1;0;158.52;-1708;0;61.9914058558276
1;0;2;174.46;224;61;80.5833342927401
0;0;2;160.39;-245;47;60.7199691256692
0;0;3;169.01;56;47;77.6546293361101
0;1;2;166.29;-1498;76;69.4230444334247
0;1;0;146.67;-1155;0;52.4389376026787
1;0;4;182.12;196;57;88.328856715265
0;1;0;171.12;-518;0;67.2391747296818
1;0;3;163.59;-357;47;67.3371131036537
1;0;5;172.21;1351;62;76.6967703222505
0;0;2;169.55;1267;43;80.3198140633192
0;1;2;162.91;-154;79;63.8245235093212
1;0;1;173.79;1106;59;71.813170480407
1;0;1;175.72;-7;67;78.4335392845892
1;1;1;180.54;-1029;72;74.5841875295039
0;0;4;177.22;826;39;81.0807805992276
0;1;3;176.88;-196;54;71.8782099862537
1;0;2;173.46;924;54;81.1894264221142
0;0;2;164.98;49;48;69.2525748737316
1;0;4;167.98;735;54;73.7516699821469
1;0;0;182.7;-21;0;83.3862893303092
0;0;3;162.17;686;47;63.0394577133906
1;0;1;166.8;1827;53;79.4973933084157
1;0;1;182.68;756;57;78.6756638847956
0;1;4;167.84;-1008;54;65.0903504523781
1;0;4;172.09;301;51;77.1818556594703
0;0;4;161.14;-574;50;58.7321048557764
0;0;4;170.7;-77;49;68.6144047798606
1;0;5;175.35;392;47;78.2151996667907
0;0;3;177.67;266;41;73.718037726569
1;0;5;171.6;7;61;73.5931577921072
1;1;2;183.46;-35;83;79.8866694916499
0;0;2;163.85;-623;54;59.8847707032821
0;0;0;167.47;770;0;70.3700166550557
0;0;0;157.25;385;0;61.5643684539906
0;1;0;165.39;-462;0;70.0598864653934
1;0;3;166.38;336;42;75.8159874758555
1;0;6;169.92;70;46;77.8826469812708
0;0;3;159.59;-63;41;60.1002212019385
0;0;2;164.56;910;42;65.2335755979627
1;0;6;175.23;-602;62;70.7562448354446
1;0;2;164.66;-322;48;73.6529846680529
0;1;4;163.03;-1694;59;65.9985136689921
0;0;0;160;518;0;63.4615958836602
1;0;2;173.97;581;52;75.8866444968302
1;1;3;169.36;-693;67;72.935043539095
1;0;6;164.87;658;56;62.6088328622956
1;0;2;174.94;-504;70;79.6406502720463
0;0;1;171.23;-28;38;67.3185405603651
1;0;1;172.51;-7;56;85.5448169333185
1;1;0;165.37;399;0;68.6560347033627
1;0;6;182.45;112;59;97.3930658083894
1;0;2;171.1;140;54;71.6289446310436
1;0;1;179.75;1022;56;78.8543179894465
0;0;2;162.44;196;39;55.3434090758552
0;0;1;159.84;49;45;62.0653278931419
0;0;2;168.86;-7;49;61.676796128449
1;0;4;179.57;-252;58;84.1962489896118
0;0;1;169.02;147;49;71.4077356915551
0;0;2;173.32;448;48;77.2614565330978
1;1;2;180.18;-693;77;78.3937708684175
0;0;0;167.6;126;0;70.9983591357222
1;0;5;178.73;392;63;86.1302236374136
0;1;2;159.07;203;65;59.0232867737972
1;0;5;164.13;-98;60;62.1617715702562
0;1;3;149.98;-2471;58;51.0799503866435
0;0;1;167.43;224;46;76.4981135171486
1;0;5;172.68;476;63;72.1133084845252
0;1;2;161.94;-1281;58;59.2313797297096
0;0;2;149.65;434;53;60.8085828724342
1;0;5;182.51;490;52;87.2086590156527
1;0;1;161.72;371;52;71.4145379893245
0;0;2;175.47;273;36;74.0644148710548
1;0;0;179.41;56;0;80.7301300267471
0;0;0;151.61;413;0;59.8870371840413
1;0;6;176.03;-637;59;69.8546900268693
0;0;1;172.16;210;48;71.3743823767532
0;1;3;162.52;-126;55;71.3695573100126
0;0;4;147.41;-91;34;52.5778018114635
0;0;2;167.44;175;40;65.3331025819451
1;1;1;174.6;-1190;76;68.5125166005399
0;0;1;159.47;875;52;65.1514673481949
0;0;3;162.97;-252;40;63.4750958949329
1;0;2;170.86;1015;73;78.5510872529631
0;0;3;174.73;574;40;74.3484417898913
0;1;4;154.68;287;52;60.1125307710951
1;0;5;163.91;-98;59;67.0344077916702
1;0;5;171.01;210;51;65.3205683594237
1;0;0;190.87;679;0;90.9116543499122
1;0;3;165.33;1099;57;68.5272404967717
1;0;1;171.27;322;68;80.2831887050038
1;0;5;174.63;336;59;84.9892417944794
1;0;0;181.84;273;0;85.6667275756348
0;0;0;161.58;882;0;62.4587644673158
1;0;1;171.94;644;53;79.6061284015693
0;1;2;164.69;-539;62;59.8658357739558
0;0;3;167.22;168;45;69.9832725389729
0;0;2;160.51;-651;45;59.962663239509
1;1;3;167.36;-1071;70;76.6908014393037
1;0;0;188.68;833;0;87.8983251491997
1;0;4;186.53;385;64;93.0885075078898
1;0;5;180.89;609;53;84.3815238472358
0;0;3;157.09;84;41;64.684237202231
1;0;3;162.4;294;45;74.9562385352122
0;0;4;164.78;119;54;56.9448434812527
1;0;1;165.44;1064;55;76.5042346645647
1;0;2;181.32;-560;57;88.0291482830532
0;0;4;161.06;-14;49;69.7161570421043
1;0;5;177.66;-105;57;71.2568099375151
1;0;3;179.14;-140;48;85.8243320598242
0;1;2;165.11;427;59;66.7557650972485
0;0;4;170.79;63;44;69.3126423509071
1;0;1;168.87;42;71;70.5173084928041
1;0;0;181.36;371;0;81.796565073454
1;0;0;168.39;-616;0;71.7244320827032
1;0;4;172.21;623;57;85.3091293454973
1;0;0;167.17;-21;0;72.3387964330774
1;0;4;187.01;938;49;89.4034401965665
0;0;4;166.8;77;48;69.3844675538229
1;0;4;184.98;903;41;89.6030069355024
1;0;4;181.56;168;55;80.9479451836222
0;0;3;157.56;112;45;61.7205693142969
0;1;4;159.57;-175;55;65.0450993693149
1;0;2;168.03;700;44;81.3343847725052
1;0;4;180.62;-644;65;76.8383799474171
1;0;3;167.73;224;56;80.395674651948
1;0;5;167.64;378;51;64.2648135796461
0;1;1;161.56;-847;47;72.8442714147962
0;1;3;161.97;252;62;70.1770212236892
0;0;4;161.47;392;43;64.5479932430868
0;1;2;154.41;-1008;64;48.4536867672288
0;0;3;156.67;546;46;63.9188289846155
1;0;1;172.6;210;58;76.3442883554882
1;1;5;182.68;63;63;88.4579904481287
1;0;2;171.06;-266;47;74.0023434923041
1;0;4;175.79;749;56;78.0030383340653
1;0;3;166.67;133;62;68.335747862143
1;1;2;168.28;-196;69;79.2299104530503
1;0;6;186.33;-217;45;75.5129375134908
1;0;5;176.34;952;61;78.8191219501962
1;0;0;184.78;336;0;81.7876209551831
1;0;2;166.61;441;54;69.2972725098827
0;1;3;147.67;-679;63;42.5350589891384
1;1;6;181.4;-1148;72;77.8954819951856
0;0;4;166.9;-1239;40;63.3698665953828
0;0;2;158.16;7;43;62.6146426868466
0;0;2;165.28;287;42;73.8143997804063
1;0;6;167.88;-476;60;64.8277324227173
0;0;4;154.49;-511;46;55.1391584792551
1;0;1;177.72;686;65;84.3304633446303
0;0;3;166.04;-98;55;68.5774176813045
0;0;4;159.23;126;43;63.5634861068003
0;0;0;166.17;1183;0;67.1738559712324
1;0;6;183.56;364;56;84.6292041003322
1;0;3;172.53;-133;58;70.4205431767212
0;0;0;155.21;217;0;67.8322272804847
0;0;1;141.91;-490;53;54.7369660772715
0;0;2;166.23;-217;41;61.0062703484441
0;0;4;169.65;-49;40;73.4231039628895
1;0;3;184.03;1183;56;85.8664907010487
0;1;0;161.16;77;0;75.5471068542914
1;0;6;179.45;350;73;77.5519756180691
1;0;3;172.41;896;66;71.4977202157572
0;0;1;170.58;28;45;71.1848847518705
0;0;1;163.96;-259;45;66.4081410658352
0;0;4;159.72;385;35;65.6411094078264
0;0;4;162.18;231;46;58.3000478267612
0;1;0;161.56;-819;0;67.0052649562956
1;0;3;177.24;322;51;76.9122972410142
0;0;3;155.3;651;49;63.3479211836592
1;0;1;163.56;301;54;70.7220290000867
0;1;3;174.53;-819;67;69.395477377145
0;1;0;158.79;616;0;55.1916391561187
1;0;2;185.08;-77;61;77.7531394592754
1;0;4;183.63;84;61;86.5366623393562
0;1;0;159.82;-1148;0;55.5395181721946
0;0;1;163.86;903;44;74.1453885543699
1;0;4;190.1;-427;63;86.2105281328503
0;1;1;158.46;-714;60;59.5555666619892
1;0;3;171.01;1260;50;78.2655120136139
0;1;3;158.01;133;60;57.3806612643808
0;0;2;161.27;686;47;68.4086845839265
1;0;3;177.05;49;56;71.0341833139384
0;1;4;157.29;-1246;70;52.1731415998023
0;1;4;159.02;-1393;79;51.0499661176991
1;0;5;166.67;287;56;78.0905663632939
0;0;0;162.26;980;0;57.477395006133
1;0;5;173.37;672;54;74.4864443333018
0;1;2;163;-238;69;70.1544315133538
1;0;5;168.5;392;57;65.2344519022076
1;0;6;177.06;-490;59;72.239022827717
1;0;5;180.56;714;50;79.6409161044986
0;0;0;169.41;-140;0;74.841439445742
1;0;1;171.94;847;60;87.7105517764123
1;0;1;187.32;-56;56;87.6383116032108
1;0;3;181.08;630;72;78.4950289709338
0;1;0;172.55;-1148;0;72.373147192693
1;0;5;172.63;-119;48;75.3098499572641
0;0;3;163.1;-56;51;64.097043351729
1;0;5;175.68;665;39;81.8453831585931
0;0;1;172.42;938;52;82.28024956386
0;0;0;168.47;35;0;62.6710369498344
0;0;1;154.27;238;46;55.8516124484775
1;0;3;176.9;-1092;45;80.3101793440649
1;0;0;175.03;462;0;74.6736060902239
1;0;2;177.96;574;53;76.4222647028864
0;0;1;160.66;420;40;75.372801640682
1;0;0;178.55;-168;0;79.2582531538959
1;0;3;177.5;686;63;84.131672929441
0;1;1;163.25;-1211;50;57.5252689518264
1;0;2;175.36;-91;44;75.0144862551591
1;0;5;177.93;-462;65;78.0167449066901
1;0;4;170.98;455;44;77.4451780016873
1;0;5;180.13;-287;60;89.3233675695403
1;0;1;178.63;476;57;79.4682762561868
0;1;3;169.18;-1386;67;60.5174884991887
0;1;2;170.35;-609;61;81.5229867782087
0;0;4;160.93;903;39;70.2349958020123
1;0;5;172.46;-525;49;67.7686898736083
0;0;2;158.72;1323;42;65.6190402620204
0;1;2;168.16;49;58;66.2495685849268
1;0;3;176.67;1428;57;78.1581429881448
1;0;0;177.27;1036;0;81.5850510420542
1;0;3;173.4;0;54;86.8246599882533
0;1;3;159.01;-518;52;51.0386703337479
1;0;2;173.27;245;47;77.6302184014402
1;0;3;186.64;98;49;89.9984202156295
0;0;4;158.22;469;39;64.3166323752419
0;1;0;151.37;-882;0;50.7547004389066
0;0;1;154.39;777;38;60.8871653046462
1;0;1;166.11;7;57;69.9428296553629
0;0;3;160.84;959;49;59.6239253029189
1;0;4;188.58;91;65;94.199810900668
0;0;4;168.96;-357;45;70.1025641748484
0;1;3;158.58;-1456;65;53.2684825817695
0;0;4;173.11;609;48;67.0866205094514
1;0;4;161.37;-91;52;70.217728107718
0;0;0;151.87;231;0;51.8304400208515
1;1;4;186.79;-168;68;86.6196807805155
0;1;0;165.12;-1134;0;64.0520897275896
0;1;1;167.29;210;60;82.5629470853021
0;0;0;157.14;-77;0;66.0724111996899
0;1;3;162.87;518;63;67.8176800880777
1;0;2;175.49;49;63;80.0133177247417
0;1;3;162.44;-301;52;65.1396452547963
1;0;0;175.43;938;0;80.9343038939825
1;0;4;180.13;-623;64;74.8942866321017
1;0;5;162.55;511;49;58.857884550117
1;0;2;177.16;756;54;84.6801119287303
1;0;6;168.71;7;56;82.4800299973758
0;0;3;162.09;-42;50;67.8616253249464
0;0;0;155.41;1484;0;59.3977895634829
0;0;1;153.71;791;35;65.4671261512776
0;0;2;168.13;7;49;66.7493773065637
1;0;5;185.27;-343;47;84.1310307909827
0;0;2;173.73;-665;42;65.3824611455091
0;1;1;162.98;-2457;56;58.5453777104401
0;0;2;161.79;203;45;66.944581647262
1;0;5;171.93;315;45;78.9442645671747
0;0;2;152.17;1050;47;55.0462453079913
1;0;0;174.47;-196;0;73.6824726162729
0;0;4;163.61;-343;48;67.5285805836817
0;0;1;152.37;364;42;56.6488310441172
1;0;5;180.12;1386;57;87.7935061207791
1;0;3;167.45;280;52;73.4106022805947
0;0;0;156.07;364;0;64.0673097565806
0;0;4;159.1;-56;45;64.4106525811588
0;1;2;167.81;-707;71;64.2144622941917
0;0;2;151.87;483;45;58.2212624851236
1;0;0;173.46;336;0;88.1531150650016
0;0;1;155.01;189;46;55.3541910765567
0;1;1;164.47;259;61;69.0884603458937
0;0;1;149.83;21;45;52.4346035671527
1;0;4;165.77;-322;43;65.7325183326299
0;1;3;156.2;-1435;63;57.1293785991837
1;0;5;182.52;714;51;88.6287771706866
1;0;6;162.88;-1036;52;67.5835183277277
1;0;2;175.74;609;56;77.1224685596935
1;1;5;180.83;-357;69;81.2410026832857
1;0;5;178.16;987;53;78.0033211002948
0;0;4;171.85;-14;50;74.8591692670635
1;0;3;180.32;112;62;80.0124513744643
0;0;3;155.96;203;41;58.1567837703821
1;0;2;174.91;245;56;79.5832218225657
0;1;3;150.12;-1680;51;54.7799087807799
1;0;2;177.77;1015;49;74.7910990891709
0;1;4;154.16;525;59;63.9947038916637
1;0;5;170.3;-385;63;72.4319481203199
1;0;5;171.49;-56;42;79.3000773192951
1;0;4;179.83;658;50;75.9966136558875
0;0;4;166.85;259;42;61.2214417576507
0;0;3;164.41;651;57;59.1936068337978
0;0;1;156.55;595;49;58.7248580172055
1;0;0;166.61;658;0;75.3926037333698
0;0;0;142.27;1008;0;53.7432720077265
0;0;4;166.56;553;38;73.1559150597644
0;0;4;157.89;623;53;58.7841420497247
1;0;1;164.24;1029;53;72.6299388180048
0;1;0;159.49;-2100;0;60.505287217892
0;1;1;155.42;245;61;60.6645437476646
0;0;4;151.34;1204;37;57.3245905829061
0;1;0;158.41;-2954;0;57.6630525160307
0;1;1;162.61;-252;51;54.2409887479191
1;0;4;170.53;-133;44;78.5692511723845
0;0;3;169.8;-266;50;76.188227850218
1;0;2;169.88;-175;52;71.5235952614878
0;1;1;162.69;-1449;53;62.7120606591343
1;0;1;179.28;1694;43;81.2491291569325
1;0;4;184.28;777;55;81.144902553373
1;0;6;181.08;-91;54;84.6343836358118
0;1;3;162.91;21;64;63.608796313595
0;0;2;156.58;1351;43;67.2638554908612
1;1;6;192.4;-1253;86;85.2422700503783
1;0;5;180.81;98;57;82.6592740730811
1;1;1;169.17;-924;67;67.1626942324288
1;0;6;172.33;322;59;68.4166167271189
0;0;0;158.51;1253;0;74.3757689615138
1;0;5;168.28;-455;59;68.3523160559939
1;1;0;181.47;-532;0;94.4360077623954
1;0;1;181.4;1106;62;85.6771120997364
1;0;6;177.68;-49;50;81.9310868900186
1;0;3;168.43;441;56;73.240212922102
1;0;5;174.25;448;59;73.899927667852
1;0;2;189.41;707;50;80.5033117228864
1;0;2;173.4;525;51;76.583735651816
0;0;1;157.28;728;52;58.3268964145195
1;0;0;180.19;-189;0;86.0394280440094
1;0;0;176.64;784;0;74.9093747229776
1;0;4;175.01;133;51;75.7952154613628
0;1;4;160.02;-1169;65;58.4563249633529
1;0;0;168.07;1253;0;82.5829056793364
1;0;2;192.75;875;65;97.8767815832418
0;1;2;162.01;-2625;59;56.8419749015038
0;1;3;172.1;-791;52;65.7650988259664
0;1;4;171.07;70;58;77.1398068077618
0;0;3;172.14;35;38;66.4457139847385
1;0;4;182.05;672;54;82.5336162134792
1;1;4;174.97;-2128;78;72.4309450195594
1;0;0;170.79;966;0;83.3179859854908
0;0;0;171.28;609;0;75.6922249234402
0;0;4;169.89;427;51;71.5963403704371
1;0;3;175.38;28;58;82.4282609193642
0;1;4;164.83;-399;50;66.546763193592
1;0;6;180.9;917;63;85.2693991004309
1;0;0;175.58;693;0;81.2459581828144
1;0;4;171.83;56;67;75.7886078088907
1;1;5;181.65;-2016;73;83.4403000190981
0;1;2;167.02;280;62;75.0555135330654
0;1;4;150.26;-1617;50;53.393310585393
1;0;4;178.21;420;45;90.1666127742306
0;1;2;160.01;-588;54;60.6206196334645
0;1;3;162.6;-1316;70;69.1983924507702
1;0;6;173.11;259;62;74.4787819829131
0;1;2;170.94;-1484;73;76.5670108783995
0;1;4;159.8;112;59;62.3299038818743
1;0;0;174.17;1260;0;73.7194967066547
0;0;2;164.32;581;39;65.8516615427521
1;0;3;166.49;784;54;81.1821808115107
0;0;3;171.97;-350;42;61.4059020927
1;0;2;168.89;70;49;71.6133401365215
1;0;6;175.41;-714;58;84.3041593801317
0;1;1;162.9;-21;53;61.8658254787806
0;1;0;165.24;-2170;0;69.9671796299452
1;0;6;174.42;504;61;77.7732994038957
0;1;1;172.74;-483;59;68.2116789125838
0;1;2;158.54;-308;57;59.6210390790184
0;0;0;162.94;217;0;53.8896728878646
0;0;0;160.37;21;0;65.4949646660585
1;0;6;179.57;329;43;82.1859035642016
0;0;2;166.17;-147;45;73.5970301462842
1;0;2;175.06;133;51;75.6433291628522
0;0;2;160.86;371;37;63.6771640503061
0;1;0;172.01;-308;0;65.8603007251633
0;1;1;160.65;-938;66;59.4179783857529
0;1;3;166.81;392;62;71.9132904230707
0;0;4;150.76;581;34;49.925748483722
1;1;2;181.68;-546;54;80.6080863204172
0;0;1;174.95;700;36;73.7927596535686
1;0;5;171.92;-392;51;83.5421760518343
1;0;3;168.5;-56;41;83.8731916402419
0;0;4;157.27;1232;44;57.71993808477
1;0;6;172.98;539;57;81.6106600762553
1;0;5;174.1;-665;61;75.0853802419161
1;0;5;175.34;336;52;75.2711793846189
1;0;2;181.78;-413;48;85.4442708122598
1;0;2;165.53;301;61;70.7701738053781
1;0;3;170.93;133;44;79.0522309242814
0;0;4;165.5;966;44;60.01336016727
0;1;1;152.88;-161;51;59.6592314057354
1;1;1;178.84;-1687;74;76.143495154902
1;0;0;189.73;854;0;95.4351673888353
1;0;1;171.76;581;58;72.9139590103647
1;0;1;184.18;-301;48;80.6466269930399
1;0;5;175.25;273;54;83.3694659632202
0;0;1;163.59;294;51;60.9766922742142
0;1;4;163.22;-728;59;61.7384631670036
0;1;0;162.86;672;0;62.6127249597901
1;0;0;165.4;546;0;74.3045180925569
0;0;3;174.28;707;51;78.790502847851
1;0;3;168.6;-644;48;76.5035718692282
0;0;1;164.66;1505;40;67.815320360118
1;0;2;178.94;504;61;80.1186579738244
1;0;5;168.22;56;43;82.7355449435689
0;0;1;162.06;1309;39;63.3332702295565
1;0;2;169.67;-392;59;74.1389173540638
1;0;3;176.18;1183;55;87.6411460772149
1;1;3;179.32;56;78;80.7872262491503
0;0;0;163.97;-420;0;75.8282970664164
1;1;4;174.01;637;85;73.5827188796548
1;0;6;180.35;301;53;83.1533715197208
0;1;2;158.17;-154;53;64.4108158518633
0;1;2;157.96;-1827;49;60.5957156731915
1;0;5;175.06;-287;59;72.2252939831575
1;0;4;164.9;140;60;72.5793853715281
0;0;3;152.35;329;40;51.82033326608
0;0;1;158.42;588;36;66.4872615536725
1;0;3;181.74;1064;45;91.3911190206733
0;0;0;162.32;609;0;62.8844609565739
1;1;1;178.95;105;69;71.7756904937117
0;1;2;161.79;-728;60;46.4228327797639
0;0;4;161.62;1400;48;59.6943426489547
0;0;3;161.2;371;49;64.5973294040273
0;0;1;146.89;924;43;46.9312378350478
0;1;4;172.08;-147;68;68.4955933300632
0;0;3;160.98;567;47;54.1880658854351
1;0;4;169.44;-119;56;81.404763262621
1;0;1;181.23;994;58;78.2506978542216
1;0;1;177.67;798;50;83.4259094350575
0;0;3;168.4;-462;41;66.6319071517655
1;0;4;179.75;-21;61;76.5644258639416
0;1;2;168.36;-294;49;74.7075334083847
0;0;3;166.92;1106;48;64.1966781827521
0;0;2;157.6;1204;52;67.3239807740853
0;0;1;165.97;350;39;72.0197263708454
1;0;6;179.32;630;62;79.6892989061684
0;1;2;162.93;-2079;54;59.3487038409431
0;1;0;161.4;-14;0;62.0380017352918
1;0;4;178.19;28;53;76.1290008721616
0;0;3;164.5;-56;48;66.1270004525816
0;0;0;166.23;-427;0;63.2035386494243
0;1;0;143.87;-2030;0;41.7993086310608
1;0;3;169.97;840;47;76.3902059495577
1;0;5;166.79;-175;44;75.9376720068689
1;0;2;173.63;-7;49;86.8030564265405
1;0;4;172.36;693;59;74.5271238573222
1;0;6;175.34;903;63;84.823615027646
1;0;2;169.55;-84;53;72.9949407097968
0;0;2;172.29;-70;38;68.6384924410067
1;0;2;186.87;-217;54;82.5747645068992
1;0;3;170.83;784;50;74.3472844379145
0;1;4;171.34;-210;61;79.8779313194289
0;0;3;161.53;434;49;72.3777326102794
0;0;0;161.8;1099;0;64.5927130440384
1;0;2;169;385;61;81.0153595795203
0;0;4;176.56;-70;50;75.603309121209
1;0;4;179.66;266;53;85.0635228708867
0;0;3;159.76;357;43;60.7100242842638
0;0;3;153.18;1134;37;58.1482713687589
1;0;4;170.18;-21;52;66.4706748135182
0;0;0;158.39;826;0;64.5797438452554
0;1;2;160.55;420;65;75.7280692011694
1;0;3;170.21;609;52;76.7173385812664
1;0;6;162.58;735;57;58.312221244595
0;1;2;182.12;-105;48;83.2427462315169
1;1;2;182.33;336;70;74.7869506362413
0;1;1;156.2;-854;63;50.5324642307817
0;0;1;171.51;-7;42;70.0129175098041
0;1;3;149.55;273;59;58.1942211860755
0;0;0;169.78;504;0;75.6869969979437
0;0;3;162.97;322;39;66.9616671967631
1;0;3;173.02;413;65;79.4560100314143
1;0;2;175.14;-777;50;69.3607487958698
1;0;3;176.98;406;60;86.3063471136171
0;0;0;161.21;490;0;60.01222896907
1;0;1;173.9;189;54;76.9390871651485
1;0;3;184.32;308;63;84.6707286192161
0;1;4;162.52;-224;56;59.9826200195221
0;1;2;159.91;-322;49;68.4057020064642
0;1;3;164.34;133;73;63.9222785339796
0;1;4;152.88;294;59;49.5426384045996
0;0;1;159.51;1316;54;63.6679532163792
1;0;6;185.95;889;58;79.7621091754137
1;0;3;161.13;217;51;68.0891207461148
0;0;1;171.4;49;47;79.6861467307913
1;0;3;174.95;581;53;84.6380447564266
0;1;1;153.62;-1190;52;58.2905598995605
0;0;0;159.76;777;0;68.9361765740908
1;0;6;175.76;679;56;84.8673803511905
0;0;0;167.94;-448;0;70.3310644698351
0;0;3;170.93;889;38;77.5781198044841
0;1;4;158.65;35;48;58.5891391672752
1;0;3;173.99;679;59;79.5476987682056
1;0;1;176;1113;51;81.1752169506489
1;0;1;188;-259;51;90.9118403088239
1;0;2;179.61;49;47;74.5712296373658
1;1;0;182.06;-343;0;80.4944883560455
1;0;3;156.98;-84;54;62.7164529480006
0;0;1;164.31;1211;43;62.4380257000684
1;0;3;169.93;182;43;73.0266654144343
1;0;6;168.21;140;61;71.3591697675468
0;0;2;171.02;140;46;69.9494380753935
0;1;4;169.9;-910;69;67.2327819373788
0;0;1;142.6;1512;53;55.0411702738461
1;0;6;175.39;1281;57;69.9154180995745
0;0;3;146.46;483;51;47.4595680376407
0;0;4;162.71;-595;44;63.3940889819036
0;0;1;166.83;378;46;76.6564151243744
0;1;0;159.76;-868;0;55.9557485181653
1;0;6;183.31;28;46;75.3984124889891
0;1;4;159.44;-1008;50;55.8590307267844
1;0;2;162.55;1449;58;62.8183561099074
0;0;2;170.11;1043;46;68.1424295126017
1;0;4;177.18;7;65;79.0728371968712
0;0;0;140.34;-28;0;46.6013560620604
1;1;4;185.12;-770;66;77.2048578561963
1;0;6;156.54;434;59;69.7527288407533
0;0;1;153.46;1113;49;59.2032490703255
1;0;1;189.32;-112;58;88.0319573916582
0;0;4;164.09;-889;34;60.9029886415678
1;0;4;183.81;-406;54;80.343384566074
1;0;5;181.25;483;55;84.1311922188111
0;1;1;158.38;-784;49;63.4499098205845
0;1;1;155.82;203;56;68.6895052953274
1;0;1;177.16;336;39;79.4717382848859
0;1;4;177.33;-119;66;84.7576975814914
0;0;1;174.97;56;49;89.4840259084004
1;0;6;180.69;-455;61;76.6069750721858
0;1;4;159.73;-287;62;55.4830685622503
0;0;1;170.66;434;44;65.7133404711832
0;0;4;164.68;98;42;66.6563079552975
1;0;4;172.63;-77;54;65.6663336102491
1;0;2;170.75;959;53;83.2535659828909
0;1;2;162.77;-994;61;67.1422285986574
0;1;4;163.93;441;50;82.6097162482716
1;0;1;174.45;-140;49;79.2234614854543
1;0;3;180.74;49;56;80.1479754581049
0;1;2;165.49;-889;50;66.0497632736424
0;0;3;161.33;28;49;62.1511744586279
0;0;0;156.68;392;0;71.8112183894601
1;0;4;175.55;1043;63;77.233083984112
1;0;1;188.07;350;68;96.0027615338088
1;0;3;179.18;-196;48;80.483781208334
1;0;4;181.95;147;50;84.4402322818172
1;0;5;180.71;63;57;76.3488119412922
0;0;0;167.84;252;0;68.823703424808
0;0;0;167.1;-427;0;66.794689877464
0;0;3;151.8;1127;49;66.393685873618
0;0;3;166.86;35;40;66.5287792628677
0;1;4;173.15;-63;55;66.3295861623696
1;0;6;179.56;595;72;86.3241968918914
0;1;3;155.28;-980;68;61.4812397704011
1;0;1;164.2;126;45;65.5928516325958
0;0;3;164.87;1134;37;72.0592526193976
1;0;0;184.05;609;0;78.9344435498824
1;0;0;179.11;434;0;83.4609642920378
0;0;2;167.45;259;53;69.2355926535195
1;0;6;184.58;595;67;83.8090943403829
0;0;3;180.77;-735;47;71.4164261718591
0;0;4;158.89;49;45;63.071764249033
0;0;0;168.91;574;0;69.8433912488224
0;0;4;173.84;455;36;83.235787038402
1;0;1;177.62;-182;48;80.2146360498005
0;1;0;150.17;-469;0;54.3661213005677
1;0;5;168.51;-105;60;66.5501395729094
0;1;4;170.49;-266;52;72.269616706018
0;0;4;147.59;357;44;55.3427464940233
1;0;0;183;-1127;0;76.8335440973072
1;0;1;170.78;434;65;66.8792113984972
0;0;4;157.85;651;46;69.6681124486145
1;0;4;181.07;756;48;83.0134714630185
0;0;2;170.34;1470;45;69.0438799923987
0;0;1;157.34;-756;51;58.5255558988407
0;1;3;165.07;231;55;61.5607771050567
1;0;5;168.63;301;56;71.366128937198
0;0;1;159.87;749;43;59.1289017234189
1;1;4;180.17;-560;68;92.6391355834079
1;0;1;168.54;434;57;71.4177839938268
1;0;2;180.21;-112;65;90.2207062956567
1;0;3;173.63;868;52;77.9240967033487
1;0;4;185.33;-14;54;88.2457401616008
1;0;3;178.25;91;49;72.8035332074022
0;0;1;157.81;-329;39;49.4028731278861
0;0;1;150.79;-385;53;54.1529525522852
1;1;4;170.99;-917;81;72.7657411201064
0;1;4;154.81;-539;52;67.0560326774934
0;0;2;178.09;812;42;79.6458859548493
0;0;1;169.42;462;45;70.2120443389461
0;1;4;153.62;-406;75;59.9755263612014
1;0;0;170.62;-119;0;62.3537617872661
0;0;1;152.27;497;43;64.0761190235967
1;0;6;187.77;-175;42;84.2946228354147
0;0;0;160.22;-497;0;72.2097499527428
1;0;2;185.03;1491;63;93.3095870732306
0;0;2;159.2;231;47;58.4214087308512
1;0;1;183.88;392;51;85.0236794984322
0;0;2;173.56;672;40;71.114800602651
1;0;2;196.68;420;60;95.8369723251038
1;0;1;172.74;189;40;66.4045796737438
1;0;6;173.5;819;52;74.3413710286313
1;0;3;182.38;868;55;87.6778109794469
0;0;3;162.92;175;43;65.7919857662525
0;1;0;173.13;203;0;75.7075590075761
1;0;4;184.9;-581;51;87.6310806237684
1;0;2;172.42;-427;41;71.8781133440725
1;0;6;169.08;532;62;68.9290733734169
0;0;2;151.94;294;42;62.0351216418024
1;0;1;184.09;-84;54;90.2283279436749
0;1;0;162.82;-1274;0;60.2438001156659
0;1;4;161.25;-1589;75;62.0798051133259
0;0;1;165.51;77;39;62.1969438502442
0;1;0;153.77;-791;0;54.5716267950815
0;1;4;165.1;-1218;63;57.5465042480361
1;0;4;180.55;-245;62;80.1265932171479
0;1;0;163.24;-1302;0;62.8596915016972
0;1;4;147.2;-714;62;52.2129140675612
1;0;5;174.51;42;62;89.1933014774329
1;0;6;174.97;273;56;79.3316936757287
0;1;0;150.87;-511;0;54.049513205676
0;1;2;163.08;-1253;56;60.9642819579362
1;0;1;173.35;91;65;80.7272851905261
1;0;3;181.69;315;63;89.5786335109726
1;0;3;166.43;1092;52;67.6637951418141
0;0;0;164.14;-749;0;68.2558673049829
1;0;4;177.81;91;57;80.5800831857173
0;0;4;170.9;-182;45;72.8506001215715
0;0;4;165.87;889;43;64.4111685167824
0;1;2;169.19;-294;72;75.0024502382398
0;1;4;149.6;-1638;60;52.309360355417
1;0;5;164.34;574;63;72.9927910739255
1;0;5;171.54;189;67;71.0706818124097
0;0;4;166.28;868;43;76.5264157744649
0;0;2;152.85;679;39;53.7374204273996
1;0;1;168.72;98;51;76.8275399841087
1;0;5;173.07;532;60;75.2749401525072
0;1;3;163.03;-910;66;66.9484123972626
0;0;0;151.27;1225;0;54.5601530000643
1;0;3;176.71;203;42;82.8446456704089
0;1;2;164.22;-1792;47;57.6512210293835
0;1;2;164.79;-1750;53;65.491138949982
1;0;0;188.04;595;0;96.1048684894864
0;1;0;163.46;-336;0;64.2917809742634
0;0;1;166;-637;43;63.2929837516562
0;0;3;159.12;987;39;61.1747114466768
0;0;1;153.63;210;49;59.5003599819533
0;1;1;165.34;392;66;73.289997869357
1;1;1;171.98;-959;65;76.9490896980472
0;1;4;158.81;490;56;65.084372666073
1;0;6;175.29;70;64;84.2557846037912
1;0;0;172.88;1015;0;75.7799730751172
1;0;3;179.03;140;63;75.5602864017575
0;0;4;171.9;-595;37;64.1827268251752
1;0;6;178.88;805;49;75.4518079407321
0;0;4;162.8;189;38;63.6210488372259
1;0;1;171.31;357;55;72.7363495121136
1;1;0;163.87;399;0;69.7231730868032
0;1;3;145.99;-1113;61;44.8118491620785
0;0;4;161.2;133;50;72.7191968648814
0;0;3;164.65;-581;35;63.7704082548462
1;0;3;172.14;679;44;81.9265769298074
1;0;1;173.84;497;63;73.3153431394194
0;0;1;169.44;441;45;71.5833255497408
0;0;3;167.96;980;43;71.3596918546748
1;0;1;170.58;371;53;72.7091336501841
1;0;3;172.55;798;63;83.6107105097197
0;0;3;156.59;-1071;42;59.5481759295745
0;0;4;156.31;1183;46;60.1665754126243
1;0;4;164.3;441;49;69.3969154995892
1;0;3;174.17;413;59;75.1507533833179
1;0;2;172.34;819;56;78.9917993111502
0;0;2;157.91;-287;45;51.4099249081433
1;0;5;172.01;847;56;76.9160723962278
1;0;1;178.5;511;57;81.1653207588456
0;0;0;157.98;98;0;64.9202967309468
0;0;3;172.12;-203;38;75.1197608167423
0;0;4;158.22;602;54;67.6945425476398
0;0;4;158.8;672;42;62.3371114492507
0;1;3;153.4;-385;58;58.4292879273261
1;1;6;167.05;-511;70;65.5493934984755
1;0;6;184.1;588;56;82.1962646806024
0;1;2;171.03;-2394;61;68.5548807270788
0;0;4;160.2;434;37;65.8661856505387
0;0;1;156.9;441;47;74.6246340766192
0;0;0;159.09;889;0;71.4032711035085
1;0;2;179.99;-413;46;92.776878639391
1;0;2;169.72;581;51;72.9301784611948
1;1;2;169.82;-1722;71;74.7711446178278
0;0;0;144.49;-329;0;45.6656047910246
1;0;5;166.08;-133;51;84.6224715098495
0;1;4;166.56;-658;79;61.5385748448403
0;0;1;159.08;504;51;58.3118672595923
1;0;6;165.31;161;61;68.1354673621533
0;0;0;141.9;609;0;47.7290052289688
0;0;0;164.8;1064;0;67.606427107219
1;1;0;167.1;-1197;0;63.4235296593663
0;1;3;157.49;-784;61;51.2788182097904
0;0;4;158.84;784;58;61.3489908637862
1;1;5;174.41;-602;67;70.6215156959699
0;1;3;161.22;-1722;62;62.7087005263577
1;0;5;178.61;-595;50;85.1173561808737
0;1;2;172.89;7;69;75.2545144169166
0;0;2;154.14;-952;42;58.9069827422183
1;0;4;180.14;-91;59;85.8672389779021
1;0;0;166.34;1211;0;72.3600742029039
0;0;4;171.88;-931;49;72.5753983856989
1;0;3;181.65;238;58;81.3850287371106
0;0;2;166.01;217;31;78.3289479556133
1;0;5;173.67;546;52;69.1718895083155
1;0;6;184.65;1141;50;81.3318440168386
0;1;3;171.72;-959;57;77.7259144481252
0;1;0;152.23;-1715;0;42.4914036746154
0;1;0;163.01;-637;0;69.5238886117509
1;0;3;172.69;840;50;75.6180135907524
0;1;0;163.41;-350;0;65.83030837312
0;0;0;178.08;189;0;82.2395966720253
1;0;5;172;112;50;77.3451194084455
0;0;2;162.05;147;47;62.3742366984863
1;0;0;163.64;805;0;66.1192694308522
0;1;3;170.21;-1036;58;71.0705718019589
0;0;0;157.15;-511;0;58.920059940445
0;0;2;168.38;518;42;70.3212314359096
1;0;0;153.87;945;0;59.3776175853305
1;1;4;170.74;-1393;74;70.5178729098374
1;0;6;169.08;1484;45;72.2097499417515
1;0;0;171.12;-56;0;76.4584206436533
1;0;6;169.08;-294;48;68.8886285172131
0;1;3;142.83;-1113;66;43.7306417522089
1;0;1;181.27;-357;53;89.4812157150006
0;1;2;163.82;-756;59;59.5506458458264
1;0;2;176.13;525;68;78.2782402746457
0;1;0;166.04;-840;0;68.4607238121065
0;1;4;156.53;-1092;70;56.551510914141
0;0;4;166.66;434;43;69.3174616362382
1;0;3;164.85;686;59;74.9509781959153
0;0;2;150.41;-672;50;51.6373653306282
1;0;2;180.75;497;44;84.2916687545425
0;0;4;151.85;-98;50;58.1655334186805
0;1;1;155.98;-350;55;54.7788755250144
1;0;1;185.26;126;61;82.9931490644248
1;1;4;186.35;42;80;89.9681194733414
0;1;1;161.31;-1477;59;53.9551945871917
0;0;0;163.12;1057;0;70.8240498493419
0;1;1;155.32;-455;58;57.0631960411295
0;0;3;146.5;1036;48;60.1834885113251
0;0;0;155.37;-28;0;59.0659609851985
1;1;6;180.69;-1211;71;81.816939329592
1;0;2;170.86;903;44;80.563422583585
0;1;3;155.27;-1407;62;61.1002918343536
1;0;4;160.75;630;50;80.8291581505989
1;0;3;164.77;518;51;78.7007781819069
1;0;2;171.16;182;62;68.6745756240637
1;0;5;169.59;1386;53;69.5167998272701
0;0;2;170.94;154;46;69.5796556617889
0;0;1;163.21;203;45;66.3651961660778
0;1;2;164.72;-294;56;62.9167142241039
1;0;4;177.97;161;65;78.9631624198949
1;0;4;173.5;679;65;78.7773025011677
0;1;1;161.06;-84;57;55.9298341263357
1;0;3;178.11;469;43;88.6397213582122
0;0;2;150.57;945;45;49.9636959749686
0;0;4;160.79;1540;43;63.9680684422307
0;1;0;166.02;-784;0;74.7074206098228
1;0;0;173.32;140;0;72.8030698864845
1;0;0;193.23;420;0;98.9106478493257
1;0;2;171.31;917;53;81.3628164591454
1;0;1;180.68;693;49;89.1717972989027
1;0;3;186.84;7;65;84.545120411262
0;0;0;167.52;28;0;62.8164805596688
0;1;1;171.24;-1491;63;61.6131157329118
1;0;1;180.27;-609;55;84.9119382969762
0;0;4;157.52;497;42;58.1043039838098
1;0;6;184.6;896;47;91.35192237856
1;0;2;168.35;931;53;74.1273773279003
0;0;0;159.01;1176;0;65.1920690628773
1;1;5;178.51;-574;64;69.961315597057
0;0;0;165.43;623;0;67.9964763914714
0;1;1;165.26;441;57;67.6303755363871
1;0;4;180.08;567;56;82.2107420277124
0;0;4;166.89;665;51;70.2831677499196
1;1;1;179.59;-1484;62;81.3279724658042
0;0;0;163.27;-560;0;73.0702159029473
1;0;0;174.56;175;0;78.8760585646677
0;0;3;174.54;448;43;69.9793251496407
1;0;2;174.73;777;59;84.2176549263126
0;0;0;154.74;812;0;56.9749743853237
1;0;5;171.97;1057;57;83.835435369117
0;0;1;161.69;1295;46;64.7164406013034
1;0;4;165.03;770;68;74.9232342338646
0;1;0;159.63;-63;0;63.7847833032351
0;0;3;156.27;259;49;63.4803439264493
0;0;0;155.2;-371;0;59.9265317738816
1;0;3;164.62;245;53;70.6711034436689
0;0;3;158.76;1463;51;58.1877378556746
1;0;5;174.31;707;49;79.9989282035678
0;0;3;168.8;231;44;69.171309119072
1;0;1;172.14;357;64;73.4483040343626
1;0;2;172.45;714;45;78.1949086998453
1;0;1;177.56;-35;54;76.627933918431
0;0;4;172.23;-336;44;58.6998821935623
0;1;4;161.53;-1379;60;57.4903642041156
0;0;1;167.39;483;39;69.6113590002056
1;0;6;164.93;161;36;74.6243422730004
0;0;2;161.94;-42;54;62.3881732113206
1;0;1;184.73;-182;39;90.3701502963734
0;0;4;173.23;-98;51;71.6778945682536
0;1;1;165.34;-1484;79;64.3718918175558
1;0;2;165.49;1064;58;80.2934454416061
0;0;0;160.51;385;0;68.0637023351791
0;0;4;154.55;805;54;59.6489541501484
0;0;1;163.69;406;36;67.2606870685731
1;0;1;184.49;161;64;84.9738942326669
0;1;0;167.18;-1442;0;66.0787230094972
1;0;1;168.31;-49;54;73.716492119601
1;0;1;167.99;819;51;77.8072728921035
1;1;4;190.72;-1043;69;92.3851778795243
1;0;4;177.57;581;45;80.9642818239568
0;0;0;161.88;651;0;69.5701778039842
0;0;1;169.46;462;45;74.9553449338189
0;0;1;170.22;441;49;64.5495279136592
1;0;5;165.32;784;49;57.7192216909994
0;0;0;156.9;49;0;66.2438466754231
1;0;1;175.11;231;59;67.7547569586954
1;1;0;181.87;-630;0;75.9558503888578
0;0;0;170.75;140;0;70.8487588655346
0;1;0;165.91;-868;0;58.0970739681674
1;0;0;172.67;581;0;75.7452841162151
1;0;0;173.66;518;0;78.3476543661179
1;0;5;177.97;413;57;84.1673744178464
0;1;2;160.94;-2009;58;61.0425246054318
1;0;2;176.4;280;49;86.0966582015501
1;0;5;172.73;385;59;70.0520057197837
0;0;4;157.26;-287;51;59.8596009270643
1;0;3;184.18;98;48;84.9522293336849
0;1;1;169.46;-574;61;72.5943000875907
0;0;0;157.42;728;0;60.8537761781275
0;1;0;160.5;-1953;0;63.902571032422
1;0;5;181.71;686;66;84.3209618537201
1;0;5;170.6;112;54;76.8867223455377
0;0;4;157.79;826;41;71.5435922078923
0;0;3;163.29;0;40;59.4919130953427
0;1;0;151.35;-532;0;62.1746642941802
1;0;2;165.25;1155;50;81.563775689194
1;0;5;176.21;-497;54;87.0552864607297
1;0;6;169.03;-56;59;68.2895291315458
1;0;5;170.99;-637;72;72.6180906950445
0;1;3;154.84;-1519;69;63.8190785833737
1;0;3;167.2;994;52;71.2102605490181
1;0;2;177.88;70;57;78.6023677506841
0;0;3;173.68;-784;43;73.5990833696467
0;0;3;170.65;-21;49;77.0585928931816
1;0;4;171.85;1008;49;74.7948640854278
0;1;1;156.29;637;65;63.7217884270585
0;1;1;165.91;-1666;58;63.1153856866765
0;1;0;166.97;-1148;0;76.7919685953247
0;1;4;157.96;-1393;60;49.0700721373277
0;1;3;164.48;-777;58;53.7261826925453
0;0;0;151.58;-154;0;60.1421149757544
0;1;1;168.29;-336;71;75.5054422811234
0;1;1;162.59;-2065;59;67.1939372280252
1;0;5;166.59;133;63;63.6487602450491
1;1;2;176.4;-420;50;81.7829197538232
0;0;3;167.14;231;43;69.4308331307131
0;1;3;158.74;-511;65;62.9441320754891
0;0;3;159.36;686;51;58.5044523950759
1;0;0;165.98;315;0;68.7950193310678
1;0;3;163.18;-532;54;66.4494877766861
1;0;5;167.39;-168;59;75.0141230056044
0;0;3;159.75;70;38;63.145669423263
0;1;2;173.83;-231;69;69.7657817429416
0;1;4;161.47;-700;71;63.8817497971038
1;0;6;178.68;-175;51;76.7292609587723
0;1;3;155.99;-1470;74;58.612135791636
0;0;4;155.09;-476;46;55.1401882880987
1;1;6;167.49;-1351;67;76.0598459217027
1;0;3;181.51;7;43;89.4524142663331
0;0;1;164.04;-609;43;64.9894637217477
1;0;0;173.24;-287;0;79.1699943362715
0;0;2;153.97;140;46;53.7115068670445
1;0;1;171.15;476;68;72.2515117415854
0;1;0;133.83;-1176;0;41.9116374316202
0;0;2;168.22;-637;52;70.0811564078853
0;0;4;162.65;945;36;59.9626478570157
0;0;1;164.61;252;43;68.7797845663128
1;0;1;167.48;-476;64;67.2478089301755
1;0;3;173.04;525;55;68.2600283087057
0;1;4;161.75;-1323;65;57.0451338979886
0;0;0;171.85;-196;0;76.7393833137514
1;0;2;165.85;791;50;77.1682821385514
0;0;0;168.14;224;0;69.3614936666792
0;0;0;156.13;-126;0;57.2203021780273
0;0;4;157.75;777;48;63.5791735977185
0;0;4;161.68;308;40;57.3841628253358
0;0;0;151.62;924;0;58.4960175132974
1;0;3;166.64;259;66;69.670945420019
1;0;2;169.1;469;59;83.9352199688179
0;1;1;155;-1337;72;50.9905263262173
1;0;6;172.88;546;52;85.3205113263295
1;0;2;173.17;189;48;77.4551052274905
0;1;2;161.85;-910;55;58.407710481748
1;0;3;175.97;378;70;80.9956343398793
0;1;3;171.64;-1435;62;69.7918928440461
0;0;4;173.62;686;42;84.7988410862949
1;0;6;165.93;-525;67;76.473114897708
1;0;6;174.13;490;44;80.7866643346595
0;0;2;163.71;938;45;71.8405111668778
1;1;1;176.52;-1407;77;82.2703664515484
1;0;1;174.78;-133;42;81.9140738221627
0;1;3;174.21;-630;62;72.6761447429653
0;1;1;178.17;126;54;84.033229006685
0;0;1;148.19;980;48;59.5751069423838
1;0;6;173.22;231;54;81.5968634946788
0;1;2;162.27;-35;54;62.6017110367118
1;0;6;186.33;-238;49;85.0041357977454
0;0;4;171.15;-406;48;69.9164360774619
1;0;3;180.71;721;63;79.5270363870006
0;0;2;167.14;168;45;63.303297161315
0;1;2;156.17;-231;80;53.6958424170601
0;1;0;162.39;-931;0;59.2938078659936
1;0;6;179.61;266;62;91.3471766356139
0;0;0;154.79;7;0;62.8733072695171
1;0;4;176.95;-259;59;74.9553037495376
1;0;0;178.74;476;0;79.3955916640947
0;0;0;159.5;1358;0;63.7956305867249
0;1;1;168.65;-28;69;71.2638162794871
0;1;0;157.41;-637;0;57.245096328352
1;0;3;171.72;1211;47;81.9922850457916
1;0;1;175.95;1113;59;86.2786592660644
0;0;2;182.04;-238;55;78.6681639573748
1;0;6;173.89;42;49;81.5226537499292
0;0;4;156.67;1078;47;64.1312251380945
0;0;0;150.02;1085;0;52.3772126525305
0;1;1;164.12;126;73;66.241010110004
1;0;4;177.38;98;60;79.2842290126288
0;0;1;167.13;609;51;80.9935473566977
1;0;4;183.17;588;62;79.3367934354154
0;0;2;152.97;812;39;64.28756245992
0;0;2;170.63;189;49;79.663457803388
0;1;0;162.85;-826;0;55.7200584464549
0;1;3;160.86;-294;62;61.2254348893393
1;0;6;167.34;490;60;73.7204878651914
1;0;2;175.36;-238;58;89.1047722646188
1;0;5;183.46;-434;55;83.6903235703791
0;1;4;170.89;-742;64;71.6665710194402
0;0;4;170.51;371;47;70.4030247363282
0;1;2;160.96;-1743;53;67.0609818728846
0;0;0;157.86;-378;0;72.9505784209377
0;1;2;177.41;49;71;83.6931293172545
0;0;3;162.43;-175;42;58.3507399932293
1;0;5;182.47;-749;54;78.9540101281017
0;1;2;153.41;-35;66;55.2997227927015
0;0;1;163.99;119;39;79.1130150422984
0;1;2;151.93;-490;69;54.5817874477519
1;0;1;177.22;1274;41;73.7010620109635
0;0;4;157.2;1239;46;72.0471216031687
1;0;2;182.19;777;57;87.4027433479584
0;0;3;164.11;546;44;64.3971619591043
0;0;3;162.2;42;48;65.0698450924208
0;0;4;165.31;-35;45;69.2054319683422
0;0;1;150.35;231;46;51.1084886339453
0;0;3;153.26;504;39;63.3188103564931
1;0;1;176.22;-567;49;75.234350034448
0;0;0;168.4;483;0;69.6719475020327
0;0;1;155.05;833;43;61.5109749446364
0;0;1;159.5;903;52;58.9431621757237
1;0;3;169.98;252;54;77.0822765741311
0;0;2;170.78;168;42;74.1201341898063
1;0;1;167.69;749;54;71.9182128103252
0;0;0;160.49;42;0;55.5354567448093
0;1;2;168.02;-966;58;61.188524682755
0;0;3;155.1;644;46;52.1936662230673
1;0;6;168.76;343;57;67.7605915108101
1;0;5;174.67;-350;56;77.5056101071159
1;1;2;168.88;-1435;71;61.0972464385893
1;0;4;183.57;-469;54;87.2377333889326
0;0;3;154.03;105;46;65.3132850708461
1;0;6;160.82;-259;52;62.2001328018872
1;0;0;175.05;-539;0;73.9655389922908
1;0;2;166.18;973;48;63.4026234671104
0;0;4;171.45;-322;37;69.7680535102003
0;0;0;165.14;686;0;67.2275288597255
1;0;3;180.52;175;45;79.4776783151305
0;1;0;156.33;-567;0;67.6657399198668
0;1;4;159.44;259;66;57.2303830349415
1;0;0;179.85;938;0;84.429782999174
1;0;4;185.96;-1029;52;79.0179622930956
0;0;2;163.49;-126;50;72.3511455958452
0;0;3;161.61;1176;49;62.0481110992548
1;0;6;170.54;784;51;75.8329437319666
1;0;0;171.78;-560;0;76.5529388305692
1;0;4;168.29;175;62;82.4271858946119
1;0;0;184.8;-693;0;85.8335634871332
0;1;0;167.96;-903;0;70.8753830274539
1;0;2;176.1;952;58;81.1270919755812
0;1;1;168.95;-1596;62;72.2676836490323
0;1;0;173.69;84;0;71.638769414896
0;0;2;158.37;938;53;61.8670175271704
0;1;0;161.32;-1491;0;61.196468813673
0;0;3;160.48;420;48;66.0186241848476
0;1;2;160.56;-567;64;56.3760455712964
0;0;3;154.69;322;37;57.2035815252204
1;0;6;188.43;-147;56;88.7578436727094
0;1;0;162.65;-959;0;55.2130802992784
0;1;1;168.03;-798;59;67.5334574993008
0;1;3;168.29;-1498;75;66.9205662719466
0;0;2;152.48;35;40;59.0181520164169
0;0;4;153.32;385;44;52.5042186018314
0;0;0;164.63;756;0;67.3869700518776
1;0;6;188.38;7;54;97.6277787723315
1;1;6;182.44;-343;74;78.8645183242317
0;0;2;159.7;308;47;58.3139906857421
1;0;5;172.63;455;70;69.9517611978735
1;0;2;175.93;210;51;80.0015602213602
1;0;2;182.91;119;53;77.1314975652246
0;0;3;160.36;245;36;58.4834075173879
1;0;1;177.05;1043;61;80.8521656106582
0;1;3;157.57;728;58;64.5353461477818
0;1;3;159.95;-427;57;61.9391612380485
0;0;1;161.3;637;43;58.1161803117973
0;0;4;162.99;-707;48;66.1668861903678
1;0;2;178.14;889;43;78.03127673302
0;0;1;165.06;126;50;75.1924405541472
1;0;5;173.56;588;57;71.8961436074498
0;0;4;164.07;84;52;64.1948363426708
1;0;6;172.35;147;54;75.4914700501819
1;0;1;161;-791;60;55.9197658153046
0;0;3;165.94;-287;61;71.1466605796261
1;0;0;184.84;-637;0;82.6161372357911
1;0;3;175.28;-336;54;76.9918013620642
1;0;3;190.63;994;47;96.6107593427713
1;0;2;180.27;553;60;84.4961967900741
1;0;1;182.96;399;45;81.0676991833306
1;0;2;164.21;931;55;62.7738587668764
0;0;0;151.59;-826;0;58.0132571349783
1;0;5;169.64;-483;61;71.3892616439916
1;0;6;176.87;1309;52;79.750597417773
1;0;4;172.18;532;64;79.4364974614979
1;0;5;176;-266;65;76.3903704975919
1;0;2;168.02;210;53;69.3238337312228
0;1;1;152.68;-1414;61;58.576921235433
1;0;4;183.26;987;44;78.7268222019548
0;1;0;158.47;-546;0;63.6230471426731
0;1;2;170.65;-182;67;60.8072746460583
1;0;4;165.56;406;52;64.2473611730401
1;0;2;197.27;266;60;90.1891614602936
0;1;1;161.92;917;53;66.2770942860452
0;0;0;179.24;-469;0;76.7194934373776
1;1;5;178.9;-1092;67;73.2622481735558
1;0;1;179.94;756;58;78.9903660963009
1;0;5;179.88;1050;48;90.5828633324227
1;0;6;165.88;-70;49;71.2283519176808
0;1;1;155.46;-728;58;61.1867652314174
0;0;4;157.51;42;42;62.2658131724573
1;0;6;197.66;371;56;95.4547632675428
0;1;0;161.42;-714;0;62.632817828397
1;0;3;187.3;315;56;95.352491430041
0;0;2;151.05;1015;49;53.1842232434077
0;1;0;155.6;609;0;57.3411683955896
1;0;4;171.25;-756;43;62.8594528558158
0;0;3;162.51;-147;40;70.2478417416988
1;0;0;173.08;602;0;85.7154772692608
0;1;1;154.03;-812;65;56.8244046990735
0;0;2;170.34;567;42;72.3070578096408
0;1;1;154.89;-2072;56;60.140625435436
0;0;0;171.62;462;0;71.8357454264989
1;1;3;175.35;-175;55;80.0214431618384
1;0;2;184.35;777;48;88.7902482521176
1;0;3;168.18;448;57;68.4682731129625
0;1;2;155.59;-539;67;57.3438339837763
0;1;3;173.24;252;75;75.8129271548021
1;0;4;164.33;-154;52;69.0833073375055
0;1;0;153.31;-1519;0;55.353441957025
1;0;3;179.9;455;66;82.9556649673756
0;1;4;143.33;-1547;50;36.7516198331232
0;0;4;160.84;567;40;70.8403651415856
1;0;4;175.17;714;49;81.3993016282951
0;0;3;162.92;-84;46;67.3681379032866
1;0;6;171.46;294;48;68.7862523455154
1;0;1;174.47;105;55;67.2034528463412
1;0;0;182.67;903;0;88.4452825447126
1;0;0;175.62;868;0;77.271073981952
1;0;3;177.77;-196;55;83.8231768881372
1;0;2;177.32;196;42;95.2415286699439
0;1;2;161.52;-350;53;64.071219744942
0;0;3;159.24;1190;41;62.8055118687376
1;0;4;174.81;553;42;73.282410165191
1;0;2;179.47;1232;50;85.1423501317033
1;0;3;179.97;1008;54;78.2428009184816
1;0;3;172.56;14;49;74.3032799885991
1;0;4;171.96;770;58;83.0395967278257
1;0;2;186.03;553;62;85.7121146797726
0;0;4;161.52;-175;45;62.8644731404102
0;1;4;154.15;-1589;72;61.2809315382417
1;0;1;175.21;777;62;81.8408766715628
0;0;1;152.58;56;44;69.3483678686985
0;1;4;156.4;-1491;80;49.7755303634057
1;0;4;174.43;693;60;76.7968443849537
0;1;1;162.84;-1498;55;66.6091357235018
1;0;1;167.56;476;48;73.0362835045972
0;1;0;164.7;-595;0;68.9166705520332
1;0;2;173.12;1204;66;72.9462218500796
0;0;4;162.43;-49;49;68.2642251481219
1;0;4;174.05;1141;52;75.5246550901725
0;0;1;157.21;749;53;66.3412047771771
1;0;4;163.66;-273;58;67.390693134078
1;0;1;176.99;721;57;82.3238629006224
0;0;4;172.89;637;51;68.9230527736384
0;1;4;158.13;-924;57;56.4930309582069
1;0;2;186.51;-714;48;79.8167897959893
1;0;2;178.69;-217;57;83.6946070644339
0;0;4;160.15;630;45;68.7931475184273
1;0;1;173.55;-175;63;74.1459405271147
1;0;0;184.74;322;0;89.6194860379898
0;0;1;156.63;539;41;63.4584842198342
0;0;2;161.41;469;41;64.1046688197445
0;1;1;154.54;-875;61;60.0311935758487
1;0;6;170.95;630;58;79.6404426638999
1;0;5;172.76;-147;54;70.064513685476
0;0;3;159.26;833;47;63.3264189119307
1;0;3;169.13;574;60;76.9254278483117
1;0;1;198.62;189;44;98.1155072305124
0;0;4;163.46;847;35;73.3734876326931
0;1;1;167.01;-2044;56;69.3225317546979
1;0;0;181.81;861;0;77.6404539446388
0;0;0;153.1;1225;0;65.2835781386401
1;0;3;179.71;-70;58;85.0557793768127
0;0;1;182;1351;43;77.9403414909127
1;0;4;157.96;161;57;66.5305656459825
1;0;1;178.35;147;65;75.3841523860459
1;0;3;171.06;658;41;82.3757003363038
0;0;3;159.53;-203;43;63.3888724250008
1;0;6;188.28;560;54;83.3968781809047
1;0;6;169.02;105;34;69.8518256164155
1;0;2;168.02;-133;73;74.3385151125553
1;0;1;181.5;1694;60;84.3671958871959
1;0;2;181.25;560;43;82.6189442081896
1;0;2;173.54;133;69;81.2393480340364
1;0;1;182.2;1043;57;89.8286075058727
1;0;6;169.53;224;72;81.2007473404466
1;0;2;174;420;58;84.6532170783633
1;0;0;184.21;-14;0;80.7768605054963
1;0;6;178.85;910;63;76.8691935199399
0;0;1;147.84;1148;42;58.9323066811126
0;1;0;154.09;525;0;57.7190544173559
0;0;2;164.75;35;49;63.181049621504
1;0;1;167.4;441;59;79.8380041470076
0;1;3;170.93;-819;70;80.8927961459031
0;1;4;156.79;-574;54;56.4671365090053
0;1;3;165.74;-2205;62;66.2271468994509
0;0;1;157.71;889;43;57.1402953223334
0;0;4;165.2;644;35;63.0001816911838
0;0;3;161.81;847;37;69.7777143784395
0;0;1;167.84;-483;47;62.0183892785134
0;0;0;154.35;77;0;62.1247873913944
0;0;2;163.51;-161;44;70.3271949548436
1;0;5;172.92;-357;55;81.1716949836743
1;1;5;169.57;-273;70;70.6783432601896
1;0;0;182.32;644;0;84.5758334834004
1;0;1;177.69;574;45;85.5317998475702
1;0;4;182.26;525;50;93.8606933247114
1;0;1;169.95;315;46;86.6105603833963
0;1;3;167.23;-378;45;76.4943090148491
0;0;0;171.67;315;0;78.7868050056744
0;0;1;168.08;1197;42;67.31408814289
0;1;2;160.75;812;65;61.4123900565437
1;0;6;192.77;546;66;90.080940514166
1;0;2;172.4;56;65;65.7585817339051
1;0;1;173.21;756;68;75.6504687347938
0;1;2;166.56;-1449;74;50.3872495163362
1;0;2;180.02;819;67;85.2582543198549
1;1;5;179.03;-1736;75;81.6176855416681
0;1;2;158.34;119;41;56.0864919302803
0;1;4;179.18;1316;69;82.5536834065866
1;0;6;169.4;140;54;80.9244526316826
1;0;0;167.15;-273;0;78.1525187638713
1;0;3;173.08;119;50;66.0494591050823
0;0;1;172.09;-84;51;87.2915297940478
0;0;3;169.33;133;39;75.3761308699757
1;0;1;181.36;147;41;89.4080719079659
0;0;3;166.35;336;41;70.978377210723
0;0;3;163.6;-833;43;56.684229343476
0;0;1;149.61;231;48;57.9776333429869
1;0;6;184.1;308;47;82.5618734031314
0;1;4;152.9;-1736;75;60.5105512722156
0;1;4;159.6;385;68;62.4662586899067
1;0;1;174.73;490;54;82.3929289108443
1;0;5;178.43;553;59;74.5154112142453
1;0;4;175.38;-546;49;77.3034610204364
0;0;2;166.57;679;43;67.0207553416781
1;0;3;165.78;756;51;68.3595976358169
0;1;4;171.09;-231;56;73.9092369676431
0;0;1;173.81;483;48;77.1955066659233
1;0;6;180.33;700;57;79.5918459477259
1;0;0;182.18;-49;0;79.063915276666
1;0;5;171.68;700;66;74.818774160916
1;0;5;168.3;-224;52;67.2685942838495
0;0;4;162.43;231;42;63.9987796525221
1;0;1;162.86;679;50;55.725255029267
1;0;1;175.71;224;51;79.3858624518141
0;1;2;160.65;-861;60;65.1467540504858
0;0;0;164.22;833;0;75.7068538815565
1;0;4;186.21;602;53;89.600160851613
0;1;3;155.64;-756;56;66.2510287188006
0;1;1;158.19;-616;57;62.0428074947605
0;0;0;165.62;14;0;59.4981563057612
1;0;5;172.37;1022;47;74.2868440658489
0;0;2;152.49;840;43;54.3149732802429
1;0;4;178.85;252;55;76.961749356945
1;0;4;184.48;-70;53;89.1908041922094
0;1;3;170.07;-455;62;75.8588060250788
1;0;6;179.89;623;56;86.8066133160202
0;1;1;156.49;-448;65;59.5406175485117
0;1;0;160.7;-1519;0;62.4819969850337
1;0;3;187.73;-483;65;80.6225910882461
1;0;4;179.83;133;61;78.4430760140785
1;0;3;170.81;567;48;83.8389747933986
1;0;0;177.54;308;0;86.865307573874
0;1;3;161.1;-1862;62;57.2333179205759
1;0;5;176.77;189;60;80.0502158528707
0;0;0;161.53;-364;0;61.0609939162498
1;0;1;176.62;770;56;86.4667579369682
1;1;5;178.44;-1547;76;76.4503036078496
1;0;5;166.94;224;51;70.1280254181301
1;0;5;170.42;861;79;76.0432851727508
0;0;1;160.55;658;48;64.1009387324134
1;0;6;183.44;140;47;87.6095426195257
0;0;1;166.49;749;44;74.0927703844457
1;0;4;177.93;434;45;77.4821310582477
0;0;0;160.1;357;0;71.8953727954333
0;1;1;152.29;-427;65;57.4123513744469
0;1;2;167.71;-350;71;60.9235117945631
0;0;2;163.94;-77;43;65.6860416088446
1;0;2;174.58;238;61;78.0795814917659
0;0;4;155.34;-364;39;57.1828522921505
1;0;6;163.13;-259;61;64.6630139643843
1;0;0;177.1;511;0;85.2000841013271
1;0;0;180.29;686;0;85.1747793014236
1;0;0;175.76;70;0;87.1428467017785
1;0;5;179.07;1148;67;76.2003019601547
0;0;3;170.78;-168;44;73.4937257472124
1;0;5;173.95;392;55;72.4092247459144
0;1;3;152.68;308;53;52.7634982918465
0;0;4;166.97;-42;38;64.8435659563126
1;0;4;171.4;-105;47;75.8318252696324
1;0;3;185.61;-392;55;77.6472416436288
1;0;6;173.81;630;59;77.9965764648423
1;0;1;174.82;357;64;83.3551104477802
1;0;1;168.17;427;59;70.9123326055249
0;1;0;152.48;-1568;0;51.9331870698463
0;1;1;161.68;-1295;61;64.714975394958
1;0;6;168.82;252;53;68.8717829810147
0;1;0;160.17;378;0;65.3219899666909
0;0;1;171.84;-308;53;65.4973650607932
1;1;4;177.41;609;85;78.4265091693642
0;1;1;166.52;-1883;77;70.4352853278556
1;0;4;173.43;-546;62;76.3722948682588
1;0;3;163.6;-7;60;68.5708388336937
1;1;4;180.43;-1190;70;89.9580949478741
0;0;1;166.78;469;51;68.2157487100685
0;0;4;148.06;1610;40;52.2065035985293
1;1;3;171.77;-1813;71;75.2219152257275
1;0;4;170;245;60;79.667576500592
0;0;0;150.78;497;0;65.0665754749919
0;0;3;158.25;-259;54;63.1771549410589
0;1;3;160.03;-1078;55;61.6755338000064
1;0;5;180.83;217;67;81.0538483121623
1;0;5;175.18;112;53;79.2753806712146
1;0;0;169.65;588;0;63.6725772641483
0;0;0;163.95;-112;0;61.8987717162132
1;0;6;174.69;819;63;82.2279967672377
0;0;4;173.32;168;43;81.2936799417654
0;0;0;179.45;623;0;80.9556178807931
0;0;1;159.3;1036;50;71.0109385685606
0;0;3;165.12;1162;53;64.6723396777664
0;0;4;153.6;609;50;48.8874737477488
0;1;3;155.67;161;68;55.5027987615804
1;0;2;184.18;700;61;94.0165548682386
1;0;3;167.89;1456;60;75.0643673750709
1;0;1;177.03;833;61;78.2628860198263
1;0;4;176.52;756;59;81.9251470842816
0;0;2;162.4;805;50;77.5578936196844
1;0;3;187.73;840;52;87.2724918536238
0;0;0;170.6;812;0;62.2757302556609
1;0;5;174.09;-273;51;79.7183144403138
0;0;0;167.98;357;0;65.0723309886278
0;1;4;164.33;-462;55;71.1546968711492
1;0;2;172.84;952;60;66.99346734436
1;0;0;175.44;245;0;82.16228562075
1;0;6;171.52;-196;67;76.2146135615305
0;1;3;168.57;-1533;59;71.4235446351951
1;0;6;183.87;434;56;91.7815272920482
0;1;4;161.07;-840;53;64.9120994589438
0;1;4;157.96;-1596;51;56.2737936706665
1;0;5;186.25;567;57;87.8327569290238
1;0;6;175.2;-133;64;80.2772631014537
0;0;3;162.88;-588;50;60.8109702405767
0;1;4;150.89;-210;43;59.5638383641022
0;0;2;163.84;1260;35;68.2011891216203
0;1;4;174.2;-630;44;62.8136626107001
1;0;0;178.34;623;0;84.9863336766919
1;0;1;181.64;-308;55;84.2007946835987
0;1;3;146.51;-1344;56;52.4986145027908
1;0;1;177.95;-266;59;81.1629153908368
0;0;0;160.34;-280;0;68.1106275559574
0;1;0;155.79;-1470;0;51.8854772108409
0;0;1;154.59;805;39;56.905012113228
0;0;0;160.57;217;0;64.8713498061432
1;1;4;172.26;-357;73;70.6470246974066
1;0;2;185.9;994;65;84.4437297512991
0;0;1;157.62;182;44;69.4145078885962
0;0;1;159.01;588;55;75.8090454283878
0;1;3;173.01;14;63;73.9278162407797
1;0;2;168.93;784;71;67.3387429180408
1;0;4;186.2;0;67;88.6448319526715
1;0;5;156.79;756;47;69.3593855489854
1;0;6;169.46;-119;53;75.8632440397495
0;0;0;167.74;476;0;77.9552050850079
0;1;1;159.66;-1155;61;56.0108238922356
1;0;2;172.07;1015;54;73.103124865764
0;0;0;152.73;70;0;57.9381587042716
0;1;1;164.06;-672;57;64.0254116030479
0;1;4;151.22;938;62;57.4358582353955
1;0;2;178.04;553;56;81.6153407561885
1;0;3;170.25;1071;60;75.8003049750722
1;0;6;173.91;-35;46;82.4433442811382
0;0;2;163.3;777;41;73.082427830059
0;0;4;160.86;175;37;61.5306338258571
0;0;4;167.98;1253;47;69.3316973783186
0;1;3;158.65;49;54;63.3318664610954
0;0;0;154.15;84;0;55.4509090208956
1;0;6;180.13;1519;65;95.513717228531
1;1;2;170.69;-301;57;76.4212746687041
1;1;4;178.51;-1071;62;75.6942005265286
0;0;0;146.43;721;0;58.4014612007562
1;0;4;167.23;826;60;70.8768268356323
1;0;4;167.98;784;52;73.5671915279806
1;0;2;169.51;1029;49;71.4366083568833
0;0;2;170.12;287;43;72.1511711352774
0;0;1;164.62;462;47;66.008540756271
0;0;3;166.6;1106;51;73.5253790629426
1;0;3;165.79;1113;42;72.1454511279541
1;0;6;178.43;-91;69;86.7462752340007
1;0;2;179.01;-224;46;79.9895423845398
1;0;3;171.38;1351;48;85.3981712287934
0;1;2;157.86;-1197;72;56.9526998054776
0;0;1;167.65;651;48;70.2866340766366
1;0;4;181.64;441;65;76.7180604463961
1;0;5;178.41;336;68;73.7838801302969
1;0;5;164.51;658;65;70.5841516152054
0;1;1;154.38;-924;74;59.1907263274105
1;0;1;193.52;476;60;100.486829493749
0;0;2;160.48;-644;42;53.5981205409909
0;1;0;162.31;-861;0;61.6596316645726
0;1;1;166.61;-1477;57;76.8541586998854
1;0;0;167.25;644;0;79.1576079156431
0;0;0;157.77;147;0;58.7146131370579
1;0;5;175.53;-70;58;83.1174800643147
1;0;3;173.14;266;51;74.6735497615863
1;0;5;178.61;-756;49;84.9590911850638
0;0;0;161.87;903;0;65.7295956372658
0;1;2;163.85;-336;56;55.0131818844298
1;0;6;183.37;49;56;91.8719118817685
1;1;0;175.94;-140;0;77.2620249898695
1;0;5;183.99;1071;54;76.7218633516253
0;1;0;167.64;-1190;0;70.7655985457791
1;0;5;150.93;210;44;59.1253990109476
1;0;6;163.25;1225;57;75.7205210542126
1;0;3;172.72;560;52;66.6406343607196
1;0;4;171.8;1148;49;71.096419490752
0;0;3;153.51;7;39;63.2160284287574
1;0;0;168.11;161;0;74.0797626557705
0;1;1;163.3;-1981;57;65.4247214703227
0;1;0;168.29;-14;0;72.133893564777
1;0;6;168.22;14;47;65.7125936856081
1;0;3;179.25;-168;62;85.5703303684984
1;0;6;178.27;1001;45;81.1071114390348
0;1;1;159.04;-924;60;59.8695942006855
0;0;4;165.04;35;39;72.3487531828489
1;0;3;179.42;392;41;80.9060173917624
1;1;0;173.81;-1876;0;75.4963607873241
0;0;0;163;308;0;66.4627091563797
0;0;3;179.91;-98;41;80.4868707479139
0;1;4;166.85;-609;69;67.0675541823837
0;0;0;154.39;511;0;53.2358992043336
0;0;1;162.21;231;47;65.3316112584639
1;0;4;192.78;210;47;83.9352838774187
0;0;4;180.48;1092;40;93.0743697722449
1;0;5;169.66;679;53;74.8036890791122
0;1;2;153.41;-322;61;54.1183204208459
0;0;1;169.46;77;50;75.0227210641004
1;0;2;175.78;-336;46;68.9206216871544
1;0;3;169.25;1190;64;67.7745642249943
0;0;3;162.55;469;45;66.1275148060966
0;1;2;158.1;-1106;63;63.8502064677243
1;0;0;167.08;980;0;82.7770058844518
1;0;3;173.32;826;53;86.9462240674566
0;1;0;155;-42;0;59.4245230813915
1;0;5;165.94;-189;62;70.4059626215711
0;1;2;171.77;-924;65;67.9856440625728
1;0;2;174.1;168;56;82.356098246114
1;0;1;176.38;378;53;81.4751056836772
1;0;5;181.48;-651;51;75.5612719474244
0;1;4;157.01;21;70;60.1656347758335
0;0;2;158;434;46;55.2169926790813
0;1;3;172.13;-980;63;67.1316422356602
0;0;1;153.98;644;42;54.7475250976124
1;0;5;179.59;-252;56;85.9294268761205
1;1;5;164.97;-1463;70;66.9196952084342
1;0;2;165.14;-427;52;69.5198162042317
1;0;1;179.68;378;64;85.8560066943965
1;0;4;174.82;462;47;67.7171123848382
1;0;4;179.66;238;54;80.9854018160058
1;0;2;190.29;-182;49;89.970896403054
0;0;3;158.69;-287;43;60.3302176961364
1;0;3;171.54;91;56;73.4934119140077
0;1;4;158.43;0;60;57.8276192621344
0;1;3;167.56;-868;51;60.8538525968501
1;0;2;175.02;-126;48;74.9543750156623
0;0;3;151.33;630;40;56.3566196326051
1;0;4;175.63;1155;64;70.8480298560812
1;0;0;168.96;-280;0;71.3001438942861
1;0;6;175.23;742;46;73.4991494445594
0;0;0;161.89;-42;0;60.9260113236176
0;0;2;165.72;812;55;73.7945429704807
0;0;0;156.02;7;0;60.0777002164767
1;0;2;181.28;1337;59;74.2838157800644
1;0;4;184.49;266;62;85.058908205916
1;0;3;174.11;294;54;76.017755012649
0;1;2;155.02;-350;65;55.6347520944247
0;1;4;168.28;-756;67;70.71498264913
1;1;3;180.2;-889;69;77.4697739047492
1;0;2;175.44;623;68;70.3834045433612
0;1;1;162.8;-749;64;63.7798587146572
1;0;6;164.69;70;58;62.1625635216358
0;1;2;162.44;637;54;62.2579754042212
0;0;2;168;595;44;75.8319019770658
0;1;0;162.9;-875;0;68.5648945188295
1;0;5;171.35;735;62;78.8433621630465
0;0;2;162.07;903;46;71.7891700820261
0;0;1;168.64;1526;48;75.8933835961464
1;0;0;165.66;-462;0;73.5711020166867
1;0;4;174.18;763;50;77.4729527494157
0;0;1;158.57;-7;37;57.4937563794372
1;0;5;176.5;623;61;79.0009647890653
1;0;6;181.12;861;73;89.3080496705952
0;0;4;163.52;1190;45;66.7117642582508
0;0;3;163.03;434;53;67.8831493921021
1;0;4;181.36;-518;55;69.6307391775423
1;0;3;180.72;56;54;79.1878055475061
1;0;0;161.79;490;0;63.6148827806556
1;0;3;181.7;1001;51;88.064825793948
0;0;0;166.51;-987;0;62.1803236282482
1;0;6;185.55;-105;57;93.6313345593253
1;0;0;185.33;1617;0;99.9105247097618
1;0;1;171.46;-84;69;67.1362981640104
1;0;5;182.94;861;57;80.043428448799
1;1;0;162.45;-819;0;64.0713249025346
0;1;0;158.09;-2107;0;50.645781991525
0;0;1;166.45;462;42;63.6126945020735
1;0;2;181.49;-154;56;90.903558717869
0;0;3;171.41;868;51;65.700386696457
1;0;5;176.96;609;54;81.0094023471647
1;0;4;170.85;-434;64;74.8459920935456
0;1;2;158.47;-1750;50;65.7921653788083
0;0;0;163.52;196;0;70.9148476589605
1;0;2;170.38;602;46;73.9635558674807
0;0;0;159.22;28;0;61.3497726445628
0;0;2;161.62;-105;47;55.8655750039339
1;0;3;162.8;182;62;68.2083020963556
1;0;4;187.26;-777;53;85.0143505465065
0;0;0;168.38;658;0;69.1451968502572
0;1;4;159.39;-931;55;56.2358326840319
1;0;1;166.08;70;58;68.9603701746431
0;0;2;160.74;1295;45;59.3506082883117
1;0;1;181;2212;60;82.7338618204763
1;1;0;169.68;-182;0;74.8862237078183
1;0;0;170.26;84;0;80.4865071544466
0;1;4;163.25;-1463;56;59.191696049496
1;0;3;169.96;546;60;69.0376856921698
0;0;0;168.93;665;0;65.3801834992674
0;1;2;167.99;-196;67;73.3922243048524
1;0;6;166.38;273;54;79.8492231026639
1;0;1;172.73;140;48;81.7842303223525
1;0;1;182.37;-7;62;85.7348141184258
1;0;1;174.63;1442;69;79.2573585897273
1;0;0;174.14;406;0;75.6640114565216
1;0;3;167.95;434;50;80.8765150551197
1;0;2;173.69;840;59;70.2525272707807
1;0;1;176.02;-49;41;75.7146412318452
1;0;2;163;560;55;60.0610887834488
0;1;2;161.21;-2786;55;53.0724772394315
0;1;1;151.21;-1407;64;57.1588609538293
1;0;2;178.6;329;54;86.6458893331551
1;0;3;178.13;448;55;85.0423902731634
0;0;3;169.3;490;52;74.4397696127945
1;1;6;174.51;-609;71;68.5736695583031
1;0;0;176.89;1015;0;75.4806980464507
1;0;6;160.19;-105;44;60.1081662539998
0;1;0;159.57;-182;0;58.2756720865658
1;0;0;173.7;1337;0;77.2763984897645
0;0;0;161.56;896;0;68.1654390690183
1;0;2;180.43;539;54;85.0479474841047
0;0;0;164.92;504;0;74.9247154346407
1;0;4;179.35;588;47;76.6996599712296
1;0;5;166.71;-217;61;69.554074146079
0;0;3;167.45;224;51;71.0605601693745
1;0;6;186.08;-336;44;81.1528748798718
0;0;2;153.47;-182;39;60.5057607253231
0;0;2;158.23;728;49;67.6231031618561
1;0;1;173;357;47;79.2366295261002
1;1;3;182.17;-1106;67;80.7829364727041
1;0;0;178.21;-140;0;79.2779362712877
1;0;1;176.28;322;52;80.8830721754204
0;0;2;159.08;672;47;61.8400879131168
0;1;3;160.9;-1197;51;62.4055001445434
0;0;4;170.54;-133;44;66.5942136148331
1;0;3;168.99;-196;60;73.4337241652044
1;0;3;168.01;231;71;74.030454800091
1;0;3;166.71;-161;59;68.9287598723198
0;0;1;161.84;350;45;70.5385474016356
1;0;6;171.93;392;52;78.3211333353492
1;0;2;171.68;-693;61;70.4348411710245
0;1;0;174.06;7;0;74.8158698035763
1;0;5;173.54;364;69;74.8218438943095
1;0;4;175.08;-203;50;78.4424655189427
1;0;1;172.09;623;63;85.7124078236631
0;0;0;170.31;196;0;73.6418365366567
0;0;0;170.95;1498;0;76.435599972707
0;0;4;166.42;-42;48;74.9414813036744
0;0;4;176.34;0;47;72.2120187372492
1;0;1;177.05;1596;59;89.7877589315276
1;0;2;175.69;-147;56;80.5187773253059
0;1;0;158.45;-1666;0;58.0389414568243
1;0;3;170.16;357;62;82.1481237409155
1;0;6;170.16;-441;57;77.7118728895162
1;0;0;181.84;21;0;83.9815204476272
1;0;0;173.67;1036;0;75.3181433402866
0;1;3;145.88;-574;54;48.6807851670351
1;0;6;172.14;518;57;71.3056037807421
1;0;4;167.59;371;58;68.0413291642618
1;0;0;178.43;735;0;80.8003371932336
1;0;4;184;896;60;82.4297068526682
1;1;1;177.08;574;67;81.7878259956504
1;0;2;173.42;280;54;84.7085298221136
0;1;1;155.35;14;57;57.6047853125317
0;1;1;170.78;-210;60;69.5785333472407
1;0;3;169.89;1106;55;81.4174905435431
0;1;3;166.03;-21;62;68.0914447876367
1;0;2;183.96;-56;58;87.138919968324
1;0;6;181.88;609;50;81.7425982841049
1;0;5;185.83;-119;58;92.3704071508974
0;1;2;152.61;-420;62;66.763525701984
0;0;3;155.1;231;38;53.4473196629558
1;1;0;172.16;308;0;77.2786556610342
1;0;4;168.29;119;50;66.6876732359357
1;0;1;175.21;217;58;73.5245277951399
0;1;4;170.73;-21;67;73.8654714928957
0;1;3;157.82;-1435;70;58.802661085808
1;0;4;179.77;448;62;74.2341641319777
1;0;4;178.37;525;62;78.1716404254631
0;1;3;170.95;-1239;63;71.045003377411
0;1;0;168.22;-175;0;56.8483326381299
0;0;3;165.37;805;44;63.5964562044344
1;0;2;178.21;196;66;80.0383628376103
1;0;3;156.71;-252;61;57.4606330235438
0;1;1;151.5;154;61;45.415591870201
0;0;3;173.05;511;41;73.4737917715389
1;0;5;166.07;476;57;63.3926069670293
0;1;1;173.68;-364;48;71.3628424440249
0;0;2;164.57;-735;53;64.5874436340538
0;0;3;169.81;-217;47;73.7096263988818
0;0;0;156.65;105;0;57.2295734699398
1;0;4;174.69;329;50;77.4294761127953
1;0;2;177.15;140;50;85.1801238103161
1;0;6;173.64;-357;51;80.294839116728
1;0;3;186.61;833;45;98.4004214757058
1;0;5;190.76;938;56;94.3309076911897
0;1;2;164.71;-532;59;67.6347899372194
0;0;4;153.97;644;41;51.7053787440416
1;1;3;158.62;-1414;63;51.6421756723618
0;0;4;157.16;616;45;69.689015136303
0;0;2;179.04;525;46;76.982346894189
1;0;4;180.37;98;55;80.9121705282411
0;1;3;165.31;-378;54;64.0469900848153
1;0;2;183.21;301;50;87.5097398682474
0;1;3;165.88;175;53;69.262060909122
1;0;0;173.83;875;0;77.7291743586915
1;0;1;170.8;-189;64;70.2593726448287
1;0;4;159.04;938;40;63.1639815375401
1;0;5;173.82;630;50;78.6603451532273
0;1;0;146.9;-875;0;45.9952347382095
1;0;2;186.82;-161;52;82.0899286951948
1;0;4;175.5;21;53;80.5432281970104
1;0;0;173.9;658;0;79.2850486130202
0;0;4;159.7;728;44;60.6147258860975
1;0;4;171.77;560;42;78.3844696511164
0;0;2;162.64;-217;40;64.2115832358265
1;0;4;186.12;385;57;79.4528024753062
0;0;0;167.86;-133;0;68.7495451794667
0;0;4;163.87;-189;42;58.6960996209422
0;1;1;160.63;-364;66;69.6402181780591
0;1;0;164.58;-672;0;62.6657585787532
0;1;2;169.11;-588;71;59.6948784680097
1;0;2;182.08;455;62;82.885931111607
1;0;1;173.48;574;27;78.7625432898646
0;1;0;158.67;-210;0;53.7718908034381
0;1;4;156.78;-1071;59;61.3733718741422
0;1;4;162.79;-749;50;64.1447654221956
0;0;1;159.64;84;46;62.03595578452
1;1;5;172.95;-1743;80;69.6766233137743
1;0;0;171.39;378;0;75.9143499485089
1;0;6;166.7;553;53;75.1309325285992
0;0;4;157.73;203;55;67.9385162833654
1;1;5;182.93;462;81;74.2151992058175
1;1;5;171.93;-1855;81;84.8054550049233
0;1;0;152.73;322;0;55.7015042085278
1;0;6;166.86;728;55;74.5021548464319
0;0;1;163.29;-336;45;67.7708076308834
0;1;1;173.91;-210;76;73.2971657979513
0;0;0;168.85;231;0;76.3602170138041
0;0;1;158.71;322;51;63.618375299308
0;1;0;161.27;-77;0;63.8907792786733
1;0;1;183.07;-161;58;85.1740120661001
1;1;4;187.02;-1953;71;77.6994270305799
1;0;5;176.65;623;69;75.5611862588302
1;0;3;175.6;658;52;77.6801707233337
0;0;1;147.95;21;44;54.0519802543455
1;0;1;177.99;546;51;77.6403517531107
1;0;3;175.64;875;49;69.5944679520379
1;0;6;190.03;231;63;92.5862736253357
1;1;4;184.71;-868;58;84.5901642309142
1;0;0;171.31;406;0;71.7506849084059
0;0;1;159.28;-84;46;73.1650401247042
1;0;1;171.05;777;54;77.956982830978
0;0;2;156.5;147;43;60.6269846906145
0;1;4;155.14;-819;67;56.7600733403048
1;0;4;179.3;77;59;80.2471244617517
1;0;3;172.14;-462;55;65.061269748383
1;0;4;175.99;35;46;74.4641603126399
1;0;4;176.33;14;57;79.6254548275706
1;0;6;178.36;-196;69;72.5513472243923
1;0;3;171.46;819;51;69.3993235717804
1;0;0;188.18;-287;0;84.0800789181962
1;0;4;173.23;581;53;70.5266074360451
0;0;0;169.74;-273;0;64.0905474397078
0;0;2;159.1;-126;41;55.4311845546275
0;1;0;173.85;-770;0;66.6710525476281
0;1;1;167.55;-784;60;58.3887772800687
1;0;0;170.79;203;0;68.561536330068
1;0;4;176.42;1127;51;85.9123230223699
1;0;0;180.95;1477;0;91.1828870008253
0;0;3;155.81;-238;53;58.3417245491529
0;0;1;172.82;-140;47;79.3409087499559
1;0;0;183.89;399;0;82.5627122511608
0;0;3;145.84;441;44;57.9040897876505
0;0;3;155.17;1778;45;58.3475616603052
1;0;0;167.41;-56;0;72.9240953532963
1;1;5;186.82;-735;52;88.1193726984976
0;1;0;165;-581;0;67.2803917114683
1;0;4;172.14;434;56;76.9740380036703
0;0;2;150.6;602;44;55.4919979194361
0;0;3;149.37;-336;44;51.3781730256835
1;0;1;193.4;-294;51;93.4036554693175
0;0;1;166.04;1036;51;81.6187219758218
0;1;3;160.22;-1372;55;59.1786246491997
1;0;2;177.02;329;45;85.7447449019744
1;1;5;181.31;-1190;68;76.9541320939437
1;1;0;172.68;-1547;0;70.5647507162856
0;1;4;167.89;-280;49;64.7363243628005
0;1;2;152.64;-826;54;57.8393630212473
0;0;1;166.44;910;45;68.6490134244959
0;1;4;168.42;-658;48;61.9113701908136
0;0;2;149.09;371;43;62.855183782527
1;0;0;157.62;-56;0;63.8492696712851
1;0;5;174.02;-805;64;76.2379126779624
0;0;2;170.39;49;47;83.0943616928724
0;1;2;169.58;-147;65;73.0237041895578
1;0;0;185.6;1442;0;87.0511362353895
1;0;2;177.86;-112;68;73.1085043339254
1;0;5;170.01;511;65;80.4670907641179
0;0;2;155.76;-217;51;55.9456030435236
0;0;0;147.44;70;0;52.0179860770285
0;0;3;158.1;707;42;61.0231340209038
0;0;2;166.63;511;42;61.2710562857686
0;1;1;175.01;-798;67;73.9289498565617
1;0;0;167.05;161;0;79.3055218460208
0;0;0;167.16;413;0;70.2291092403256
0;0;0;154.27;266;0;58.0975750700223
0;1;0;163.41;-1281;0;67.7252345803256
1;0;6;181.9;245;45;84.7203499392246
1;0;3;179.71;1197;53;79.0578709783215
1;0;2;169.66;1281;41;81.2511721330301
0;0;2;167.99;1008;40;74.1469897620559
0;1;0;171.83;546;0;70.6414502521217
1;0;5;171.48;840;53;80.2858345617283
1;0;6;167.25;882;56;77.6739137055031
1;0;0;184.9;-63;0;86.4167023815612
0;0;2;158.88;868;50;65.776835720277
1;1;4;168.16;-742;69;65.3854763716828
0;1;0;157.31;-371;0;62.8457820778582
0;0;4;165.22;1106;54;70.9400972447644
1;0;2;178.32;448;55;83.3120601251855
0;1;4;163.37;-210;65;71.1853137023078
0;0;0;156.27;490;0;69.1886317235571
0;1;4;167.36;-1491;56;65.813890174272
1;0;3;173.3;343;53;85.8034977656385
1;0;5;170.24;-259;47;78.4350551642235
1;0;1;175.87;735;61;75.8567375389854
1;0;3;171.16;721;49;78.4968919809587
0;0;2;170.58;-413;47;80.7221691202962
0;1;2;168.08;-1631;67;62.1089752019818
0;1;0;162.47;448;0;65.746042283088
0;0;4;146.66;1015;52;59.4713427843288
0;0;0;162.6;658;0;69.1024820891571
1;0;1;178.18;525;67;86.3754301291226
1;0;0;173.56;-476;0;75.5154425734536
0;1;1;174.5;595;51;77.982627378507
1;0;4;185.06;854;62;87.6081361699323
0;0;0;161.71;-140;0;62.6171158774016
0;1;2;161.39;-2233;52;54.8518333659522
0;0;1;155.2;-161;28;53.9639648598007
1;0;1;187.01;1141;50;82.4291603851041
1;1;5;179.05;-833;76;80.9973260883657
0;0;2;165.72;-700;55;66.1585122050592
1;0;2;166.77;861;59;68.8613173486763
0;1;0;156.25;49;0;59.5774736901932
0;0;2;152.85;686;39;53.706810886656
1;0;0;168.97;553;0;67.1310404665995
1;0;3;180.57;686;52;79.5969310653632
1;0;4;182.19;483;55;85.8451972839621
1;0;3;171.16;728;51;81.1588593577433
0;0;1;160.48;644;38;61.3535637123169
0;0;0;160.56;742;0;62.5679587635174
1;0;1;163.18;-217;52;72.1554762722098
1;0;1;169.96;301;56;67.9043458320394
1;0;2;174.13;483;57;81.7949429708138
1;0;0;182.92;700;0;80.9034714956761
0;0;0;158.06;770;0;64.5439594709449
0;0;2;158.71;168;50;69.5873720424567
0;0;0;158.54;-672;0;58.0011924010001
0;0;3;159.1;525;45;61.9412452926085
1;0;3;171.86;294;61;72.7682156125162
1;0;0;187.45;896;0;86.6655845349538
1;0;4;167.17;294;47;71.5073740494907
1;0;5;182.48;385;54;77.196334150425
0;0;0;160.1;-945;0;67.375378119631
0;0;3;160.45;497;40;59.6421098224445
0;0;2;170.42;567;31;63.1500736729403
0;1;0;176.38;-1932;0;56.9618257999419
0;0;3;159.78;490;41;60.7875846628058
0;0;0;171.72;371;0;78.8445103444766
1;0;0;171.08;-238;0;74.9700971429866
1;1;2;181.08;84;76;74.2586335820563
0;0;0;172.34;-294;0;70.7541775125523
0;1;1;161.12;-1848;64;57.3360209141157
0;0;4;168.64;-945;39;74.131568538699
1;0;4;173.75;-35;59;74.8281557040685
0;1;0;163.21;1470;0;68.6274991902137
0;1;1;156.12;-1967;63;61.8251582036774
0;0;2;160;-259;42;63.2516735288573
0;0;3;165.72;1071;43;78.4568306040489
0;1;1;163.97;-35;64;57.447228679499
1;0;2;179.97;1064;56;87.7463854953992
1;1;0;186.15;189;0;84.7640914844546
1;0;1;182.19;56;62;94.158072733928
1;0;6;175.48;602;59;72.5757056606435
0;1;2;171.92;756;57;73.3455372736875
0;0;2;160.97;42;48;67.8278633634316
1;0;6;175.28;742;59;81.363069850497
0;1;0;164.24;-1316;0;67.8329574709274
0;1;4;150.75;-1372;69;48.01086414523
1;0;4;180.47;1575;57;88.5526983319992
0;0;0;147.02;182;0;59.1040345383544
0;1;1;164.01;-847;75;58.0849962499931
1;0;2;163.48;-56;48;72.5431268710837
1;0;4;175.8;931;53;78.0127415822416
0;1;0;158.18;-1050;0;53.6303601366005
0;1;2;172.06;-714;56;69.600190145978
0;0;1;162.66;-861;41;65.7768673467012
1;0;4;161.88;749;58;70.562758893339
0;0;4;161.48;511;48;65.9294489385763
1;0;4;176.93;280;57;80.6042692908844
0;0;3;171.93;175;50;71.8035070823237
1;0;2;178.23;315;64;80.7166038212843
0;0;0;162.27;-385;0;64.1394223980537
1;0;3;167.93;882;44;71.0144421585055
0;1;1;153.41;-1281;44;53.6472166786283
1;0;1;162.87;1666;49;67.2025512831917
0;0;1;166.33;189;57;74.8163871324539
1;0;3;176.94;679;52;80.6283343226131
1;1;0;173.28;-987;0;71.9944631597876
0;0;2;157.73;665;51;69.6535649364961
0;0;2;160.96;553;47;65.6424853558532
1;0;0;181.67;-217;0;82.4165371453069
0;1;4;158.87;-7;61;56.4316598936744
1;1;1;180.45;-448;74;76.8077680352362
0;0;0;163.37;1309;0;70.0541134064551
0;0;0;153.79;1218;0;60.5030477331325
1;0;5;187.41;-210;51;82.4200896776982
1;0;3;180.49;805;53;89.0980844392733
0;0;1;159.02;497;57;64.3768305924474
0;1;0;167.31;-350;0;66.1435482911299
0;0;0;163.08;714;0;61.9623672169305
1;0;6;175.62;42;54;78.6858885102705
0;1;4;150.71;-392;51;63.3858421036479
0;0;3;165.27;231;46;66.9575297323163
0;0;3;150.81;329;44;44.8648451509638
0;0;2;165.17;-84;51;59.7952297208889
1;0;6;168.35;511;42;74.447557528205
1;0;6;185.68;399;52;86.9647752896914
1;0;3;172.39;133;60;75.7793686240589
0;0;0;168.62;686;0;74.0401826920613
1;0;1;162.36;532;50;70.3729039217647
1;0;4;176.65;1561;56;87.5153344155164
0;1;3;153.68;-1617;55;56.1711337992898
0;1;4;164.12;-63;59;66.886408573354
1;1;5;171.86;-126;77;73.3980516963807
0;0;3;164.72;1176;41;67.9834532607731
1;0;3;160.28;763;57;64.630476680616
0;0;1;170.98;469;48;64.367175356635
1;0;0;160.04;98;0;69.7720642957061
0;0;3;160.52;336;60;65.0363442020297
1;0;6;183.09;-315;45;80.1997735583205
1;0;5;174.38;623;56;78.9310321690818
0;0;3;164.61;77;48;62.8145254866511
0;0;2;170.85;-161;46;71.6870661124013
0;1;3;177.22;-1050;57;72.4036408028191
0;0;2;168.18;252;43;71.1767062119421
1;0;2;164.46;602;51;71.188071658973
1;0;2;177.66;1106;62;87.9586257620586
1;0;6;176.19;714;71;79.806826016289
0;0;0;161.31;-973;0;53.3271296723432
0;1;3;156.94;-1673;57;61.072434289222
0;0;2;158.23;112;45;60.3571514296672
0;0;4;170.99;546;45;63.7666158014559
0;0;4;174.41;721;42;74.9046665316412
1;0;5;175.99;805;58;90.3333908351534
1;0;4;160.7;658;56;75.0413907354337
1;0;3;179.57;105;61;72.3253442960473
0;1;4;168.69;-1197;56;67.8548263925566
1;0;5;176.37;-385;65;78.168020114434
0;0;4;172.61;1316;44;70.9600820379943
0;0;4;164.23;-133;41;60.0862463519905
0;1;0;164.25;-273;0;65.7382282189123
0;1;4;160.54;-826;53;64.6147776345292
0;1;0;158.32;-2135;0;64.7374953675936
0;0;2;164.98;245;36;67.1479977747506
1;0;1;179.68;-490;63;88.3385199828498
0;1;3;161.6;-602;63;54.2321100015573
1;0;6;162.39;-91;52;67.8514535131334
0;0;1;160.85;175;42;60.9594722062531
1;0;0;175.05;-28;0;72.047173553657
1;0;5;177.91;-798;47;83.5808537526962
1;0;3;173.69;665;65;81.1934398934224
1;0;2;186.58;91;58;85.8856560414545
0;1;1;175.34;-1085;57;66.8556169227139
0;0;1;166.61;1344;48;73.2130720022969
0;1;4;169.74;-287;62;70.0508682316586
0;0;3;156.7;56;51;54.1571168245
0;0;4;149.78;728;45;68.1535151844042
1;0;5;174.54;35;55;82.2613346610783
1;0;0;171.13;952;0;70.8148124267027
0;0;1;174.59;196;44;74.5036407199323
0;0;3;155.35;567;41;55.4095878342089
0;0;4;169.92;343;47;80.0875609283252
1;0;0;177.11;742;0;78.9535358918569
0;0;4;148.36;-315;42;50.4205127795868
1;0;0;165.66;140;0;69.2916604329102
1;0;0;173.87;406;0;82.2385141381645
1;0;2;185.96;21;53;84.7569194852631
0;0;1;155.28;-49;41;47.7298314617233
0;1;0;164.48;42;0;62.2009598591677
0;1;4;154.97;-1232;62;55.5835272394536
0;0;4;175.3;511;49;76.9293446898395
1;0;3;163.03;567;54;61.4336971101829
0;0;2;164.4;147;49;64.4416498235199
0;1;4;147.38;-854;67;55.2376001820087
0;0;2;163.12;-756;46;61.4991183317086
1;0;1;171.56;-406;64;69.7858679878007
1;0;0;174.19;476;0;74.4503656712073
1;0;4;190.73;-252;53;80.178461455734
1;0;2;174.08;-245;55;80.0936782877183
1;0;1;181.98;588;44;78.6156182252879
1;1;2;168.17;252;47;74.0997000067038
1;0;3;168.57;567;48;80.7726405654711
0;0;3;166.32;63;52;72.8872902631824
0;1;1;152.12;-133;58;59.0638264719634
1;0;5;177.79;-357;56;77.8396679534172
0;0;0;161.01;952;0;62.9848269626819
0;0;1;165.3;28;45;64.0617622672693
0;1;3;163.98;-952;50;68.4387499677128
0;1;1;156.43;-1631;49;50.392580057019
1;0;5;173.02;399;64;72.2527563926702
1;0;1;171.61;238;64;73.5227966429502
1;0;0;174.09;-301;0;74.9502999897398
1;0;4;171.01;420;57;70.6859491536083
0;0;3;163.4;693;35;79.0363688316243
1;0;3;163.12;420;60;72.3576426237696
0;0;1;160.69;336;43;53.6767211906156
0;1;3;156.49;-1043;60;67.3311829340097
0;0;2;169.03;427;48;70.174126035924
0;1;0;166.65;350;0;70.6793882406338
1;0;3;170.47;182;50;65.2585604603675
1;0;1;182.9;-518;43;83.1588107252674
1;0;0;174.04;126;0;74.8655589564201
1;0;0;177.24;-336;0;76.9551745770872
0;1;0;158.77;-2023;0;54.9463561314399
0;1;4;159.45;-133;53;67.7593664476477
0;1;4;167.77;-840;73;65.8791704605211
0;0;0;175.72;434;0;77.435164422501
1;0;1;179.53;-238;47;74.2957107650448
1;0;5;181.28;147;63;84.3256692764077
0;0;0;153.2;-252;0;58.136721713268
0;1;1;156.7;-882;77;55.7312884225065
0;1;1;156.83;-231;54;58.9670660776336
0;1;4;160.67;-1127;60;60.4259753552707
1;0;0;182.14;385;0;82.4985292435148
1;0;0;179.09;-707;0;78.9955101011199
1;0;6;186.62;392;51;86.023937726889
0;1;0;154.1;-644;0;55.7842784727519
0;0;3;169.03;350;45;73.6007144494134
1;0;1;172.2;350;69;70.6528942357139
0;1;2;154.13;-574;61;46.8328164485912
0;0;4;170.97;924;47;72.9251181458706
1;0;4;174.5;-154;60;70.380221035198
0;0;1;159.6;-392;55;68.4595956262735
1;0;1;182.56;322;49;80.0966862972857
0;1;4;157.82;-504;62;65.1020101649318
1;0;6;171.36;-42;55;79.7931052669736
1;0;6;177.33;-140;51;83.0208896187995
1;0;2;169.84;42;61;71.8348891245294
0;1;3;158.04;-714;57;60.7148552075251
0;0;2;161.56;1078;52;66.0690342409788
1;0;3;176.75;-224;50;84.7654151639699
1;0;2;178.94;112;60;82.9327855633588
0;0;2;175.1;203;42;74.8970069992945
0;1;4;144.81;-196;58;49.7941667168112
1;0;4;186.36;1043;47;91.9352166105909
1;0;2;175.42;973;55;83.3264098057217
1;0;2;179.67;-567;59;81.8485610069598
0;0;3;161.36;483;42;70.9775794192028
1;0;3;167.39;798;72;69.5218718533002
0;1;0;155.07;-791;0;55.1202815329754
0;0;1;170.43;945;39;76.402750301705
1;0;2;194.5;1526;63;92.1114624153618
0;0;1;163.39;924;47;66.5521516381793
0;0;1;153.59;329;46;57.6178942530955
1;0;2;174.47;-147;59;73.541025774584
0;1;3;173.26;252;61;65.3948339162824
1;0;0;171.33;266;0;75.0468590690453
0;1;0;153.7;-1547;0;53.3911091383342
0;0;3;160.07;756;44;68.5368824125212
1;0;0;165.71;147;0;71.8315615935307
1;1;4;179.67;-973;67;87.3383737078489
1;0;1;180.1;672;53;79.2485557994455
0;0;2;161.18;161;48;63.4907833409801
1;0;1;182.29;-553;63;88.3797078335634
0;1;4;158.33;-700;62;55.7290975381334
1;0;3;151.9;476;56;68.1400808460892
0;1;1;172.27;-2737;59;77.2737361852627
0;0;4;163.21;-21;41;56.8650673148698
0;1;4;159.7;-1687;56;56.4900429263865
1;0;2;172.72;749;62;82.183369529198
0;0;1;165.4;-105;50;67.2178409754268
1;0;3;175.02;294;70;78.992570108987
0;0;2;144.55;1239;40;49.3199887620067
0;1;2;159.7;0;55;66.3602487973688
0;1;3;168.28;-665;55;74.4625418451274
1;0;5;169.77;-525;58;79.0267215637046
0;1;0;163.45;553;0;62.0466328461443
0;1;0;165.24;-1288;0;69.5623260615646
0;1;4;155.79;-7;63;56.9619991470239
0;0;2;146.8;-371;34;47.6152470984075
1;0;3;189.23;231;44;89.8010821682951
0;0;0;159.42;105;0;67.4993138348674
1;0;6;169.89;112;53;73.4203324159095
1;0;4;170.21;658;50;80.5321171151879
0;1;0;161.61;315;0;60.2318094123216
1;1;0;174.81;-952;0;74.2145703880225
1;0;2;177.13;-399;53;77.9816175345831
1;0;5;171.07;1155;43;77.2998772987371
0;1;1;160.75;-854;59;63.3406844933238
1;0;5;175.07;623;51;75.5865375494752
1;0;3;173.94;560;63;74.056278190892
1;0;0;176.99;259;0;79.6100738896447
0;1;0;146.82;231;0;56.9163209299701
0;0;4;169.26;476;46;65.637925879079
1;0;4;172.85;-70;55;73.8825044671854
0;1;3;156.64;-756;64;54.387321956541
0;0;4;159.88;399;50;61.7998695380567
0;1;0;162.47;-1491;0;69.0243147008156
0;1;0;169.57;-28;0;65.923954671515
0;1;3;159.77;-1022;67;64.2733201286462
1;0;2;174.88;616;52;77.9111242100003
1;0;2;162.68;399;53;62.1764799560836
0;1;3;159.86;-1204;64;61.2776022983911
1;0;0;184.8;1267;0;87.9032960517093
1;0;2;179.96;532;64;92.1408617049704
1;0;3;168.27;532;64;70.8329059010843
0;0;4;164.53;1064;41;67.7983347131087
1;0;2;177.53;910;51;82.6008952950606
1;0;1;170.98;-567;54;78.4776274232438
0;0;2;164.89;378;45;61.8135771348056
1;0;1;172.55;189;61;74.5487436858414
1;0;4;178.72;196;74;77.5575123088411
1;0;1;186.69;322;44;89.9433587281929
1;0;6;178.76;210;57;85.1255803175454
1;0;4;173.39;0;48;79.212316925215
0;1;2;168.99;-973;53;65.6085911012254
1;0;2;180.7;1141;55;81.3662855777149
1;0;4;174.44;-581;55;78.0550336058072
1;0;6;182.4;665;59;91.4053331135392
1;0;6;180.8;-315;64;74.9616299119913
1;0;0;176.98;616;0;74.5486657900503
0;0;1;154.14;-896;42;59.4088743960088
1;0;6;166.45;133;41;72.7599491874482
0;0;4;156.89;231;50;59.8595197594174
1;0;2;179.17;-539;56;80.0534030615326
1;0;6;179.75;245;47;89.2248825925225
0;0;4;166.52;-7;38;68.7121941980538
1;0;6;189.3;119;59;84.0717353477408
1;1;2;168.79;-980;87;69.733722176515
0;1;3;139.5;-357;64;51.4927509422078
0;0;0;163.97;-98;0;76.9406868934263
1;0;3;170.21;392;51;74.9462299331461
1;0;1;165.82;98;66;74.7889817881334
0;1;3;165.29;-952;71;58.9525263671442
1;1;3;174.62;-1491;75;71.8210194864966
1;0;0;177.67;1239;0;89.4685992580266
1;0;3;177.41;427;50;77.2027215577568
1;0;4;171.65;-833;55;71.8624187745563
0;1;3;166.56;-1106;70;65.6935841671018
0;1;3;166.77;-1197;67;71.1738231508109
1;0;2;179.49;357;58;81.6298480054354
0;1;3;157.26;-805;68;56.6865436180595
1;0;0;169.99;42;0;69.9582247210213
0;0;4;160.75;329;48;64.4538370935587
1;0;6;184.45;658;47;86.3469819269464
0;0;2;158.65;581;45;59.321594432719
1;0;4;173.86;-42;60;69.8966696139736
0;0;2;156.98;413;36;68.2732115770959
0;1;2;155.67;-371;63;53.0427098802779
0;0;2;167.33;364;45;74.5274627836779
1;0;0;173.31;1057;0;80.2668257530927
1;0;3;171.6;805;52;79.1449344714122
1;0;3;165.56;651;59;69.6211886092232
1;0;6;166.29;-224;65;75.4733610658788
1;0;0;165.23;-21;0;67.4504830756556
0;1;2;160.43;-686;52;60.1272158675903
1;0;2;171.43;-420;53;65.3524210197644
0;1;2;173.61;-546;57;73.4126233380515
0;1;4;164.39;-1162;54;67.4564859405738
1;0;0;169.28;490;0;76.3367381590689
1;0;5;178.04;-525;44;76.4242370066051
0;0;0;165.46;875;0;74.9150703248447
1;0;6;176.26;-385;60;84.2078468764898
1;0;4;181.23;-399;59;87.1837629926053
0;0;3;162.51;119;49;69.3408126402552
1;0;5;163.11;875;53;71.1367145322464
1;0;3;170.8;119;48;81.1128044689003
0;1;3;161.43;-427;63;66.0949852612215
1;0;5;175.95;-28;61;72.7714687360807
0;0;0;166.33;322;0;79.3730980392697
1;0;6;167.1;910;51;68.1087949075275
1;0;4;166.43;-154;54;71.0485092863945
0;1;1;149.85;-1407;51;54.9841982602901
0;0;4;159.04;574;44;63.6544848654069
0;0;1;176.58;133;37;79.3191214327117
0;0;1;158.7;210;52;63.2195000232696
0;0;2;160.97;98;48;64.1281534493038
1;0;4;168.79;861;50;75.1749943888283
1;0;5;162.52;448;65;64.1938815187187
1;0;3;185.16;1701;71;98.9980976824142
1;0;6;177.21;525;66;90.0577728671995
0;1;3;152.46;-2261;61;53.6242127168215
1;0;4;175.9;756;53;80.5470697002793
0;0;2;170.62;546;44;73.8683249647884
0;0;3;179.62;252;40;76.3750021308783
1;0;1;176.86;546;51;84.293546708295
1;0;6;177.88;224;53;76.2511579465996
1;0;0;180.97;231;0;88.8820623208208
1;0;0;170.4;798;0;77.9630095512822
0;0;3;170.94;-812;44;67.4365553482078
1;0;5;171.24;56;45;82.7684032881706
0;0;1;148.46;651;42;55.9007484606555
1;1;1;168.16;175;48;78.5336899322001
1;0;3;174.19;-840;48;74.7639406018093
1;0;6;172.85;1386;59;77.6652786497788
0;0;4;164.17;693;40;68.0948969541185
1;0;6;170.53;812;57;75.1818853547306
1;0;2;182.14;679;60;76.9394547494031
1;0;6;180.64;448;59;84.0082657406225
0;1;1;171.4;-1302;62;69.0221653782513
0;0;4;163.78;273;49;65.4682136252812
0;1;2;145.47;-2002;55;39.4545930495744
0;1;2;172.61;-315;63;72.6401863090087
1;0;1;167.5;-56;54;71.9800439687151
0;1;2;164.55;-1477;54;57.0284567660026
1;1;5;169.37;-1449;75;71.5310738051679
0;0;2;160.95;-469;49;65.6893300016498
0;0;4;150.77;357;42;57.9315696642382
1;0;6;180.67;-175;55;80.6536251294089
0;0;2;170.78;1001;42;75.7631434445479
1;1;2;182.92;-602;63;85.8901799590212
0;1;2;168.68;-623;65;58.5910355529454
1;0;4;182.16;441;42;88.2925105005156
1;0;3;180.18;518;68;84.2418332333608
0;0;0;155.58;35;0;55.6374214887757
0;1;4;158.49;-1246;65;62.7760950830434
0;1;4;167.31;1057;55;72.1904031651133
1;0;4;177.14;-56;52;73.6170519268595
0;1;4;155.62;-112;66;60.4840951421736
0;0;1;170.52;714;42;76.1700299332674
1;0;6;175.09;-1008;52;75.2667189661803
1;0;4;174.49;504;60;75.5244004961855
0;0;1;163.09;546;47;64.5724774689726
1;0;0;167.99;-490;0;72.6140437717121
1;0;5;159.64;910;60;59.9790116707558
1;0;1;185.51;-525;49;88.3365568448283
1;0;3;177.27;-84;57;74.5612405360554
1;0;6;181.36;651;47;80.6254315408132
0;0;1;153.85;189;44;57.3125347596502
1;0;1;185.46;98;61;86.0555790577551
1;0;5;178;63;51;78.048235671613
1;0;0;174.9;406;0;72.6818589120461
1;1;6;173;-1449;81;75.649945307453
0;0;3;166.74;-21;47;62.7873308636062
1;0;6;178.23;-413;60;78.8117736086265
1;0;4;177.54;-77;58;80.0649985922586
0;1;0;155.35;-266;0;62.7073178997118
1;0;6;171.75;1162;52;77.6826679254524
1;0;2;171.44;371;52;75.4424243739018
1;0;4;177.85;980;59;80.5606692929259
0;0;2;157.02;826;38;59.8660559980804
1;0;6;180.14;322;59;81.2239274463304
1;0;6;187.45;126;39;86.1725195884601
0;0;1;174.78;168;36;73.4500639993624
1;1;3;168.57;-2436;64;63.587071991757
1;0;1;175.42;868;50;70.5780059652413
1;0;4;176.76;147;57;79.1183206690146
1;0;4;168.8;133;49;84.548355694214
1;1;0;176.44;-1099;0;79.7254981030648
0;0;4;170.89;714;55;72.4225043321404
0;1;0;160.3;-1141;0;63.1338655974601
1;0;1;187.93;154;59;81.251475295545
1;0;6;170.98;497;49;75.6601165939255
0;0;1;159.89;329;42;59.6828052133981
1;0;3;180.7;819;54;85.0565184342482
1;1;5;183.28;203;62;82.6136157009191
1;0;5;165.36;742;43;62.7726183963722
1;0;2;178.58;42;61;75.1082865140693
0;0;2;153.35;1022;40;53.7477358305585
1;0;1;163.53;-679;53;67.3383727857899
1;0;6;177.56;385;49;78.9604063072112
1;0;0;179.14;973;0;89.9673519298683
1;0;4;182.55;245;44;88.5672616535847
1;0;0;179.3;938;0;76.5904186317337
1;0;0;179.45;308;0;75.9380745948964
0;0;3;162.61;63;54;60.4614401921253
1;0;1;184.89;189;70;79.9199266536139
1;1;4;175.85;-308;74;75.6585062118361
0;0;2;168.34;679;43;62.2936332125266
0;0;3;151.96;287;39;51.6736109211065
0;0;1;153.61;595;41;55.710163705584
1;0;1;181.9;1554;46;85.9721800229088
0;0;4;152.29;301;41;55.5804198373035
1;0;1;179.41;1092;45;81.713480754814
1;0;5;184.14;476;62;84.9907768841643
0;1;2;172.36;-1379;64;63.571413396091
0;0;3;171.79;378;44;75.0606425848492
1;0;1;178.01;-616;54;84.5899856706644
0;0;0;159.59;679;0;60.3521436749361
1;0;4;189.18;378;52;98.3553370630338
0;0;4;167.17;-427;40;69.9242691450169
0;1;2;159.2;-665;65;53.2838370170133
0;0;4;168.32;595;39;68.6442297571773
1;0;0;158.8;301;0;61.9855492956483
1;0;0;177.58;518;0;84.400216900643
1;0;5;181.63;-686;52;79.2663246178693
0;1;3;173.8;-1113;61;70.2381295705765
1;0;0;164.94;609;0;70.6144583902053
1;0;1;171.7;378;50;78.9877236878122
0;0;3;148.97;679;48;54.6243191583299
1;0;3;173.35;-511;54;80.6534574219398
1;0;5;173.81;882;50;78.9231586172211
1;0;3;165.67;490;51;70.9080828699549
1;0;4;183.29;-147;59;83.5111973408037
0;0;2;159.41;-14;47;76.4396010112755
0;0;1;157.27;385;42;54.094103831571
1;0;5;178.25;-455;46;86.4447753688783
1;0;5;173.29;931;64;69.5080772711266
1;0;3;177.86;665;62;87.8621369983995
0;0;0;161.73;217;0;65.8186040288155
0;0;0;166.44;-147;0;67.4918994878456
1;0;6;175.22;-7;57;76.5699897190977
0;0;0;168.53;189;0;81.9317897550775
1;0;3;168.51;1064;45;78.8775199349773
1;0;6;169.81;994;57;77.7261021582502
0;0;2;166.51;952;42;72.2257616786926
1;0;4;180.95;-105;50;80.6808670174568
0;0;2;157.7;406;39;55.9716599016269
1;0;1;174.6;896;59;93.1196549601252
0;1;4;159.34;252;52;61.7869290351088
0;0;1;162.95;-259;43;70.0420686897199
1;0;0;184.08;392;0;85.4331134390315
1;0;1;171.93;91;54;74.5353563590126
1;0;2;174.91;679;53;82.5417071088216
0;0;1;169.92;-70;48;58.4057682313035
1;0;1;180.89;-476;60;83.2259131294838
0;1;2;159.18;-343;54;56.4710091374627
0;0;1;156.09;-147;42;57.181335104708
1;0;0;174.93;546;0;79.0183056451899
1;0;4;177.55;1190;64;86.300450034245
0;0;4;167.47;252;49;58.9824834494532
1;0;5;167.64;455;62;72.1334628514519
0;1;2;162.93;-259;66;57.313971179192
1;0;3;165.63;42;64;71.3417521211535
0;0;1;168.89;-126;45;74.5523344191366
0;1;0;152.42;-322;0;54.9995822544659
1;0;5;184.01;791;64;79.4776461503479
0;1;2;169.76;693;58;59.7438075735753
0;0;0;162.26;1533;0;67.7495180982988
0;0;0;162.62;826;0;65.336581937511
1;1;0;178.81;-693;0;80.0809723327729
1;0;6;180.47;-406;63;79.4728317163141
0;1;4;151.86;-651;59;38.1831863006225
1;0;3;165.7;1575;67;75.2420996409681
1;0;2;169.1;-112;66;65.8318768310129
1;0;4;167.51;483;53;67.416885383785
1;0;6;178.37;644;57;77.8725888746506
1;0;3;171.53;-609;43;69.0464871975177
1;0;1;175.75;1484;65;77.6524111441204
0;0;2;161.16;294;46;63.4999714175912
0;0;2;159.78;1295;44;66.170800345083
1;0;0;181.46;476;0;83.2664482673757
0;0;1;162.09;-420;43;77.4185155205864
1;0;4;176.12;490;64;75.626305576032
1;0;3;165.4;196;52;65.4741333170626
0;1;4;156.99;-1120;63;53.219568241296
1;0;6;174;-133;61;68.8747186101903
0;0;2;166.34;-217;45;58.5329897292952
1;1;5;180.67;-231;68;83.3706818348685
0;0;0;156.54;581;0;57.5909710704183
0;0;3;163.27;-497;60;62.284607218185
0;0;3;169.91;-203;51;66.9658207908115
0;0;3;163.89;133;40;60.5132248104687
1;0;4;170.33;196;53;75.8964544705945
1;0;4;177.03;1232;48;86.0011299084466
1;1;4;181.59;-1512;61;72.0109761179174
1;0;4;172.94;336;55;79.3946834619609
1;0;3;163.42;35;54;75.8099469425439
0;1;0;149.37;-392;0;58.5312009935038
1;0;5;176.41;567;60;73.7007784126447
1;0;3;168.17;399;43;63.31166081484
1;1;6;171.39;-1400;79;74.5143848973832
0;1;3;156.73;-1673;45;53.0465154346961
1;0;1;175.03;-567;60;75.1761479992051
1;0;6;174.11;658;58;63.1174726711781
1;0;4;161.51;1176;64;77.5277509681239
1;0;5;183.7;1778;57;83.3265176216312
0;0;2;153.81;-385;46;51.7318270654417
1;0;5;177.92;350;61;85.3239795628764
0;1;0;167.2;-1589;0;65.1043004051655
0;1;2;169.28;-980;48;66.7068958221343
1;0;3;173.33;140;59;81.7787972064082
1;0;6;167.91;28;48;78.5408130065935
0;1;4;163.45;-448;55;57.3984270664512
1;0;1;182.3;1239;58;82.3653074941233
1;0;1;179.84;140;63;83.5257938147031
1;0;2;184.08;-448;53;88.6010392773144
1;1;4;167.82;-2534;70;71.5666721653106
0;0;3;178.82;-294;55;87.5396469147354
1;1;1;182.97;756;75;84.6155637400118
1;0;6;179.37;672;40;90.6777078082227
0;0;0;158.29;322;0;62.8615242620552
1;0;0;174.61;301;0;76.3366367659854
0;0;0;148.76;1036;0;61.2620104728142
1;0;2;163.4;574;54;74.2905723037126
1;0;3;163.1;735;50;77.9994443668625
1;0;0;184.3;-168;0;89.6718699201477
1;1;1;175.42;-623;91;79.3868617385218
0;0;3;157.41;-700;42;66.9571693752636
1;0;6;170.15;-588;54;70.1469875760883
0;0;2;157.86;637;39;66.4548752372051
0;1;4;160.8;-3115;58;50.0447823345636
0;0;0;167.65;-826;0;66.5764150639147
1;0;1;180.36;35;54;80.3858385770269
1;0;4;172.02;-105;45;75.9473587725209
0;0;4;169.71;105;48;72.5958321578007
0;0;4;169.88;168;45;73.1714310910746
0;1;0;166.05;-1729;0;67.415535838006
1;0;0;167.15;588;0;79.7001686473229
1;0;0;169.91;1260;0;70.889944159125
1;0;5;174.33;693;54;75.7803726530305
1;1;4;168.79;-63;77;75.4376762505368
1;0;1;176.82;126;69;70.374584826647
1;0;2;167.36;700;51;73.4100934768013
0;1;4;171.02;-133;60;75.723581138493
1;0;0;178.63;217;0;81.8550416962552
1;1;1;183.29;-728;65;85.6647722818695
1;0;1;170.57;-98;44;66.6243233610929
1;0;1;166.65;-399;59;71.6401590223455
0;1;1;168.5;-504;67;65.0528568760483
1;0;2;177.02;462;71;86.8321425724539
0;0;3;161.7;-217;45;57.9421237515233
1;0;0;192.86;105;0;97.0518749853054
0;1;4;155.81;-1127;63;59.1708085733029
0;0;0;165.72;798;0;72.9756410367033
1;0;1;180.36;364;63;85.3938327931852
0;0;0;163;784;0;70.8645152088204
0;1;3;157.51;-1351;53;57.9932692482805
1;0;0;172.91;490;0;78.934132639661
0;1;0;150.74;-1043;0;57.90499598827
1;0;2;190.65;-511;56;94.3466739482055
0;1;4;162.67;1120;46;69.5432931507975
0;0;2;163.06;168;37;69.4558719719346
1;0;4;160.94;462;53;63.4488603647265
1;0;4;169.11;623;43;70.2322153688827
1;0;0;183.17;182;0;82.979718910124
1;0;5;179.33;-224;62;84.6474565467122
1;0;5;187.66;1232;44;91.9299203842032
1;0;6;177.61;672;61;78.5057306608477
0;1;4;170.79;-1491;69;73.4366133836905
1;0;0;182.93;798;0;93.1538804045415
1;0;4;169.01;266;63;75.7599029110238
0;1;3;164.06;-518;66;63.4425024887113
1;0;0;168.18;-168;0;65.0711414785973
0;1;4;173.79;0;70;80.4386418257208
0;1;1;166.43;-1428;53;65.5619843281139
0;0;0;161.7;847;0;72.6868113486888
1;0;0;170.17;112;0;71.1096828324142
0;0;4;157.78;581;46;63.1782536596022
1;0;1;173.08;-273;55;73.3561771878666
0;0;4;174.56;168;47;77.6217334615545
0;1;4;155.93;-1057;57;60.9963714725182
1;0;3;180.58;-896;57;86.103317241268
0;0;3;156.99;476;37;59.1694833688645
1;0;6;179.94;168;61;82.0180053353242
0;0;2;162.69;1141;48;70.705281114627
1;0;1;179.72;231;66;82.9663187555753
1;0;5;161.86;-287;62;66.0920400110469
1;1;5;171.99;301;51;76.1693592017619
1;0;6;175.65;511;58;76.5146434206774
1;0;0;171.71;-133;0;78.9415166517267
1;0;3;157.01;630;56;62.788002892654
1;0;3;177.55;-21;46;88.7919109433858
0;0;1;160.38;189;38;56.4945137135305
1;0;5;171.33;483;61;74.0880508071433
0;0;4;168.01;-189;45;65.0995543663948
0;1;2;155.34;-651;60;52.237986740248
0;0;1;174.82;-105;39;80.2089260404777
1;1;5;183.28;-735;61;82.570849649755
0;1;3;149.41;-1127;60;53.1651742312868
0;0;4;167.39;882;57;60.7058449560952
1;0;5;182.47;21;60;85.0081802262582
0;0;0;160.59;455;0;56.1569144576691
1;0;6;164.09;-56;64;71.3983643993056
0;0;1;173.55;644;47;81.4371777663873
1;0;6;173.12;518;58;71.8268457355231
0;0;1;158.5;-56;45;70.1924434520549
1;0;3;184.44;-427;48;80.9727844922329
1;0;3;185.3;462;65;79.0615624085159
1;0;2;177.61;-70;60;87.1575622795227
1;0;1;175.92;749;53;73.1186389317958
1;0;6;174.99;763;60;89.4513271333584
0;0;3;173.66;-322;43;65.2563095162262
0;1;3;168.28;-784;51;65.9551785087544
1;0;5;178.22;581;56;82.8793961550728
0;0;0;164.45;560;0;59.9228918021604
0;0;4;160.79;77;54;60.8871354604359
0;1;1;174.01;399;47;76.3463387328328
1;0;5;175.09;945;36;86.8945789580583
1;0;2;174.4;791;56;82.7720598773074
1;0;2;167.06;406;61;75.0975868312768
1;1;2;156.93;658;67;58.2824922001903
0;0;3;152.52;1190;44;50.9521440307798
0;0;0;155.52;-217;0;59.0785951502572
0;1;0;156.43;-238;0;57.4242921523119
0;1;3;178.08;-77;58;76.4299546978992
1;0;4;175.64;567;54;84.2565454534675
0;1;0;162.52;-119;0;64.3290205582854
1;0;4;173.41;-539;54;78.5282560369333
0;0;2;169.72;735;43;76.9001643618066
0;0;4;162.77;-413;49;60.1818700756723
0;0;4;176.45;819;52;85.9623837204428
1;0;2;177.89;168;68;77.6960845453899
0;1;4;160.68;-1190;64;70.7657770451805
0;1;2;160.95;189;65;63.6824229021176
1;1;3;190.06;-553;74;100.851884122341
0;0;3;166.67;-210;49;65.069639484504
1;0;6;165.85;756;57;70.2186782459833
0;0;3;169.59;196;49;66.4954851846669
1;0;3;170.45;294;62;82.069912740259
0;1;0;169.05;-2023;0;55.2980290477185
0;1;2;166.9;525;62;69.6578908704111
0;0;4;158.73;-259;46;56.5454494091112
0;1;4;162.43;-70;53;72.9729687588629
1;0;1;169.31;-133;48;75.8436940827217
1;0;3;180.79;910;61;80.880920058397
1;0;6;180.4;259;60;85.151559099958
0;1;0;153.23;525;0;62.0387001895576
0;1;0;162.62;-420;0;70.9065010038921
1;0;6;178.24;-252;48;83.1750672101078
1;0;2;176.32;518;58;78.3826446138879
1;0;3;179.38;959;53;89.49826204779
1;0;2;178.83;14;56;87.1668685998507
1;0;1;169.7;504;52;78.5166620249778
0;1;3;167.67;-945;53;63.9596424497063
0;1;2;167.72;-154;75;56.7474411373717
0;0;0;162.6;966;0;63.9976754142925
0;0;0;173.88;-63;0;78.9900930186841
0;0;4;164.7;336;45;66.2303586282738
0;0;0;156.3;658;0;58.9812942728443
1;0;0;178.85;665;0;78.9392953881129
0;1;2;165.16;-721;59;63.0881172291069
1;0;4;180.67;1148;50;89.9775391525203
0;0;2;172.86;1099;44;73.7849178785087
1;0;0;175.55;483;0;73.240820494113
0;0;3;156.95;903;54;51.7381301976591
0;1;0;161.92;343;0;57.0837463729697
1;0;6;171.66;399;50;69.856090711356
1;0;6;172.72;7;54;71.9913316191194
0;1;3;167.55;-1071;63;73.217502341247
1;0;5;168.36;455;60;83.6527065032295
0;1;2;164.57;-1134;70;57.1014819684466
0;1;1;167.26;-1841;49;69.1523804977278
1;0;6;179.63;644;62;84.3500644574477
0;1;3;165.83;-1918;58;62.1531557073299
0;0;2;166.49;693;50;70.561454933728
0;1;0;155.74;-938;0;51.9853530756392
0;1;4;163.89;-693;59;69.7698328904108
0;1;2;153.24;-686;69;58.916271739576
1;0;1;172.47;-427;58;89.6467589054298
0;0;1;166.2;539;48;68.3872473176757
1;0;4;157.57;245;44;61.3546474868632
1;0;2;184.6;-147;50;75.0024818680584
0;0;4;164.64;749;46;62.0019834268792
1;0;5;173.55;-252;55;69.6871153380699
1;0;3;183.13;56;44;78.7824760701988
1;1;6;170.85;-259;69;75.3073267403642
0;0;0;176.01;-399;0;77.2837709413017
1;1;6;171.89;357;62;70.3743354981732
0;0;3;158.4;574;41;74.1366246174487
1;0;2;177.7;-42;66;85.2284361376597
1;0;2;182.86;63;51;96.7800927291423
0;0;4;157.43;903;46;68.166219682329
0;0;1;171.61;938;41;69.5679247646607
1;0;6;175.14;539;56;82.2019978829466
0;0;1;155.84;56;52;58.4765292246358
0;1;1;153.66;-238;65;65.8181448366524
0;1;4;174.57;-595;62;80.5962211008662
0;1;1;151;-1708;58;58.0174356092612
0;0;2;166.7;-77;48;67.1508120039933
1;0;6;175.07;595;64;82.8126545431866
1;0;6;179.53;210;63;75.7324501408524
0;1;2;171.73;-917;52;72.701031434122
0;0;2;161.06;140;47;63.4615596854184
0;0;1;172.72;280;46;75.1104856575533
0;1;3;160.51;-805;50;70.0166939911759
1;0;0;181.55;532;0;91.5243270919976
1;0;2;191.77;616;66;89.2046179093005
1;0;0;174.52;-329;0;76.5104968435323
1;0;3;168.54;1491;60;74.0413844624783
1;0;4;180.05;469;65;96.5472931427144
1;0;0;175.39;595;0;78.9363846352705
1;1;4;162.2;-1155;55;62.9495394260887
1;0;5;187.04;350;62;103.591348550877
1;0;1;189.07;931;43;96.3027586216244
1;0;2;174.05;637;53;80.9124940690882
1;0;0;178.03;7;0;73.1878689636568
1;0;1;186.55;1057;58;85.7589752881327
0;0;4;168.08;28;44;72.3444776731125
1;0;5;180.76;-840;63;74.9876370807472
0;1;3;156.09;-1316;62;56.497958444243
1;0;3;181.96;728;53;89.4622927566671
1;0;3;158.75;-63;60;72.288913925865
0;1;2;161.53;-2478;73;62.891824021031
0;0;1;161.28;1127;42;69.0197061662865
1;0;0;169.4;490;0;81.6755705166133
1;0;4;165.1;1183;60;63.5807720416199
1;0;5;184.61;210;58;87.4972582202073
0;0;4;170.75;245;46;77.6567952176073
1;0;1;169.21;-378;52;78.0168526891198
0;1;0;173.97;-364;0;64.1237324359191
0;1;0;163.32;-511;0;61.6492771551768
0;1;1;158.89;-1407;65;55.0393876136947
0;1;0;167.57;42;0;69.5221086651238
1;0;6;179.59;819;67;79.8128445510251
0;0;0;168.95;1253;0;70.5554900789785
0;0;3;157.9;889;48;63.122463079271
0;0;0;160.27;287;0;59.0212985707248
0;1;3;164.44;-1652;63;67.45730426548
0;0;1;166.77;882;49;72.3949641721256
0;0;2;157.1;616;40;61.5446281068511
1;0;3;168.19;1043;57;68.8907348975015
0;0;2;158.65;105;48;65.9436668523121
0;0;3;155.77;805;48;58.7233065862662
1;0;6;180.76;280;54;81.855105274777
0;1;3;155.13;-322;67;61.1375127360161
1;0;3;165.77;56;42;79.1760977699128
0;1;4;161.02;-77;58;65.1296953857853
0;1;4;165.43;616;58;76.7401432050255
1;0;4;176.46;777;60;79.9956482088054
0;0;4;162.6;245;48;72.15951742566
1;0;6;176.01;42;45;75.2243574011408
0;0;4;158.89;833;43;60.4995396156592
0;0;1;181.01;784;42;74.0728755711249
1;0;5;170.93;1190;50;79.2276043041636
1;0;3;170.54;-154;61;75.5195347559826
0;0;2;163.67;196;46;70.9963353419462
0;0;1;160.35;-154;48;65.8818053373442
0;0;2;159.79;-42;46;57.6464016156232
0;0;0;156.59;714;0;59.6404659474176
0;0;4;164.79;574;43;68.5451525383808
1;0;5;179.31;-91;65;74.1004866718227
0;1;2;164.83;-917;57;57.507073120078
0;1;2;164.46;63;66;73.1959238020899
1;1;3;163.16;-609;66;72.2473181488675
0;1;4;155.9;63;64;63.8341777218137
1;1;5;166.79;357;74;72.0922441782415
0;1;2;166.46;126;65;62.5348428098914
1;0;4;171.91;1351;61;80.2621910248024
1;0;2;181.55;462;61;78.0812188545538
0;1;0;182.14;-1064;0;82.8548618687134
1;0;4;169.8;-805;57;72.7015211022049
0;0;4;171.56;476;43;73.8567853075805
1;0;4;175.73;1316;58;87.1960459288482
0;1;3;163.9;-840;47;67.5679732619122
1;0;4;185.37;693;64;83.3890274029694
1;0;3;170.06;-455;48;77.6791884363762
1;0;3;171.63;28;49;81.4732161079613
0;0;0;157.5;553;0;66.7226467702607
0;0;3;171.99;-217;40;70.6649430880832
0;0;3;161.56;462;47;63.5741586979436
1;0;5;168.76;-63;46;80.7818065087391
0;0;2;168.36;-231;47;68.2274983953019
1;0;2;172.99;-518;58;80.1625461779138
1;0;4;180.48;84;53;79.9465582034096
1;0;5;191.98;1358;58;103.062989501992
0;0;4;158.26;1092;48;66.8067748222931
0;0;2;165.7;833;53;73.9704631555243
1;0;4;173.88;882;44;80.8766523508456
0;0;3;159.95;651;49;62.826454478086
1;0;5;178.37;21;59;81.4394172536715
0;0;2;155.24;161;39;54.6595098119741
0;0;3;171.16;-203;40;71.5949671688969
0;0;0;163.61;126;0;65.3662254085173
0;0;4;163.13;805;55;63.6751741821404
0;0;2;163.33;63;46;62.1229291929454
0;0;4;161.67;-252;45;60.9100580848762
0;1;0;152.78;-1491;0;63.3200695692915
1;0;0;170.38;56;0;79.4103221824038
1;0;3;175.13;126;56;87.0182156918248
1;0;6;176.71;-301;55;71.2203561975193
1;1;6;183.55;-728;82;77.2283088659088
1;0;0;169.25;-266;0;68.0065488049701
0;0;4;167.19;308;48;64.3844657401535
1;0;0;175.2;77;0;82.6524249089926
0;0;1;166.55;875;39;67.5277370098357
0;0;1;163.22;770;53;70.4217419546864
1;0;0;172.41;630;0;76.8245733078386
0;0;1;165.92;-385;45;68.2659018351291
1;0;3;171.87;560;51;73.4626545298797
1;0;4;181.77;77;51;83.666159165842
0;1;0;170.59;-574;0;76.624784982664
1;0;4;165.27;602;46;65.1868643977417
0;0;3;155.57;343;39;59.4835953303842
0;0;1;161.16;406;43;71.8351914473517
0;0;2;163.76;147;45;70.3804593786947
0;0;3;164.91;938;44;67.9629756910438
0;0;2;150.3;91;40;59.0716145705392
1;0;6;173.58;112;48;80.744961029593
1;0;1;174.01;224;49;79.2053967187228
0;1;2;158.16;-1008;56;56.2391418291148
0;0;0;155.89;952;0;60.4502985611023
0;1;3;169.37;147;61;76.9621362460353
1;0;0;173.69;294;0;81.7375544239849
0;0;1;163.56;665;39;62.8054826402508
0;0;3;169.24;-427;35;63.21574497988
1;1;0;178.33;84;0;74.745693466129
1;0;0;166.78;28;0;70.1920090053133
1;0;4;174.37;399;58;78.934092014752
1;0;2;187.3;343;50;87.2388959433383
0;1;3;169.97;-1687;63;68.804239203647
0;0;3;159.86;49;40;62.3432993328753
1;0;3;184.36;427;49;87.1597381637282
1;0;6;172.24;602;49;76.930673547887
0;0;1;166.05;588;37;74.6571579248785
1;0;3;181.31;252;54;90.7812415321159
1;0;0;176.26;623;0;79.2000799478965
0;0;0;143.4;560;0;51.8476936345955
1;0;3;181.13;1288;61;88.8011992890609
1;1;4;169.64;-1323;70;74.6876038110652
0;1;4;149.56;-518;53;56.5329962119544
1;0;3;173.25;-742;60;65.3509995325676
0;1;1;159.08;-791;63;68.6305310740777
1;1;6;188.01;-1778;74;84.1213857454425
1;1;4;184.02;-112;61;83.4997593753166
0;0;0;174.79;679;0;78.0398465192399
0;1;0;158;-868;0;50.9703524714602
0;1;2;149.53;-147;60;58.8499873427878
0;0;4;164.36;483;48;68.2261462900402
0;0;0;168.52;-35;0;68.9623457365455
1;0;1;165.35;546;46;69.1216657090275
1;0;6;174.61;581;58;76.0513543501976
1;0;1;179.19;-175;55;85.5501817945655
1;0;3;178.23;175;46;81.8135797304508
0;1;0;161;-798;0;62.0685684297472
1;0;4;173.85;-70;62;81.9548242645548
1;0;0;182.06;497;0;75.8678215545256
0;0;1;163.42;525;42;69.4758320677591
1;0;2;176.67;630;51;93.0450873192649
0;0;2;166.59;-63;43;60.5598194418364
0;0;0;160.67;336;0;55.8206051473088
0;0;0;158.39;-567;0;63.367707803087
0;0;3;162.89;693;49;57.8147283351644
1;0;0;171.21;-140;0;72.9230951217886
1;0;3;185.49;679;56;87.1435766060965
0;0;3;161.13;462;51;62.310935363585
0;0;4;162.18;266;42;61.9797800348339
1;1;6;169.3;-2744;59;70.924512799992
1;0;4;169.81;742;67;74.6442855997511
0;1;1;176.33;-49;73;75.3686972714836
1;0;2;169.62;175;52;70.6807198649508
1;0;4;179.07;-679;56;78.3945497144314
1;0;5;173.63;623;50;85.1230048404837
0;0;4;150.24;-630;50;52.7390693614483
1;0;4;157.93;21;45;63.5458455624981
1;0;1;172.03;798;55;70.134960471551
0;0;2;162.77;427;49;68.8271800944236
0;0;3;174.18;-329;45;65.6081012093122
1;0;6;169.09;504;58;78.2403988178405
1;0;5;171.74;679;51;63.6158513701533
1;0;4;175.7;434;63;76.7204755414817
0;1;1;171.46;-112;58;64.9460874604984
1;0;4;173.71;462;41;76.8001723555312
0;1;2;154.41;-784;54;61.0480742929983
1;0;1;173.06;616;55;71.5005074851646
0;1;1;164.8;-1505;65;55.1208299067654
0;1;3;161.53;-777;59;63.2575904164715
1;0;1;181.38;966;50;85.4484565944976
1;0;0;187.61;-602;0;90.2105936598567
1;0;3;183.24;-644;53;78.8861951073775
0;0;1;160.67;399;38;58.6350890118891
1;0;1;173.93;861;57;74.9418882595423
1;0;2;168.71;-266;55;80.0047270992722
1;0;1;160.71;630;63;53.9703356293781
1;0;4;182.78;931;48;84.700628382226
1;0;1;166.64;805;52;78.4088854519908
1;0;0;176.63;308;0;88.8272732846715
1;0;4;183.69;441;51;84.6823983552594
1;1;4;170.66;-406;79;72.9226778881428
0;1;3;158.25;-777;59;65.334199089133
1;0;2;184.17;322;64;86.3501495541155
1;0;6;188.5;238;53;91.0746109539456
1;0;5;182.39;700;59;88.3330153154015
0;1;2;159.9;-21;66;58.6065454736061
1;0;3;167.53;1603;47;77.5820014763979
0;0;4;158.86;546;47;68.6210825529381
1;0;2;166.86;189;47;69.3876470321688
1;0;0;175.11;-154;0;82.4002853703801
1;0;0;171.16;70;0;81.3018453643208
0;0;1;169.42;686;55;82.311375144255
1;0;0;171.16;322;0;85.9682795214461
0;1;2;161.16;224;67;56.6023946530015
0;0;4;167.08;476;45;69.4982019283495
1;0;6;174.17;476;44;83.620900840555
1;0;1;172.92;-203;61;66.9339604930131
0;0;4;165.44;546;53;66.6350706705642
1;0;6;178.58;518;53;77.0314681855424
0;1;3;170.81;-315;76;63.9847856594779
0;0;2;172.43;658;45;75.3254108275351
0;1;1;149.88;-1470;44;55.4974706747482
1;0;2;172.99;497;57;69.9165545356772
1;0;3;173.35;497;65;80.3307887952051
0;0;0;173.01;70;0;78.0448367021819
0;1;1;158.06;-2625;63;64.8604084713416
1;0;6;181.69;175;72;79.2938500457429
0;0;4;159.01;-679;47;58.2339947052165
0;1;2;168.1;-126;55;70.7347718976311
0;1;0;164.25;-203;0;58.3173492158613
0;1;1;167.21;-525;57;70.8097756895124
1;0;5;170.48;1568;53;65.8896522397526
0;0;3;158.49;427;59;63.2641647957197
1;1;6;177.92;-609;50;81.7173191908761
1;0;2;179.08;-189;60;84.6700006081693
1;0;3;170.72;49;57;77.4691043915512
1;0;1;174.18;-847;47;81.8434289232417
1;0;6;181.42;868;57;77.2740626899826
0;1;1;165.98;-1106;65;66.4254625562529
1;1;3;172.75;98;58;77.1190160467153
0;1;3;163.66;-329;71;58.2699659074945
0;0;0;156.73;-161;0;57.6821598067503
1;0;3;186.14;-301;48;82.419264777154
0;1;4;170.05;-1533;66;73.7188828661591
1;1;1;175.86;-2212;70;74.5540319497233
1;0;3;174.52;105;49;78.8408789584842
0;1;3;159.72;-882;59;68.3750582562729
0;0;2;170.02;259;47;65.5851052640269
1;1;3;177.85;-805;79;90.1129291426194
1;0;5;173.27;84;46;84.4764822288544
1;0;4;172.55;-35;62;70.3958135210311
0;1;4;155.96;-763;58;53.9213735343057
0;0;4;156.43;483;39;63.9751402689856
0;0;4;167.05;-301;53;66.5734472930449
1;1;3;170.58;-1323;53;74.2164080006604
1;0;2;184.52;147;54;82.3844814839987
1;0;0;171.46;707;0;82.6999383823496
0;0;4;159.21;-364;51;64.8615993449048
1;0;4;172.36;1148;59;81.3420159820468
1;0;5;181.74;182;47;86.6979701459535
0;0;4;160.18;-14;54;52.400271746266
0;0;2;164.44;1323;44;83.6681847012805
0;1;4;155.99;-1036;63;53.9661373926168
0;0;0;160.83;1295;0;69.8972515383008
1;0;5;183.07;777;57;77.710101385018
0;0;1;153.84;518;42;58.0739905479353
1;0;5;173.29;826;65;76.8995310678338
0;1;0;161.53;-1603;0;64.3117042028428
0;0;2;168.6;-602;50;71.249226409016
1;0;0;171.84;609;0;73.560258417414
1;0;1;179.47;-49;54;81.1767412915571
1;0;6;187.31;-14;64;108.489971706638
1;0;1;175.18;742;49;80.6555566022565
1;0;6;170.78;-119;49;65.6073003081625
0;0;0;150.68;-91;0;53.9610629218706
1;0;0;171.63;-196;0;72.2365256469973
1;0;3;170.19;252;63;74.1497892206044
1;0;2;185.97;406;53;84.4183675866579
0;0;4;155.11;-392;45;64.1521963826366
1;0;1;168.09;217;59;64.6795756215759
1;1;0;161.49;-595;0;67.6945988958355
0;0;2;152.78;875;48;67.8767368076395
1;1;6;161.79;-854;83;68.8225052223285
0;0;4;169.5;483;53;72.7671371829153
0;1;1;169.25;-1274;57;75.9682149632394
1;0;1;171.21;315;57;70.3202104155689
0;0;3;162.04;798;51;63.9158789369353
0;0;3;162.77;-301;31;61.135394039547
1;0;1;170.3;14;58;76.4012916527899
1;0;5;171.15;203;59;77.6912671339544
1;1;4;195.91;-322;76;101.04020330646
0;0;0;160.08;637;0;63.5970804462356
0;1;0;150.49;-903;0;56.9368589747735
0;0;1;152.77;700;42;47.2042339520733
0;0;4;158.62;-749;35;61.9601209731505
0;0;2;155.43;-266;36;70.8814258328201
1;1;4;166.99;-1750;67;59.4304335378996
1;0;4;169.89;56;50;72.624687595548
0;1;1;150.01;679;45;55.5895855294676
1;0;6;168.93;1337;56;73.8524982247487
1;0;3;175.04;217;52;68.0705352091214
0;0;1;149.67;371;43;66.5385695067975
1;0;4;178.54;-553;55;79.6000002841693
1;0;2;171.09;420;60;79.2663123506788
0;1;0;170.57;-1568;0;67.5070575142216
0;1;1;165.04;-1666;58;63.5493879999314
1;0;5;177.01;882;64;80.0665641022623
0;1;3;168.39;0;63;65.7190828594958
0;0;3;163.24;1078;45;65.5547486486493
1;1;4;170.45;-1792;70;70.4170010382407
0;0;2;163.92;-518;39;64.0773496531197
1;0;6;194.45;560;61;90.7354682489775
1;0;5;171.81;-420;50;75.8969734975247
0;1;3;162.82;-35;63;60.4014778323
0;0;2;166.68;-140;55;64.2017780128098
0;0;4;156.37;756;55;56.1418307674211
0;0;3;158.87;336;47;63.2191979840426
1;1;1;177.68;-161;60;80.0712647074127
1;0;4;179.04;399;50;74.8830065400005
1;0;1;190.02;0;53;87.9301324407322
0;0;0;160.05;-462;0;64.6461141496006
1;0;0;172.29;420;0;71.7380556527712
1;0;3;181.48;231;49;76.7147240242837
1;0;5;174.94;903;53;83.9994260456988
1;0;5;178.11;1393;56;73.7097389418625
0;0;4;159.17;672;54;57.2394537786692
1;0;1;159.66;693;64;71.9113758963371
0;1;4;153.22;-658;64;45.1567906481713
0;0;0;175.35;0;0;81.1019849996948
1;0;3;181.58;1204;53;84.4145176095494
0;1;4;153.49;-588;67;54.2780862127281
1;0;3;178.88;-147;53;76.3250956545627
1;0;1;175.14;77;57;79.0326324201781
1;0;6;166.26;490;56;73.2298363361885
0;1;4;175.31;-1421;63;75.7387336814515
0;0;0;163.81;476;0;61.1444283648905
1;0;1;169.5;511;50;69.1230247492737
1;0;1;175.14;1008;54;84.5769878257343
0;0;4;158.97;609;53;65.3062311597236
1;0;6;161.29;-280;56;65.215962955524
1;0;1;167.31;1750;54;70.5420470015835
0;1;4;148.98;-462;60;57.8540203352079
1;0;1;176.71;273;52;78.1957471461327
1;0;1;169.92;994;63;67.5457486090652
0;1;2;160.48;-1246;61;57.6387098356257
0;0;4;166.59;-378;45;64.7620855316269
0;0;1;162.55;-154;42;64.7183563316466
1;0;3;160.23;931;64;67.7433298151592
1;0;0;179.03;1701;0;76.8651421924743
0;0;3;161.01;-315;44;65.6662500128419
1;0;1;168.82;392;57;68.0681883135742
0;1;0;159.67;574;0;66.1902764174113
1;0;4;186.32;-658;61;85.9726943931849
1;0;2;172.69;392;59;71.7147317849479
1;0;5;174.54;-161;51;80.151592627939
1;0;6;174.88;504;60;76.933315611411
0;1;2;179.93;-1358;63;74.2467229757456
0;0;4;151.94;-448;52;54.2418027105908
1;0;1;182.32;-385;49;84.0909872854555
0;0;3;156.96;-217;54;61.0730274354109
0;1;2;168.51;-1204;70;74.0039598212798
1;1;5;170.18;-826;70;72.5999458753648
0;1;2;153.75;-966;67;55.1699703873527
0;1;4;169.28;189;67;68.845668429737
1;0;4;182.95;231;51;86.938168707128
0;1;4;167.49;-203;59;75.7636537164191
1;0;2;189.95;406;38;92.3376560361928
1;0;0;182.07;322;0;91.5356349604918
0;1;0;167.53;-77;0;63.8306093596556
1;0;5;179.07;1148;52;82.2423520490536
1;0;6;172.88;819;65;70.5935476605034
1;0;5;170.72;364;57;76.6992446245863
1;0;3;181.95;-728;58;81.6072547630972
0;0;3;153.04;427;35;60.6691576619408
0;1;1;167.07;-2310;69;61.1357490518197
0;1;4;161.79;-287;60;61.7505988184417
1;0;0;169.75;532;0;81.1132799943914
0;1;0;148.07;-1547;0;56.1500187146852
1;0;1;174.25;-658;45;78.9078461228405
1;0;4;193.49;441;44;96.7952846205864
1;0;1;171.04;154;58;68.0542248771139
1;0;4;165.81;84;59;81.4482040388075
0;0;3;170.04;112;35;71.1178224800666
0;1;1;170.14;-315;60;72.9957309781923
1;0;4;169.13;910;42;69.8309826681467
0;1;1;186.73;154;57;84.9159553168242
1;0;2;167.11;357;55;73.9909896347801
0;0;3;163.49;7;46;66.1381953745493
1;0;0;165.96;427;0;73.8606577824551
1;0;6;172.76;91;54;76.168092509183
1;0;6;178;-189;48;84.5973723870671
0;1;4;152.72;-336;62;48.3436804784072
1;0;4;169.59;168;55;79.9192923215729
0;0;4;155.24;77;41;61.0615698416926
1;0;1;171.96;1001;57;78.3405564268861
0;1;4;164.21;427;69;66.7919557310691
0;1;3;155.47;-1050;53;58.8847783056233
1;1;3;160.49;-84;65;66.6089198733488
1;0;2;172.86;1246;51;81.2988875631954
1;0;5;181.87;42;50;86.6479892055731
1;1;2;178.37;-840;73;69.3292768951764
0;1;3;168.53;-434;67;74.0863154966837
1;0;3;171.29;1197;52;73.7194238522341
0;0;0;160.42;539;0;69.0679264096273
0;0;1;152.38;406;44;58.8819645729458
0;1;4;158.92;-1575;52;61.6807962458664
1;1;2;175.13;-231;57;76.6447982985716
0;0;2;164.81;630;40;57.4303996178455
1;0;0;175.93;-7;0;75.8570524266002
1;0;3;160.13;343;58;72.2975400352174
1;0;2;177.58;-280;54;77.8283527922945
0;1;3;172.73;-336;57;76.1017654359555
0;0;0;135.81;777;0;44.4682790292934
0;1;4;166.13;-1652;58;68.409414905543
1;0;6;170.65;203;53;79.6825533320375
1;0;6;172.46;-259;62;71.4212091976379
0;0;0;169;560;0;69.7418903831874
1;0;4;175.79;476;56;89.3620143817027
1;0;1;173.4;735;50;84.5050335302506
0;0;1;163.79;945;39;67.6421837521377
1;0;3;178.28;63;52;76.3513503132596
1;1;3;169.07;-539;80;76.9321461448237
1;0;2;176.63;980;62;83.331048145304
1;0;0;175.8;49;0;74.795872499704
0;1;2;154.76;-721;61;60.5376733317091
1;0;6;170.14;1057;57;76.9476458019114
0;0;1;161.48;987;48;61.9185210373956
1;0;3;173.99;567;69;90.1254078326897
0;1;3;152.68;-875;54;54.6999566736511
0;1;1;166.3;-14;50;66.0087304144363
0;0;0;174.81;70;0;79.8511000765119
0;0;3;147.8;-238;43;51.4258717004112
0;0;2;152.97;784;58;59.9649611825892
0;0;4;160.21;854;49;59.952304729962
0;0;1;152.43;266;48;58.3456660773771
0;1;3;163.07;-700;57;60.7692945118308
0;0;4;152.2;-280;45;57.1650947758413
0;1;4;153.41;-931;62;60.0823664715009
0;1;4;143.73;-182;63;48.0031943382744
1;0;4;174.55;784;50;79.803247248997
0;1;2;152.38;7;48;60.2739005799362
1;0;1;175.74;791;58;82.4716789225495
1;0;4;167.8;1379;58;68.6832592225777
1;0;5;173.71;1092;61;87.6710918946047
0;0;0;159.61;-756;0;66.8324121632852
1;0;0;169.86;1001;0;73.755221968157
1;0;1;183.88;525;47;78.8140972935569
0;0;3;172.48;567;38;77.1476774456367
0;0;1;158.71;-217;49;56.4706390813426
1;0;4;178.43;-161;52;95.1355245537339
1;0;6;187.68;917;57;91.6622140174612
0;0;3;163.6;-77;45;68.2731016494655
1;0;2;188.84;35;61;90.5406798965884
0;0;3;162.93;-504;35;75.1052599692558
0;1;3;156.37;-1176;51;54.4015540616222
0;0;3;166.16;-287;49;72.106126170651
0;1;0;153.72;-497;0;61.9354699641695
1;0;2;176.6;1645;48;89.3000384531084
0;0;2;165.89;686;46;60.2716437310979
1;0;6;183.25;-154;47;90.3375930701233
0;1;4;153.23;-581;53;53.5319314584084
0;1;3;155.92;119;66;59.4779640590023
0;0;1;155.6;196;55;63.2663540856391
0;0;3;158.73;805;44;57.0954598844385
1;0;6;172.54;0;62;78.4795837230545
0;1;4;157.67;-1442;59;63.1088438794874
1;0;2;178.15;1239;60;86.8383133049872
1;0;0;168.51;70;0;74.2676469768459
0;0;2;155.73;427;44;64.1647565700882
1;0;6;165.57;686;51;79.8711896563877
1;0;3;178.61;399;67;83.1027304366729
1;0;0;170.3;364;0;75.2269071973607
1;0;5;166.91;1050;42;63.3865932952006
0;0;4;164.97;-224;41;71.8359694851086
1;0;1;172.57;665;53;76.5769985478127
1;0;5;179.48;1225;49;80.2366745049051
0;1;3;165.99;70;68;70.7703783153289
0;0;2;156.88;294;46;70.4407708783858
1;0;6;172.33;343;53;73.337537380496
0;1;4;152.85;-595;48;51.0064743836852
0;1;3;163.95;-994;59;63.7149094038989
0;1;4;162.61;350;64;64.2494971692098
0;0;0;163.27;1582;0;59.1232293529199
1;0;2;163.91;294;62;61.8854960378805
0;0;4;152.96;273;49;54.3743149348091
1;0;1;178.5;-357;56;85.6379010392428
0;1;2;156.83;-301;49;60.3359916237093
1;0;3;171.32;-1022;50;76.6971504243601
1;0;6;174.16;1568;66;80.8197968538748
0;1;1;158.31;-791;54;57.6025334413559
1;0;6;187.65;126;48;89.7060200723502
0;0;1;161.58;-511;55;59.625247008071
1;0;1;188.41;-161;54;92.7807177309291
0;1;4;158.16;-749;74;63.4313569283473
1;0;4;180.07;-168;53;81.3380964300999
1;0;5;167.05;721;56;69.7799218481589
0;1;0;147.57;-476;0;55.8123442599908
1;0;3;181.45;693;56;92.9932992275151
1;0;3;177.35;-483;59;78.2724271746225
1;0;0;181.46;805;0;85.1008611609561
0;0;4;161.03;-826;48;61.5262932827444
0;1;4;166.39;-847;60;65.0560598431349
0;0;3;161.09;-854;45;58.1175280335948
0;0;1;160.38;294;53;64.0697421017151
1;0;6;172.95;196;61;79.4588449406945
1;0;2;161.22;861;60;67.4423672277378
1;1;3;182.05;-2695;51;68.5851725989812
0;1;4;164.16;294;64;65.5890776402866
1;0;6;176.53;273;60;76.7128430635433
0;0;4;165;560;37;74.5947470514314
0;0;0;163.54;511;0;66.6777838488405
0;0;1;177.57;343;37;77.8376523590606
1;0;0;172.62;252;0;82.7102822672328
1;0;3;193.57;-203;59;92.9026021092046
1;0;6;161.09;-721;49;57.1115437563566
0;1;0;160.9;-833;0;59.690388093071
1;0;6;179.99;77;53;75.0861188948456
0;0;3;171.11;574;42;62.2841560724264
1;0;4;174.02;231;59;75.2074930011582
1;0;6;176.03;644;48;81.4818736086673
1;1;2;176.29;749;60;79.2745262144432
0;0;0;149.12;749;0;51.0494448789311
1;1;2;160.02;-1239;64;70.3468673653225
1;0;0;174.64;168;0;80.9676622851102
1;0;1;171.61;945;62;82.1924327881764
1;0;0;182.61;-28;0;82.3360332142609
1;1;5;186.39;-686;50;90.0665107990109
1;0;5;173.63;224;52;78.1666249187904
1;0;6;179.8;336;64;83.6086433773676
1;0;0;178.7;-560;0;76.7462847018786
1;0;2;174.46;763;58;84.1120009345329
0;0;2;159.72;287;45;66.8766710279477
1;0;6;175.67;567;49;75.3999271747134
0;0;4;165.04;231;42;71.5875727058744
1;0;5;173.2;1169;64;83.925806718678
1;0;6;174.19;350;51;79.00126331706
0;0;2;159.96;112;42;67.772083812038
1;0;0;165.04;98;0;78.0483047303287
1;0;0;175.89;798;0;82.5820693997301
0;0;1;178.26;-91;49;79.9669170084532
0;0;0;166.96;336;0;71.4569913628154
1;0;2;172.16;182;55;71.759982849876
0;0;1;162.77;581;37;59.5349133326719
1;0;4;167.77;770;51;77.0871614315792
1;0;2;164.02;-21;51;55.0503665993919
1;0;1;162.47;-84;58;73.8109199002057
1;0;2;178.16;672;55;86.5084925141399
0;0;0;160.35;448;0;67.1786970673444
1;0;3;182.74;-259;51;73.1369454570276
1;0;0;177.19;931;0;77.4054280430685
1;0;2;176.11;35;60;78.9449324765792
1;0;5;179.02;1673;57;78.5070972193208
0;1;1;154.43;-147;70;54.9239497237886
1;0;2;184.59;63;55;91.3734836738021
1;0;2;182.2;49;56;79.1489547731973
0;0;0;156.26;735;0;60.6472366713743
0;0;0;163.11;119;0;69.1415024482272
1;0;4;183.65;476;57;86.9640609969707
1;0;4;193.91;973;61;92.1741017249108
0;1;3;156.19;-518;50;61.1988923145101
1;0;2;168.22;1155;53;69.9414855110374
0;0;2;160.15;21;51;66.1889952832632
1;0;4;183.78;-42;52;81.1696709024386
1;0;0;176.43;644;0;75.1676949759331
1;0;3;181.85;462;49;92.0952977495905
1;1;6;176.48;-1386;86;75.8605838812066
1;0;6;173.58;-777;48;71.7816482468122
1;0;3;177.67;-1288;51;74.9209576084083
1;0;4;160.4;686;60;68.1856415747137
1;0;3;174.42;182;62;75.4558347374598
1;0;2;184.25;-280;67;80.6239544387628
1;0;4;178.15;840;38;81.2272168722563
0;1;1;170.71;672;60;75.5433315384626
0;1;1;165.07;-161;68;65.2942213722837
0;1;4;155.17;-728;60;49.8619736320545
1;0;4;162.11;1302;55;71.0078566291244
0;1;1;159.08;399;68;69.8021847364283
1;0;5;181.33;784;48;85.0183601050636
1;0;6;182.17;1274;54;83.0954363239413
0;0;1;162.57;196;44;63.4207169753948
0;1;4;168.07;-903;66;67.6300652841192
1;0;5;168.61;861;62;72.4363324825072
1;0;6;168.81;182;53;62.1923648412493
1;0;1;171.66;1029;44;78.5028053467404
0;1;1;155.82;-1085;52;59.1492576710478
0;1;2;162.05;-217;62;69.0406750820524
1;0;1;178.99;714;56;84.4771726232293
1;0;4;173.78;1085;56;83.3875964638248
1;1;2;174.25;-126;57;70.0271527706602
1;0;2;169.42;189;49;78.1803885581423
1;0;5;163.71;-308;54;66.9660401998239
1;0;0;183.04;441;0;89.7977828121401
0;1;0;156.19;-1589;0;55.2216880562378
0;1;1;149.81;-1449;59;45.5321946315964
1;0;4;160.96;1309;64;56.8565923008354
0;0;1;164.13;21;52;58.6259654974257
0;1;0;156.83;-280;0;63.2199510176644
0;1;4;167.9;-1344;70;67.0692290346353
1;0;0;172.58;308;0;78.7183342054406
1;0;6;157.54;-98;56;61.8287351421739
1;0;5;185.02;259;63;96.9768718389387
0;1;4;157.21;-14;44;48.2132699140134
0;0;0;157.89;1022;0;70.9896748156997
1;0;2;173.33;140;58;79.2692703251034
0;0;0;146.53;-49;0;54.3674206376502
0;0;3;153.73;371;53;56.6030024837868
0;0;4;161.98;-588;44;51.7727423965817
0;0;4;147.26;-252;41;54.7259224302187
1;0;5;174.48;434;58;84.0742673463232
0;0;2;145.71;1148;45;65.2723715025994
1;0;4;175.24;252;51;77.9242948078081
1;0;4;164.36;581;50;68.990173077119
1;0;2;166.19;707;52;65.1777636540812
1;0;5;172.27;63;59;66.7958673496636
0;1;1;161.84;-987;58;73.081618013503
1;0;6;179.55;119;60;81.8276681717551
0;1;0;160.48;-686;0;68.4249150948616
0;0;2;169.05;560;47;73.0963760856867
1;0;3;171.19;175;71;73.4547419654223
1;0;3;180.71;189;55;84.0451686251013
0;0;0;158.9;-973;0;57.1161331524835
0;1;4;162.75;189;61;66.3037744266132
1;0;6;165.98;308;61;69.2371827652986
0;1;1;154.39;-217;64;54.9435267720935
1;0;3;176.52;35;48;80.9558061596429
1;0;0;177.97;105;0;75.9693692560741
0;1;0;178.34;-7;0;81.0497998132443
0;0;2;156.94;-889;42;61.6071433724016
1;0;1;194.11;483;59;90.6052507225556
1;1;0;174.52;-1218;0;71.7413198681593
1;0;4;179.77;518;64;89.7097063738697
1;0;5;170.41;77;48;74.7966124705102
1;0;6;165.18;1057;59;75.8485257957336
0;1;0;159.93;308;0;64.6263846226717
1;0;0;184.1;700;0;89.674576240435
1;0;0;184.08;1078;0;87.4814832825602
0;0;1;170.29;1204;40;73.7729231385199
0;0;4;146.52;1078;52;52.4881264881351
1;0;6;169.76;434;37;70.7730611662377
1;0;2;150.96;161;46;53.2572628425124
0;0;1;159.99;455;41;67.7648568535048
1;0;2;171.83;658;44;74.1273448077697
1;0;4;177.29;147;51;81.440493898702
0;0;2;166.85;1064;47;69.1398075184014
1;0;3;172.54;728;62;75.5277349795441
1;0;4;167.26;868;43;75.8488584933674
1;0;3;180.11;959;51;93.1900529888758
0;1;4;161.01;-1246;59;62.7713945922998
0;0;2;170.11;756;35;72.7810580903989
0;1;3;155.35;-707;72;49.5272725978363
1;1;1;177.66;434;65;78.5185483767981
1;0;4;185.21;420;48;80.592331703174
1;0;5;184.18;-196;50;86.3367477710618
0;1;4;154.52;-1281;63;59.8200399418182
1;0;5;172.47;840;52;80.3459001406161
0;1;2;158.1;770;65;60.5205091380629
0;1;0;157.73;-1330;0;51.6157428434485
0;0;4;159.66;-112;46;57.0391043106917
0;1;4;165.78;-1176;60;65.6420034952444
0;0;4;173.1;826;44;72.9627244317915
0;0;3;156.19;175;39;56.2068668593089
1;0;3;175.51;-112;50;84.3894286138488
1;0;5;166.47;392;53;71.4006483898163
1;1;1;182.85;-1470;70;79.8019878962178
0;0;0;161.1;546;0;65.8839884067756
1;0;5;181.61;-280;62;82.9976220684422
1;0;0;178.55;1071;0;85.0388636008956
1;0;6;180.56;-308;69;80.1354630627117
0;0;3;144.52;259;33;58.3734977723289
0;1;3;165.79;-350;59;67.181075115952
1;0;4;179.96;882;63;84.9065613866849
1;0;3;161.21;-140;70;62.0764325508526
1;0;2;176.81;931;48;74.2532968096398
1;0;1;181.04;196;59;88.1243605180256
0;0;0;166.4;112;0;60.5839249448447
0;1;3;167.3;-1827;68;60.969999136757
1;1;1;179.6;-1365;81;77.0889456614202
0;1;1;166.77;-672;59;61.5882386747235
0;1;4;168.39;-2100;59;63.8570486484765
1;0;1;181.12;980;60;83.2461562339036
1;0;2;176.56;119;44;84.9855815253674
1;0;4;176.34;-448;62;74.4060597213771
1;0;6;192.27;1092;60;87.3892901911087
1;1;2;183.23;-308;83;88.013738582366
0;1;1;154.52;784;68;59.4387864909295
0;1;1;156.67;-1400;56;54.7341128163713
0;0;4;168.92;-49;38;68.6166496261597
0;0;0;146.49;917;0;51.2850179544637
0;0;3;158.71;896;41;52.8698251192181
0;0;2;163.06;-448;43;62.8277728185317
1;0;2;179.54;-532;57;89.3547166813351
1;0;6;180.65;462;56;80.2450507153321
1;1;5;186.51;-182;62;82.6068733735205
0;1;1;161.46;70;62;67.4977097171068
0;0;4;160.23;945;37;59.4161849881152
0;1;0;156.04;-819;0;57.7282413370735
0;0;4;173.51;-147;39;76.5631462640472
0;0;0;157.26;238;0;63.8281113654932
0;0;2;174.04;-126;52;70.9315745236441
1;0;5;176.58;-140;57;79.4708105612514
1;1;0;192.02;-1134;0;88.1878930988592
1;0;5;167.4;-1022;64;64.3825662213901
0;0;4;154.76;952;49;54.2333725358813
1;0;6;182.62;532;57;75.7768779899212
1;0;2;170.2;301;57;82.7470699556646
1;0;2;170.32;581;54;80.6307943764487
1;0;3;171.56;-112;51;70.2519566293528
1;0;4;159.94;1064;60;70.9512052219239
0;1;3;156.12;-889;70;57.4252075187131
1;0;6;173.57;217;52;82.6188796921695
1;0;5;165.23;-595;54;55.4464543624337
0;1;2;152.61;70;52;54.3409992151487
1;0;0;164.94;-49;0;69.0181723006245
1;0;6;171.47;574;49;82.501843947362
1;0;2;177.65;-700;55;79.3344818579009
0;0;2;153.79;770;51;53.9003159930771
0;0;3;171.55;1120;36;80.0309061632114
0;0;1;148.47;651;46;49.1993235067033
1;0;6;180.35;322;60;79.3939471641104
1;0;6;171.87;1638;63;80.1044925052132
1;0;0;175.41;-105;0;83.8667113449929
1;0;5;177.53;42;64;77.3690494550087
0;1;1;156.95;-1295;55;45.2709245036061
0;0;4;155.41;84;43;57.668664536762
0;1;2;162.23;-1848;61;65.1017560820065
0;0;3;166.96;826;51;61.5019178271982
1;0;5;196.65;546;49;99.6140210370479
0;0;4;154.82;714;41;57.8171906512044
0;0;1;157.46;56;48;59.7792736382139
1;0;6;162.28;161;51;58.1605672330567
1;0;3;182.8;952;62;84.5480227764508
1;0;0;185.93;434;0;93.0750716399584
0;1;3;163.09;-707;63;56.0666247295208
0;0;0;166.67;259;0;64.5305567641833
0;1;3;164.31;-336;62;63.9179270757262
0;1;1;158.77;-238;69;57.9356918560802
0;0;0;171.31;217;0;84.5211581495921
0;1;2;151.8;56;62;45.0259067786203
1;0;1;170.86;560;49;79.8318203222463
1;0;1;164.07;308;69;68.3934103535525
1;0;3;176.96;294;72;76.4349464346002
0;0;2;156.51;364;42;54.0833539741282
0;0;2;160.09;91;48;62.3345128744394
1;1;1;166.62;-280;72;63.5480166384143
1;0;3;186.01;973;55;91.0190271970074
1;0;4;173.56;364;53;79.7008365098322
0;0;0;160.45;931;0;65.4279214428139
1;0;5;176.09;469;48;80.2537528985228
1;0;0;170.4;231;0;64.2052799602019
1;0;6;174.35;-490;62;76.8581589504146
1;0;2;174.53;371;37;81.418341200323
0;0;2;162.13;420;45;64.2418006242807
0;0;3;166.38;-154;54;66.5543575331211
0;1;4;162.26;-462;55;62.7329164515721
1;0;4;177.35;259;44;77.2924192034161
1;0;6;170.64;343;55;70.0889037590227
0;1;1;161.6;-2149;72;64.1471533129603
1;0;3;187.75;308;60;80.9221697405247
1;0;2;170.11;889;59;77.6116422007867
1;0;3;176.02;518;54;84.0017969943504
1;0;4;179.18;35;45;76.8207717496006
1;0;0;184.58;-1071;0;85.464729722377
1;0;2;170.8;-182;46;74.1427673926241
1;0;0;168.3;-357;0;69.7836330876431
1;0;5;185.56;665;52;86.1968652509558
0;1;2;165.49;-1169;50;70.0338320773922
0;0;3;154.06;-378;51;53.3971556769744
0;1;4;162.25;-672;52;70.3357977474102
1;1;1;167.82;-77;82;73.2042410861035
1;0;6;170.87;483;43;71.7298898942431
0;0;2;169.24;-21;49;69.8572700248473
0;0;2;160.66;553;44;67.5130049112254
1;0;1;175.17;-266;61;81.162340180335
0;1;3;165.37;-399;71;70.41493511698
0;0;2;159.72;630;42;63.8313585505166
0;1;1;163.71;-1596;57;54.9522443605808
1;0;2;169.34;-42;50;79.3711400887496
1;0;4;192.82;70;49;97.9548370541355
1;0;1;161.71;574;56;71.9436117779017
0;1;0;159.83;-1442;0;50.3860113263854
0;0;2;157.74;-441;37;66.4224757222557
0;0;2;168.83;224;37;79.1691062092582
0;0;3;153.32;-14;46;54.5642716341666
1;0;1;170.09;1078;57;73.000091000764
0;1;3;171.88;14;55;65.599130868651
1;0;6;181.3;469;51;87.2920534485649
0;1;0;166.05;-644;0;67.4785175854025
0;1;4;165.02;-1106;57;65.1185159134875
1;0;6;178.47;-189;62;80.5190008432034
1;0;2;169.27;-182;50;62.8988621870419
0;1;2;154.73;-973;42;54.6415027967777
0;1;1;166.14;-1204;56;58.5391665406142
1;0;6;181.21;231;61;85.0591822832198
0;1;4;155.68;-147;61;59.5810380130283
1;0;1;180.02;189;46;80.2340800993723
1;0;2;170.37;1260;64;74.0583692567747
0;0;1;156.26;784;42;63.6295356282193
0;0;3;154.55;917;51;63.3762335654333
0;0;3;161.22;-126;46;59.8607537893665
1;0;3;173.6;-588;53;84.1091895781511
1;0;1;170.55;1288;45;85.8398694310679
0;1;4;171.17;651;61;71.4500299922505
0;0;3;154.69;-651;45;58.6321577922866
0;0;2;159.7;574;52;60.5474521119938
1;0;5;184.71;812;48;85.5702230074368
0;0;1;165.41;896;51;76.3917296679724
1;0;1;180.64;-14;63;72.9483413584074
0;0;4;154.42;1022;45;63.5236012683604
1;0;4;172.77;357;58;74.5418180055635
0;1;2;160.55;-105;69;52.1987523013505
0;0;3;161.96;182;40;70.4678853511477
0;0;3;156.04;399;43;68.7846787550485
1;0;6;162.48;154;56;63.5222263720664
0;0;3;162.27;385;48;67.5620703846628
1;1;0;176.27;581;0;75.8829143552179
0;1;4;165.07;-756;52;65.6515832705768
0;0;0;161.81;-252;0;62.910015078735
0;0;3;163.33;441;53;68.4882232875088
1;0;2;171.22;658;49;77.745367935896
0;0;2;145.12;735;40;44.8283219360522
0;1;2;163.89;-434;58;65.9045401926752
1;0;6;186.55;-1001;56;90.8872067605183
0;0;0;165.39;189;0;56.421167472527
0;1;0;156.96;1463;0;72.8891389562262
0;0;0;157.49;1190;0;56.9479388269174
0;0;1;160.37;994;40;66.5130211647528
0;0;1;166.42;301;45;72.9114512135018
1;0;6;159.51;-119;48;61.7470523872791
0;0;4;172.3;98;49;75.6506770946956
0;1;0;155.21;-791;0;56.3904439610906
0;1;0;157.29;378;0;68.0795269475515
1;0;4;164.36;1505;43;64.1228195827018
1;1;1;162.16;-189;63;66.4796571813828
1;0;2;173.41;525;54;79.67355780577
1;0;1;166.01;-91;50;61.5140743128592
0;0;3;162.24;-182;50;66.2386049480817
1;0;4;173.45;259;62;85.5231547444991
0;1;0;158.81;-497;0;58.7214646239628
1;0;6;168.96;126;52;81.3216806856902
1;0;2;164.32;-406;65;67.6182659861914
1;0;4;178.42;420;52;79.9261256289267
1;0;4;180.17;1043;53;81.7013346335128
1;0;3;172.22;273;54;70.747247568547
1;1;5;178.86;-567;72;77.7006052026969
1;0;3;184.88;42;57;77.0178135812678
0;1;3;169.18;-525;68;64.6245905655459
0;0;0;152.82;-728;0;60.9110089289443
0;0;4;158.06;406;40;57.95112330828
1;0;2;177.31;756;59;77.6079801483528
0;0;2;167.59;588;40;65.4345221650466
0;1;2;159.91;882;66;63.549838153952
0;1;0;158.94;-581;0;60.5468521926405
0;1;0;168.81;-833;0;65.5109583541887
1;0;5;169.17;392;51;66.2821454237711
1;0;4;171.97;-686;62;74.3627576002017
0;1;1;156.73;805;64;60.6243700367773
0;0;3;172.27;434;43;77.0985813625632
0;0;4;169.51;497;47;65.7095842162966
1;1;6;166.6;1330;77;69.0398035915006
1;0;2;181.21;728;52;75.2483171184764
1;0;4;182.07;833;57;81.7877136330365
1;0;0;174.16;224;0;74.9217097679771
1;0;6;166.28;1421;63;75.7660048494055
1;0;0;178.89;-175;0;86.5678145941895
0;0;0;173.04;140;0;65.9579922946625
1;0;3;158.38;-63;51;69.9421424917528
0;0;3;161.17;-28;45;60.4811270594716
1;0;1;168.96;826;53;78.1889982329935
0;1;4;175.43;-1288;63;70.6840126628402
0;1;1;146.68;434;51;55.1117859008499
1;0;3;167.29;49;61;66.2630279476106
1;0;0;171.24;371;0;77.6658803265521
1;0;4;178.8;588;56;81.5260598787742
1;0;3;183.43;-287;53;87.634022810404
0;1;0;163.05;-742;0;74.6877756226743
0;0;4;160.23;-154;35;63.2150570197411
1;0;0;168.64;154;0;73.377681011649
1;0;3;170.75;-56;56;74.7516258830324
0;0;4;161.1;-553;45;60.1103987791138
1;0;3;179;1120;63;88.9731983860128
1;0;4;172.72;917;38;76.7595472363642
0;0;4;169.26;595;51;64.7473037305445
1;0;2;169.26;133;56;80.1594692437479
0;0;4;172.03;-364;50;67.5058093339511
0;0;4;152.25;-112;49;53.7871559877222
1;1;5;179.65;-483;73;80.1112508927331
0;1;1;159.59;-567;54;62.0215615756802
0;1;4;158.73;-1008;61;54.9964411133843
0;1;2;169.72;-595;55;73.2718849570243
0;1;1;155.13;245;56;60.0956729671249
1;0;2;171.49;154;50;69.9499378543179
1;0;3;165.09;-35;54;68.3102458065158
0;1;4;162.94;-812;63;66.7051953390281
0;1;1;175.42;-462;59;77.1803795309655
1;1;4;176.85;-1687;76;82.9514317147064
0;0;3;156.3;-735;46;65.3384832361956
1;0;3;162.13;91;59;66.9836898578061
1;0;2;177.51;-259;54;74.1634643271964
0;0;1;167.96;336;45;72.4764878409526
0;0;2;170.38;-658;42;75.7854508726449
0;1;1;158.91;-189;72;65.9455170782396
1;0;3;175.49;945;54;81.3924566702466
1;0;0;186.22;-7;0;86.0221568793509
0;0;4;176.16;1225;42;75.995773911981
0;1;4;172.62;1302;63;76.1636682185076
0;0;1;158.54;574;47;60.1173694226375
1;0;5;177.41;-861;56;84.9075785105427
1;0;6;177.71;1736;45;79.0354304411313
1;0;5;170.76;350;64;72.748606320606
1;0;4;177.7;518;61;74.1363033792687
1;0;4;175.78;-714;55;76.7576206806331
1;0;0;170.71;161;0;78.0596422785944
1;0;6;159.78;777;56;69.9536358214039
1;0;2;173.28;910;59;85.2533285036357
1;0;6;181.26;399;50;77.047892762133
1;0;2;174.29;217;57;80.1129922496076
1;0;2;177.97;560;60;80.2463310976758
1;0;0;166.17;154;0;77.7325931963988
0;1;4;162.14;-595;48;57.3681079966821
1;1;6;173.62;-329;69;77.5747525705037
1;0;1;185.51;322;60;99.3802426590635
0;1;4;171.73;77;60;75.9078162666745
1;0;6;189.37;1057;43;82.7259971203899
0;0;3;157.82;1050;46;62.89433119756
1;0;0;189.34;-420;0;82.0576969040986
0;0;1;160.81;434;44;56.470926458722
1;0;3;173.02;364;54;72.1994467421364
0;0;0;173.32;749;0;83.5088872611301
1;0;5;167.48;-448;50;62.6191084163259
0;0;3;156.35;161;45;62.7758395426104
1;0;6;170.73;854;54;74.6411187701336
0;0;4;164.41;644;41;66.8259919660376
0;1;2;163.17;-2233;60;65.4373559142948
0;1;1;160.3;-763;72;65.368101636703
0;1;4;168.73;1365;58;74.7876344545449
1;0;3;172.02;1050;51;75.012300424247
1;0;6;170.41;-434;48;71.610191590655
1;0;5;185.68;700;50;91.1844613373424
0;0;3;160.57;553;38;66.8891119812621
1;0;2;175.88;497;51;78.4851371465761
1;0;0;191.73;994;0;88.4301781496689
1;0;4;168.42;847;52;71.8406243236025
0;1;1;149.8;-1694;65;52.0230304714106
1;0;5;168.45;259;56;76.4378637975986
1;0;3;159.19;-28;59;71.6906936567278
0;0;2;165.24;1190;55;71.0538617129275
0;1;4;159.77;21;44;65.7615151397096
0;1;3;162.59;259;58;69.07592202027
0;0;2;159.49;49;34;56.3012787867124
1;0;3;174.17;1141;56;80.2742317829922
0;0;0;173.75;1092;0;83.6496132344065
1;0;1;164.29;798;71;77.6138544094997
1;0;1;171.21;-434;46;79.544541680964
0;1;3;150.94;259;72;55.4391853682166
1;0;2;180.53;-616;73;79.4329127807527
1;0;6;188.84;826;52;93.6322012141825
1;0;5;182.42;574;50;88.6937348110296
0;1;2;151.22;-518;61;54.6992463112363
1;1;3;176.45;56;66;79.3491509865343
1;0;3;179.94;910;55;80.3523429256423
0;1;2;161.93;-210;54;64.6186935870315
1;1;3;171.34;-2758;73;71.0532740170233
1;0;3;179.31;987;63;88.8770827219895
1;0;4;170.79;728;41;76.6881993000158
0;0;3;167.31;-539;42;75.8820590935318
1;0;1;177.55;1127;59;87.9854605848347
1;0;4;177.61;266;47;80.4924025744596
1;1;5;169.28;-280;70;71.4894723673345
0;0;1;160.13;-511;52;60.8194794450807
0;0;1;176.23;147;43;70.7702210666487
0;1;0;157.76;-896;0;60.7445203514847
0;0;3;165.76;658;49;61.9433684627277
0;0;3;162.34;826;45;61.2159829147342
0;0;2;167.59;175;49;63.8470060466177
0;0;2;163.97;1323;46;72.5102634503435
1;0;1;175.4;602;54;79.9492392553066
0;0;4;153.28;539;45;57.439314393207
0;0;0;164.16;0;0;61.9107302130905
1;0;6;172.57;7;44;79.9439783150228
0;0;4;166.99;434;51;72.7690495714875
1;0;4;164.99;-49;63;70.1045754904167
1;0;0;171.23;427;0;77.6305831927384
0;0;1;165.29;637;42;64.9616065790748
1;0;5;167.26;714;42;76.7529862312978
1;0;3;170.66;-14;57;74.9054933974409
0;1;3;157.53;-854;59;56.6040207026558
0;1;3;163.65;-287;65;57.8281960148313
0;0;4;162.91;945;42;72.7022815320151
0;0;1;165.76;-14;50;68.9685904653881
0;0;1;160.06;693;51;64.8518137208514
1;0;6;175.45;84;59;79.7129792820634
1;0;2;178.63;49;50;74.3387147637823
0;1;0;158.57;-567;0;67.4984159243121
1;0;3;161.02;581;58;64.4189662805572
0;0;0;161.81;462;0;62.0928471089969
0;0;1;159.71;455;48;67.3996304513188
0;1;2;161.61;77;52;65.4863489285739
0;1;2;162.42;-560;56;61.3145504497287
0;0;4;166.81;567;46;61.5476701998453
0;1;3;169.87;-441;65;65.5844040518923
1;1;6;166.4;-1113;59;70.1831149026287
0;1;4;166.76;-735;67;65.7165391959413
0;1;2;154.98;-847;67;59.7651285648273
1;0;6;178.53;161;45;79.4708360684896
1;1;5;177.91;427;72;76.9900157346947
0;0;4;166.63;161;44;64.1552910618777
1;0;2;169.44;588;58;74.110072914082
1;0;0;172.18;1281;0;76.3935867640398
0;1;1;156.72;-1267;62;48.8312863455478
1;0;6;165.7;210;66;73.8678579132535
0;0;4;158.5;49;47;53.8956006884803
1;0;3;165.65;693;47;71.0461738326365
0;1;0;164.18;-1841;0;58.1180004110076
0;0;4;161.78;-273;49;63.7234982791711
0;0;3;172.42;693;49;84.6340566004428
0;1;4;151.53;-581;70;61.0017551880886
0;0;4;156.77;868;52;54.4432779069379
1;0;0;191.86;245;0;88.2635055513994
0;0;4;169.91;-203;42;63.2667268483011
1;0;3;182.13;574;49;87.6172666537517
0;0;2;168.39;532;43;73.2093216100801
1;0;4;178.67;483;49;82.013657403973
0;1;1;160.46;-1162;49;56.543122118899
1;0;3;173.18;651;52;80.3383555599049
0;1;2;159.77;-1365;62;54.9907627980397
0;0;3;155.84;756;45;63.9383122295032
0;1;0;161.85;-343;0;64.356490141564
1;0;0;171.6;-189;0;64.4629454144474
0;0;4;158.76;266;45;66.3192165377476
0;0;4;157.92;-98;40;57.0256468960864
0;0;1;160.67;553;46;61.1206536759713
0;1;0;159.6;-294;0;60.0751459815311
1;0;5;187.34;-14;57;83.9221081209144
1;0;4;184.73;140;64;87.2182203451438
1;0;0;178.64;-252;0;78.0594935205318
0;1;0;152.87;-651;0;51.2683887277267
1;0;3;158.4;-133;58;65.9944729505496
0;1;4;155.13;-91;62;60.7610642283232
1;0;2;175.77;-371;57;84.0030873259004
1;0;0;169.1;-483;0;72.5695376846877
0;0;1;159.25;357;39;66.5081880189982
1;0;6;175.6;14;55;71.3405643811172
1;0;0;174.69;1008;0;79.5762427233486
1;0;6;171.29;175;54;78.266345040228
0;0;1;163.58;-861;53;63.9971388141389
1;0;2;186.17;315;50;91.207157743199
0;0;0;179.05;574;0;77.3057137514165
1;0;6;170.24;595;58;76.2912866554573
1;0;2;174.81;882;47;85.2068139961395
0;1;1;171.11;-1547;68;70.4414414211384
0;0;2;158.48;812;48;61.6730940655792
1;0;4;160.95;-252;49;69.5048179224187
0;0;1;166.06;322;39;69.3237911384595
1;0;3;172.8;504;52;72.8503137603221
1;0;5;174.47;1232;54;79.7655783230254
1;0;4;179.1;1512;59;76.8338649814494
0;1;4;157.27;259;54;64.6305626873797
0;1;3;158.68;-777;48;66.7926905763094
1;0;3;184;1029;55;78.656207041664
1;0;6;185.81;-644;63;78.6740698034285
0;0;2;160.7;0;48;71.1349663506742
0;1;0;158.41;840;0;56.3894698585182
0;0;1;157.99;798;42;54.9321438324404
1;0;2;180.58;777;45;78.7095528842076
0;0;0;158.52;-735;0;50.0625706211016
0;0;0;168.42;616;0;65.4339579296751
1;0;3;176.96;1085;53;72.8709559860774
1;1;6;187.46;-504;74;81.0676352976024
0;0;0;154.16;-210;0;61.1639123777235
1;0;2;168.83;7;57;74.1153767697468
1;0;2;175.39;1288;66;84.1568906217834
1;1;5;178.71;-371;83;79.8064591290557
0;1;0;174.29;-1281;0;74.1326381969243
1;0;3;175.48;-455;40;81.4496548211218
0;0;0;151.94;434;0;54.1627989706602
0;0;3;166.82;-70;47;71.0487823775051
1;0;5;175.39;224;58;68.3511904471783
1;0;4;173.05;462;54;77.4553699520988
1;1;3;160.64;-175;66;68.9691901447946
1;0;3;189.35;-749;49;98.878064843601
0;0;0;165.13;609;0;74.3792592883997
1;0;3;172.67;210;42;73.5272402899583
0;0;0;151.97;399;0;50.9200600193524
1;0;0;171.8;1526;0;79.2289001702333
0;0;1;159.41;-560;46;63.7441255564935
0;1;4;161.87;-980;76;64.888529760402
1;0;4;178.19;273;51;77.3173742142158
0;1;2;170.79;-1911;57;65.2167765261971
1;0;1;176.23;266;52;81.6084751734787
0;0;0;159.11;329;0;64.2630949371584
1;0;2;175.91;602;60;81.4085843589862
0;1;4;157.88;-1708;61;65.149646704232
1;0;4;182.9;-259;46;86.9609970562761
0;0;4;158.83;224;43;63.8345514316669
0;1;4;158.83;-966;59;56.0681198823713
1;0;6;179.93;-196;56;83.2785259582572
0;0;0;164.58;483;0;73.8394861587836
0;1;1;158.06;-343;66;58.1465664894732
1;0;2;166.65;-259;64;74.2795268453607
1;0;2;179.75;-476;64;81.9472329437667
0;1;2;173.57;-287;65;78.6378284038894
0;0;0;157.94;644;0;64.2229883227086
0;0;2;171.36;-364;44;70.1079619615374
1;1;4;167.3;-1323;69;66.4391064776454
1;0;6;171.48;700;57;68.6367519011383
1;0;4;181.2;413;66;77.8393657211146
1;0;3;186.59;1008;62;81.2721699873366
0;1;2;154.42;126;64;62.2796744032762
1;0;1;179.31;847;58;86.0831316797052
0;1;4;155.6;-2415;58;58.2759072161054
1;0;5;173.17;63;59;75.3371240779923
1;0;1;173.33;77;53;75.0145116390819
0;0;4;146.14;532;44;67.8626487272451
0;0;3;162.26;-119;44;66.4690465568948
0;0;0;167.04;784;0;68.8663067454348
0;1;4;158.21;-1540;61;60.5507302538842
0;1;4;165.29;-1225;56;59.9654991568418
1;0;2;165.32;1022;63;69.8268081632741
1;0;3;174.58;658;61;67.1972765675574
0;0;1;167.31;707;43;65.0266804422572
0;1;0;160.29;1120;0;61.8167488805889
0;1;4;165.42;287;55;70.1232095698957
0;1;3;160.27;-973;52;56.359556902115
0;1;3;171.5;-1743;53;66.9970029454371
0;0;2;165.13;637;49;62.9353163947464
1;0;3;176.15;203;61;82.4718637029797
0;0;4;167.67;917;46;73.0756313951293
1;0;0;171.75;616;0;69.356442000879
1;0;4;172.12;532;56;80.8502952269004
0;1;3;161.21;-616;65;55.5895961539204
1;1;2;180.05;-322;67;94.3596078718838
0;1;1;158.09;833;58;67.9298388227379
0;0;1;166.85;1526;52;72.1447155139032
1;0;1;162.85;-133;54;75.9744131302719
1;0;4;176.25;595;46;83.2938223225745
1;1;6;175.88;-686;67;67.8610732875855
0;1;3;164.67;-1029;73;67.093329623223
0;1;2;177.04;1092;58;83.4401825525322
1;0;0;187.21;994;0;84.4925375445111
1;0;3;169.14;763;67;76.036465429618
0;0;3;170.76;-210;49;79.2770582026858
1;0;5;169.86;574;46;75.276244213436
1;0;6;189.64;728;48;85.3529233835164
0;0;1;182.69;994;40;78.2222192303152
1;0;0;163.99;1057;0;76.8030095355686
0;0;2;158.12;357;46;56.1771797056794
1;0;6;180.05;119;55;76.3434107472351
0;1;2;155.26;-441;71;55.0230981224173
1;0;0;186.04;539;0;83.1040195863391
0;1;1;155.29;-1218;62;58.6187385993234
1;0;3;191.05;112;59;96.6774381350683
1;1;3;190.14;-483;66;89.459543512371
1;0;6;176.73;819;58;84.0586330000576
0;0;1;168.25;-168;43;73.3706346690413
0;1;0;161.39;-91;0;65.1848182690079
1;1;5;172.11;-1295;72;68.8434528602817
1;0;5;165.8;28;48;74.9974479365911
1;0;6;181.49;392;65;76.2127001668738
0;0;4;163.62;567;46;68.8217646809913
0;0;4;149.48;525;45;56.89815432288
1;0;6;180.81;-763;55;91.3574258951619
0;0;0;162.72;945;0;63.5946659387323
1;0;3;153.54;-126;54;63.6732499335364
1;0;3;173.34;945;54;79.9951023693484
1;0;1;174.68;-98;66;73.0837833298714
1;1;2;165.31;-1554;62;66.752136290667
0;0;4;165.87;-189;44;68.9063561943095
1;0;1;175.95;273;55;80.1228970434713
0;0;0;165.51;126;0;64.7480479466782
0;0;2;163.25;623;47;71.4026880286332
1;0;4;176.68;1148;57;79.3449065931114
0;1;0;152.08;-826;0;50.7565121044359
0;1;1;165.34;728;61;65.2052297497787
0;1;3;149.37;-2156;74;51.3067511128815
1;1;5;176.24;-1183;64;71.8601979081832
0;0;1;153.12;1036;41;63.3822156701043
0;0;2;163.79;882;43;68.4494937798987
0;0;0;157.44;896;0;57.7244891148505
0;0;4;165.06;651;49;67.3489752223541
0;0;2;167.55;1435;49;67.5551434338166
1;0;2;176.78;1225;59;85.8801454099599
0;0;2;148.4;1085;48;57.044636760043
0;1;2;162.89;-91;59;66.4628074597984
1;0;1;182.48;-28;50;87.2264874033879
1;0;6;176.28;973;58;88.0824827149145
1;0;3;178.02;1078;48;83.7982578886471
0;1;1;149.44;-1141;62;46.1329882200481
0;0;0;165.35;-693;0;59.8039610668153
1;0;2;156.64;329;53;69.232589532761
1;0;4;165.23;1190;50;78.93834756727
0;0;1;160.9;546;56;65.2637606271685
1;0;5;174.97;420;50;75.0982230158708
1;0;4;180.39;147;43;89.3360254280501
0;1;1;152.8;-336;50;57.5829208203989
1;0;4;181.17;868;52;75.6134315778716
1;0;5;183.17;-322;57;84.3825452553622
0;1;1;161.65;-952;69;55.4252468820114
1;0;6;165.65;567;55;67.2362971378727
0;0;2;161.3;952;50;60.7689062919702
0;0;2;173.7;1162;36;76.8377607139696
1;0;2;184.46;252;69;85.1923259208913
1;0;6;184.97;168;52;85.6770413584446
1;0;6;173.82;1029;64;73.4488584151086
0;0;3;168.13;-329;48;70.3284604622073
1;0;4;181.92;-259;63;86.0382113517982
0;1;0;158.78;-658;0;67.2062251274139
0;0;4;155.06;644;46;59.1094281061698
1;0;4;172.54;140;50;76.328188976878
0;0;1;156.53;1442;50;67.5309713081127
0;1;0;168.04;728;0;61.7178917352566
1;0;6;178.33;-756;57;80.3411471185055
1;0;1;168.24;700;61;78.8026061323222
1;0;2;172.15;994;58;72.7211834477047
1;0;5;174.61;-483;53;76.8901395366342
0;0;4;150.66;-357;46;56.1118161178409
0;1;3;176.55;-574;70;71.4504562196731
1;0;3;167.94;1190;54;79.7348421138652
0;0;1;159.56;1246;42;55.9344853002787
1;0;4;177.14;434;58;75.6622010167422
0;0;3;172.76;-189;49;69.5759220862669
1;0;1;166.75;161;58;81.380118139597
0;0;0;155.79;574;0;68.4897264058599
0;0;0;166.69;504;0;72.0733847050631
0;0;1;147.48;896;48;57.2953833744362
1;0;1;181.55;700;50;90.2418619887028
0;0;1;165.35;280;42;61.2915779007282
0;1;1;163.3;-126;61;74.1377097696593
1;0;4;180.04;189;47;85.946699800564
1;0;0;171.67;763;0;75.6273770270079
0;0;2;171.78;399;48;71.2049831432269
1;0;3;175.54;462;60;76.1717567171151
0;0;0;156.6;770;0;53.7920218087387
1;0;2;187.52;1169;58;91.8079216314973
0;1;1;150.84;-770;58;52.1049639053969
1;0;6;182.16;-336;58;82.1687561982786
1;0;5;171.9;413;61;76.1576281414726
1;0;2;175.29;-665;54;86.1068453541961
1;0;1;176.61;483;50;81.9468282293806
1;0;4;165.24;350;59;64.6042173142141
1;0;2;173.17;686;44;73.4596748146218
0;1;4;169.67;-133;56;75.9589767685325
1;0;1;186.86;455;55;83.2124588936151
0;0;0;146.98;539;0;57.6715627650795
0;0;3;158.85;-56;51;60.6210554601099
0;0;3;162.61;455;45;63.8342199580324
0;0;2;159.57;910;49;71.1746463705527
0;0;4;163.09;-70;40;63.5370953368969
0;0;0;170.69;462;0;71.0780299268862
1;0;5;169.3;938;61;70.1582817563804
1;0;5;167.04;105;50;68.5544562286772
0;1;4;157.71;-644;60;51.1681584475399
1;0;3;178.58;630;60;82.2737903054715
0;1;2;164.79;-1729;52;66.7884293409999
0;1;2;169.69;-1050;42;64.0182238946354
1;1;3;175.94;-329;80;79.7155466058034
1;0;3;177.58;-560;53;76.5433969377135
0;1;0;173.04;-448;0;68.6691438448884
1;0;0;170.54;686;0;73.1305841386313
0;1;3;149.28;-490;71;48.6039892535184
0;0;4;172.66;1134;56;65.5136693352429
1;0;3;163.76;595;61;72.9489681239174
1;0;1;190.87;1064;70;91.5943847204842
1;0;3;179.31;1351;60;90.7290445518398
1;0;6;175.88;42;48;73.9006808948804
1;0;3;179.85;126;59;87.9050627025782
1;0;6;169.6;147;49;75.7050594380389
0;0;3;167.51;1064;38;75.2205855026992
0;0;1;160.04;469;48;63.4280931875481
0;0;2;150.14;-231;48;51.904430144458
0;1;1;150.57;-763;52;49.5213115974886
1;0;4;173.61;336;60;85.1531358443647
1;0;2;166.32;392;63;72.2914782603246
1;0;4;171.78;91;54;80.0316549074364
0;0;3;158.67;-189;47;54.952930904583
1;0;4;178.58;-532;53;84.8674688223472
1;0;3;180.88;210;48;89.951005929471
1;0;5;174.42;-105;58;72.7490946242355
1;0;1;167.95;-196;59;71.5074989605859
1;0;1;175.43;-105;62;75.9935722792079
0;1;0;174.26;84;0;68.6706229893138
0;1;2;159.14;-2079;62;57.7278825175905
0;0;4;173.99;378;46;74.4020653626007
0;0;1;155.38;42;47;55.7008918450141
0;0;0;153.24;448;0;55.6484276969663
0;0;3;169.89;1652;44;72.0872012654216
1;0;0;171.8;889;0;79.2416468088336
1;0;4;170.91;-21;71;70.8326855814826
1;1;0;165.8;-756;0;70.1663808280791
1;0;1;174.25;301;59;85.538315390883
0;0;4;149.92;-105;47;52.3850908276463
1;0;3;172.44;-77;45;70.9869746913249
0;0;4;165.46;0;49;59.7310168603986
1;0;4;174.97;833;57;84.892069370139
1;0;1;176.1;98;52;77.5239214011138
1;0;5;188.9;1526;48;85.5237142623912
0;0;0;164.48;833;0;67.1813559721729
0;0;1;173.25;497;42;73.8641454767073
0;0;2;154.5;322;34;65.2437804160612
1;0;2;187.16;-70;63;84.9445004262567
0;1;3;161.06;-1029;70;57.2841326972083
0;0;3;169.3;798;51;74.3020235404891
0;1;4;157.35;-1477;51;53.544305585807
1;1;0;169.67;392;0;86.5377942036483
0;0;0;153.12;336;0;52.618896013136
1;0;6;180.24;532;61;85.4083869101638
0;0;1;156.85;497;55;57.8440251099113
0;1;4;165.86;140;67;68.6737592293149
1;0;2;180.56;-98;67;89.9794764910176
1;0;6;180.61;735;64;81.8213490764195
1;0;6;176.47;-203;50;81.7192590403156
0;1;3;159;-525;55;58.8966409228575
1;0;2;175.97;679;47;84.6196240774648
0;1;2;146.09;-1701;65;53.9221759644785
1;0;1;176.81;441;49;75.3873397262809
1;0;1;181.95;-259;57;83.5075284171905
0;0;1;173.91;-168;39;75.3961359802259
0;1;0;148.41;-1687;0;44.0906848490904
1;0;5;170.38;721;49;82.0548242040132
0;1;4;163.96;-1239;55;56.6591305555559
0;0;4;165.21;840;52;60.7091649958488
1;0;0;186.38;1337;0;89.3904519001314
1;0;6;169.73;-329;49;71.1920066565107
1;0;2;167.15;49;58;68.2390874519911
0;1;1;172.57;7;65;71.28054967124
0;1;2;153.45;-875;63;52.0397080281137
0;1;2;158.53;-665;54;55.6101788769469
0;1;3;156.15;-238;58;61.9379428011411
1;0;4;176.35;791;45;92.0776479583154
1;0;0;181.41;574;0;90.7923976413603
0;1;4;156.67;-392;57;54.1106881233201
0;1;0;171.23;-679;0;68.4848391384155
1;0;4;195.9;735;57;91.5718890525395
0;0;4;162.84;413;43;53.851533812155
0;1;1;154.11;-1904;71;48.7785961631502
0;1;2;169.04;-1540;55;68.2047705247548
0;0;1;155.7;70;50;59.8462087520126
1;0;3;171.45;364;62;72.938498623014
1;0;3;186.32;-560;65;89.3900339382113
1;0;5;186.43;441;57;88.7447611303767
1;0;3;177.99;798;50;86.6219146638833
1;0;2;176.19;161;53;80.5648036051248
0;0;3;163.8;154;47;66.4843377159589
1;0;0;169.91;70;0;68.0530534396061
1;0;5;176.85;-420;40;84.7567853348943
0;0;3;166.72;441;41;69.2769189554939
1;0;2;176.46;-217;49;85.8826175758587
0;1;1;149.58;-861;60;48.7236122519799
0;1;0;164.47;-462;0;63.5639218745163
1;0;1;191.86;-322;56;95.6831029122481
1;1;3;174.21;-924;69;72.4238194157971
0;0;3;168.85;-343;55;65.1385043481578
0;0;4;170.02;749;53;76.3832635725604
0;1;2;156.84;-1617;57;53.3400888093871
1;0;1;175.04;546;50;89.6611079622356
0;0;0;169.55;609;0;71.9155617383588
1;0;3;164.82;329;50;72.1058619001116
1;0;1;179.8;-84;57;86.4369365214358
0;1;2;162.97;-553;49;63.8205104396476
0;0;3;164.87;-140;43;65.6449601219194
0;0;3;154.36;588;48;64.2093948369638
0;0;3;164.85;917;53;72.1133682458025
0;0;4;162.4;-14;42;65.03209452851
1;0;6;182.07;1330;53;84.391560873322
0;0;2;160.8;392;49;65.7022444551224
0;0;2;166.82;224;54;72.7257656109069
1;0;4;173.3;329;66;75.0728107850826
0;0;1;157.29;742;45;63.1447936795181
1;0;6;167.45;1442;54;73.3558990814505
0;1;2;155.1;1575;52;65.7621755795558
0;0;0;163.95;84;0;65.441664834943
0;0;0;160.25;-28;0;71.9209852541951
0;1;0;150.38;-399;0;49.9764563896233
0;0;2;170.2;420;40;67.5569333006671
0;0;1;155.65;343;44;56.3658555141506
1;0;5;164.22;651;59;61.8351028645566
1;0;4;180.31;798;59;77.2785170379136
1;0;2;180.57;945;55;86.3369636485192
0;0;1;159.69;315;34;56.4822769338703
1;0;1;171.56;315;49;85.8978224088923
1;0;5;175.73;665;48;89.6810637125202
1;0;6;179.93;588;53;81.6391125946034
1;0;1;178.16;406;52;84.5211964569835
1;0;1;161.68;1316;74;66.6224395864775
0;1;0;166.58;-154;0;66.6854022359104
1;1;3;161.99;-1176;83;66.6351364809929
1;0;4;170.09;350;54;64.9737293577631
1;0;4;170.53;140;61;68.1619234516145
0;0;1;159.55;707;43;71.0087467064298
0;0;4;180.08;-224;39;85.1870483387425
1;1;1;180.15;-301;68;81.2567246664197
0;1;0;166.43;-1127;0;72.7156033550554
0;0;3;168.23;854;52;66.7527805523783
1;0;1;184.26;826;53;83.8581853099209
0;1;2;153.36;231;64;57.8348238332472
0;0;2;154.06;301;46;71.4845213805016
0;0;1;157.74;126;37;60.8601748970025
1;0;2;191.77;259;53;84.9488500654098
0;1;1;159.92;42;69;60.5186646857485
1;0;0;176.69;1134;0;81.1498663982085
0;0;1;151.74;-112;40;52.3866088328393
0;1;2;166.84;-770;56;75.0169676937793
1;0;2;180.01;546;57;83.9869623366933
0;0;2;162.67;84;51;58.570857585523
0;0;2;171.61;1064;49;77.6988944219824
0;1;0;154.81;-1764;0;51.5728586864278
0;1;2;141.76;-1701;58;52.6008210839693
0;0;3;158.53;154;44;56.3985467404393
0;0;3;153.5;119;35;51.7156311534981
1;0;5;170.52;-812;54;69.6483590426223
1;0;5;174.61;-63;48;79.1376211634955
1;1;2;180.21;-336;78;84.7308195104018
1;0;6;169.03;805;52;79.1735091209846
1;0;1;184.46;1071;51;86.0437865340134
0;1;0;170.91;-371;0;83.3341027300711
1;0;4;178.37;378;53;80.7711899238351
0;0;2;171.14;392;36;75.1021129613406
0;0;0;152.03;644;0;71.3717295336699
1;1;1;181.59;-1379;87;83.5601074616884
0;1;1;160.49;938;68;64.5814045401626
0;0;1;154.82;-315;47;53.7793098083695
0;0;0;167.01;966;0;72.2007370211916
0;0;4;149.06;315;45;53.1639233549736
0;0;4;167.93;231;45;67.653236089594
0;1;2;179.88;-525;59;78.7783952622391
1;0;4;166.14;-343;60;71.3583028754614
0;1;3;158.3;-903;58;57.0957879800235
1;0;4;175.63;1148;59;87.0499899676604
0;1;0;156.4;-1736;0;61.5547738361379
0;1;2;165.49;686;75;71.5457639478475
0;0;0;162.46;-889;0;61.7330364139875
0;0;3;162.84;203;52;66.9932224404051
0;0;0;152.46;-91;0;62.9750894692498
1;0;5;175.22;-210;55;77.4573194773627
1;0;6;172.9;588;42;84.1496948826549
0;1;1;161.51;203;76;67.2323290504852
0;0;2;169.92;287;40;75.4448532305086
1;0;0;181.48;-574;0;75.6388941812738
1;0;4;161.3;644;48;72.1209726741199
1;0;2;169.18;826;58;70.5045513761614
0;1;3;152.73;-1029;54;43.9688305799899
0;0;0;155.19;462;0;59.2443316918394
1;0;4;167.58;-385;60;69.2266026061052
0;0;0;165.33;861;0;69.7625618825242
1;0;2;171.73;231;58;79.5951711479829
1;0;2;171.52;1113;57;69.2109108981971
0;0;4;164.77;-749;36;72.162887991417
1;1;6;181.29;-2184;65;83.0141609340858
1;1;3;176.66;-917;82;80.4746544218348
0;1;4;154.45;-574;59;52.7109640565956
1;0;6;170.51;532;69;76.876935707064
0;0;1;149.83;7;38;54.643211119928
1;0;2;175.22;-546;47;77.8087689232391
0;1;1;163.01;-1484;59;61.5557852064979
1;1;2;158.77;371;62;70.3152376918275
1;0;0;184.78;-182;0;87.3554160708415
0;1;3;150.14;-826;71;51.3233038604564
0;1;1;159.51;-721;60;59.1259175737032
0;0;3;170.34;889;47;76.1924685166792
1;0;3;168.69;371;59;79.0292204824756
0;1;0;172.33;-721;0;75.8258968946377
1;0;3;185.85;826;59;81.0120295445561
1;1;2;168.7;-574;57;72.0453266907984
1;0;3;182.58;798;52;87.0288457806689
1;0;3;194.1;-98;59;84.4497500842114
1;0;2;184.43;266;59;82.5056386109412
1;0;3;168.28;966;47;71.037429162966
1;0;2;187.09;791;58;76.2132628508471
0;0;2;160.27;819;39;59.3507466284567
0;0;1;166.38;406;42;61.8025985302829
1;0;5;177.31;448;58;80.1211041712955
0;1;1;163.38;-2478;52;56.7103666450611
0;0;4;164.67;700;51;74.527532552816
0;1;1;157.91;-805;55;67.4887339724873
1;0;1;168.93;812;55;67.4154695248127
1;0;3;167.96;686;46;66.4510812160336
0;1;1;171.64;-917;62;71.0906835345525
1;0;2;182.3;-91;39;83.9007461943959
0;0;1;166.43;966;42;79.0310272918135
1;0;6;176.45;1022;48;82.6101533229345
1;0;0;172.11;371;0;87.1898406681963
1;0;5;185.15;77;60;88.2759126240438
1;0;6;189.5;434;49;88.9089448231829
0;0;4;155.13;553;48;56.0892047711524
0;0;4;160.94;21;38;58.8395006717355
0;0;3;173.06;616;41;71.6516983604047
1;1;2;163.43;-203;61;65.2568952738011
1;0;1;181.77;812;55;83.5253892300844
1;1;2;166.16;-315;77;67.1773648018124
1;0;4;188.25;-672;52;86.0374048467814
1;0;3;167.9;735;51;77.5787309709614
1;0;2;165.81;833;57;74.3247370406157
0;1;2;147.72;-77;70;52.4306465273802
1;0;1;175.98;14;52;72.2518370215337
0;0;2;157.95;826;48;56.9273297147532
1;1;5;172.49;-371;75;74.6967452843539
1;0;6;167.64;-413;67;67.9164680076314
1;0;2;174.92;623;60;77.2041557089007
1;0;3;175.17;168;60;73.5803048334813
0;1;4;159.64;-980;58;61.0507035023133
0;1;3;173.9;-1456;52;68.7924312931626
0;0;1;165.12;280;46;61.8480569896479
1;0;1;177.57;-182;62;71.4031014901547
1;0;6;181.24;77;52;82.2891849184732
0;0;1;163.52;658;46;66.0242820336038
0;0;3;166.11;-252;51;56.4404070980368
0;0;4;163.57;812;43;64.7157432251015
0;1;1;163.08;-1078;66;69.9584772543572
1;0;0;179.77;735;0;84.7174928992978
1;0;1;187.74;-609;55;85.3226398129144
0;0;3;170.47;-182;45;70.6293354598844
0;1;3;160.48;-861;59;55.324838688387
1;0;1;175.71;763;60;85.1169093987945
0;0;3;160.62;1435;39;63.1299292070502
1;0;1;186.87;-399;64;90.1200867467904
0;0;1;158.54;-217;45;68.1211329518561
0;1;1;165.42;-637;50;68.093199661733
1;0;4;178.94;329;58;75.1207415854683
1;0;3;180.95;56;49;76.2560006216623
1;0;0;185.49;126;0;86.905223242148
1;0;6;179.84;-196;48;87.2424522527467
1;1;5;180.48;-1358;64;74.8537388544412
0;0;0;157.67;-77;0;59.1119429499001
1;0;5;172.8;1022;58;79.9886033680883
1;1;5;178;-1057;64;68.2487803288239
1;0;5;159.16;469;50;68.6292629588474
1;0;2;186.64;56;45;96.5801681355196
1;0;4;168.83;833;66;76.9656619174678
1;0;6;176.64;672;66;77.7838612317256
1;0;6;184.09;-343;57;86.0834704222107
0;0;0;158.35;-644;0;68.6318377595413
1;1;6;171.25;-238;62;67.5059601041713
1;0;2;168.62;434;54;73.5305283737712
0;0;0;157.35;798;0;65.8131504871725
1;0;3;170.62;49;70;84.2023673046982
1;1;5;175.86;-259;65;81.5544914879784
1;0;1;164.75;1120;60;65.3279401219368
1;0;6;180.35;889;62;83.540323259949
1;0;5;167.9;861;44;80.1928757647741
1;0;4;173.76;-77;53;63.2391828671097
1;1;1;179.71;-938;67;87.2983770780603
1;0;4;175.72;448;43;80.8592258288836
1;1;1;176.36;-196;76;83.5436621111061
1;0;0;175.04;497;0;78.8461885003244
1;0;0;183.8;-231;0;82.3072334682142
1;0;6;179.55;147;61;80.4117553489637
1;0;6;173.02;903;65;88.4952925801593
1;0;0;165.64;-511;0;73.0518923555078
0;1;4;168.08;-1785;66;76.5217330675616
1;0;1;173.17;154;38;77.5843567470434
0;0;4;164.34;-406;50;67.877738167679
0;0;4;158.14;707;49;57.8890160938252
1;0;6;182.69;889;37;93.6462826012451
0;1;0;152.25;-798;0;53.1983499984401
0;0;0;162.75;623;0;71.1009001801549
1;1;5;181.98;-1386;86;83.5560957023408
0;0;3;152.75;1771;38;61.1681724342636
0;0;4;168.46;651;42;82.6423352371119
0;0;0;162.13;840;0;61.6077744583782
0;0;0;159.06;959;0;69.0933632904093
1;0;1;190.22;560;56;93.0541859347829
0;1;2;157;28;72;57.9581750875124
1;0;0;175.76;112;0;73.5420045043466
1;0;1;177.48;-14;47;88.8374390777673
0;0;4;163.18;1183;45;70.1782073320965
0;0;2;173.67;616;48;81.9907509488848
0;0;3;159.17;1267;43;66.9028272037431
0;0;1;163.82;329;40;67.8613421589196
1;0;1;171.68;168;50;78.3334310320466
1;0;2;165.39;791;52;70.6062205808547
1;0;1;172.53;7;54;73.5276092003028
1;1;0;194.49;-1799;0;88.3900800333536
1;0;6;177.64;574;54;81.5039463459735
1;1;4;183.52;-1197;62;81.4171046051135
1;0;6;182.61;63;57;88.9235039508611
0;0;2;164.11;966;49;72.6464403641484
0;0;0;173.5;-343;0;66.594746316943
0;1;4;161.21;-2240;61;58.1602467962064
1;0;5;170.58;595;55;73.1131579611242
0;0;2;156.44;406;52;52.4828249257922
1;0;1;172.44;294;53;73.7435788916256
0;1;0;160.99;-987;0;68.645283351465
1;0;5;177.07;1750;37;77.3604994192997
0;0;4;158.58;238;46;64.4248537577112
0;0;3;162.99;-833;45;70.1665266251765
1;0;0;176.52;728;0;79.921531711888
0;0;1;157.36;42;48;56.1274081925608
0;1;2;158.61;-189;53;55.4426374105152
1;0;0;169.31;280;0;78.6505781752183
1;0;0;187.03;231;0;86.5323395398289
0;1;1;164.07;-1232;54;75.71777153562
1;0;2;177.97;742;61;89.6980294949526
0;1;3;155.67;518;54;61.4732427835789
0;0;2;152.92;1470;52;61.4837973133027
1;0;6;180.47;693;48;84.554377192308
1;0;3;180.12;-518;58;83.4279718576072
0;0;1;160.87;-238;43;60.4058471522823
0;0;0;155.68;609;0;50.2575437560329
1;0;4;153.33;280;57;59.4489106034441
1;0;2;184.47;490;66;96.4137439702014
1;0;5;169.05;1407;65;73.704430261537
1;0;6;177.94;-56;58;89.1635603305195
1;0;2;169.15;952;53;72.2147160970196
0;0;0;168.97;847;0;73.3290672916152
1;0;1;162.69;14;59;61.4345354981845
1;0;2;164.01;-336;49;70.1905191696437
1;0;6;176.42;273;63;78.6687894914131
0;0;2;163.72;98;37;69.9447167599873
1;0;5;183.71;203;62;86.4388487242883
0;1;2;174.37;308;57;70.1624909830226
1;0;4;176.05;63;49;82.9550354243686
1;0;2;171.63;-756;65;75.2348758853378
1;0;0;184.5;-56;0;81.5838311456141
0;0;2;164.52;189;47;68.3186226229617
1;0;0;184.62;553;0;78.8007729252369
0;1;0;155.51;-763;0;58.426813720364
0;1;2;165.11;-532;66;68.3279897726897
1;0;4;175.63;2009;48;81.5837287332344
0;1;1;155.71;-42;58;57.1190786982883
0;0;0;154.28;462;0;56.6245310533251
0;0;0;172.24;-14;0;73.2153580848302
1;1;6;176.01;-672;79;86.5826804649273
0;1;4;158.42;224;64;55.3971529764732
0;0;3;174.41;847;46;74.840615597868
0;0;3;162.82;343;38;71.1606966593701
1;0;1;180.01;-91;38;83.6352738603005
1;1;6;183.1;-1029;67;89.973767511419
0;1;3;174.75;175;57;67.8365785086962
1;0;2;174.52;350;55;83.7960830833713
1;0;1;170.38;1001;51;81.0551660662838
0;1;4;159.39;105;68;68.0979691565857
1;0;3;173.85;623;53;78.2425592907373
1;0;0;170.38;-644;0;78.7231050533321
1;0;3;183.41;-224;57;80.0213043783401
1;1;5;168.49;-203;57;70.2947508051804
0;0;1;160.06;14;43;72.1197710668198
0;0;2;162.48;56;43;66.5964288508126
1;0;1;165.48;0;73;65.388562231519
0;0;1;160.92;497;51;62.7558891699016
0;0;0;150.26;371;0;56.5070539917059
0;0;4;159.65;791;46;65.7211767551135
0;0;0;153.73;434;0;55.5889712358245
0;0;4;153.2;-399;46;57.677518281811
0;0;2;173.19;77;40;77.961539236103
0;1;2;159.85;-161;54;64.9833991342077
0;0;1;156.41;1547;39;61.9855018471942
0;1;2;159.29;-567;58;62.1804736022741
1;0;1;162.42;735;51;72.8265306769739
0;1;0;172.87;-434;0;76.6523700597213
0;0;0;150.65;-896;0;59.9933774411816
1;0;5;170.37;658;61;63.2787928660023
0;0;4;155.6;-77;43;59.9903417658639
1;1;0;182.39;-945;0;96.126837617039
0;0;4;160.39;378;43;68.5445030858555
0;0;3;153.65;371;51;49.9531363413752
1;0;4;175.01;1575;46;82.0884941668507
0;0;1;159.75;1225;49;59.7140653213808
0;0;2;159.67;385;49;61.7135956229648
0;0;4;170.71;-252;38;73.1438848373761
0;1;3;162.29;-1708;59;67.4170818206729
1;0;3;172.44;98;44;83.6848389394902
0;0;3;155.31;847;42;63.4754545939387
1;1;1;184.6;-133;73;84.4066807802871
1;0;2;176.23;560;49;85.4842398247997
1;0;0;182.33;-329;0;80.8740963511155
0;0;0;158.87;847;0;63.6655623493739
1;0;5;174.64;1498;65;68.8555892870637
0;0;1;161.4;-77;33;60.9718699304416
0;1;2;164.73;70;64;61.6683816310027
1;0;1;160.32;119;49;76.0832877170316
0;1;1;167.8;-315;61;77.4607519584108
1;0;2;166.97;357;54;65.9213371591925
0;0;3;166.85;105;48;70.7050356320769
1;0;0;173.47;1239;0;79.0013673290891
1;0;3;190.62;350;50;94.6496061163101
0;0;2;165.51;294;45;54.2152424307303
1;0;5;166.48;84;49;72.5138001223953
0;1;4;152.38;-679;52;59.6302382009852
1;0;6;157.8;-63;42;62.6309581682353
1;1;6;177.2;63;71;75.2024223543243
1;0;5;168.81;980;64;79.0942638593279
0;0;0;161.78;-420;0;65.2750551578888
1;0;4;182.25;1141;61;86.6102445141949
1;1;0;177.73;189;0;87.0602497215142
0;0;3;158.67;406;47;65.0929216118909
0;1;3;161.39;-714;62;52.346964440145
0;1;4;160.8;-266;69;68.1835242227202
0;0;1;160.66;623;46;70.2438838551348
0;0;4;155.39;-21;38;69.5550870682835
0;0;0;155.09;-168;0;55.3365625002717
1;1;0;174.96;-1554;0;82.7398107322794
1;0;2;172.09;637;49;77.4484322827601
1;0;2;175.26;-308;53;73.4883451269737
1;0;0;177.08;987;0;84.7113035432905
0;0;0;161.73;658;0;72.1077463931399
1;0;1;169.85;63;66;67.6909905607174
0;0;4;169.46;959;45;76.5541690257887
1;0;1;172.88;-392;67;77.714208032563
0;1;1;147.21;-847;90;48.1451563604786
1;0;5;182.77;420;58;84.6396451482521
0;0;1;157.93;476;57;55.3601684955579
1;0;2;183.65;413;45;86.6602244226848
0;1;4;161.35;-819;69;64.9383911713788
1;0;3;173.48;952;49;81.3389865555935
1;0;2;173.93;-238;48;79.5802832273104
0;0;1;167.6;-504;42;66.868835439842
1;0;6;179.51;147;61;82.6412488067363
0;1;0;160.23;-1169;0;70.2134318340067
1;0;6;181.29;-140;47;78.7252260852174
0;0;4;159.71;406;48;70.590407881178
1;0;3;168.61;910;55;70.3929885694922
0;0;4;159.38;-350;57;56.044749847893
1;0;1;186.64;-455;64;76.5809567444435
1;0;0;167.83;224;0;81.8801933260932
0;0;1;161.56;-315;47;65.3258571212749
0;1;1;155.61;-1281;59;50.8067450740099
1;0;2;176.24;119;53;63.8694940900753
1;0;5;172;-42;50;67.3570006584309
0;1;4;171.76;-1456;58;77.017032928569
0;0;0;167.08;931;0;72.213307292104
1;0;3;183.31;343;67;83.54656773202
1;0;0;163.74;-35;0;75.3363572338692
1;0;2;176.28;273;50;75.7453832772314
1;0;5;175.91;77;50;75.2961518161291
0;0;1;161.58;98;45;63.2568236702348
1;0;1;171.56;903;52;80.8257989922352
1;0;6;173.31;-434;54;77.2338346525387
1;0;4;173.7;665;57;79.6932799483455
1;0;2;177.91;546;60;79.3065815086396
1;0;0;168.94;-476;0;79.0481803878624
1;0;6;168.3;-350;59;60.4783455492484
1;0;5;185.52;1064;56;88.5725883317624
0;0;3;160.61;490;49;70.4668348653978
1;0;1;173.01;833;55;71.5121993554485
0;0;4;153.78;-175;40;56.535949462315
1;0;4;177.81;875;43;88.5815723169438
1;0;5;170.57;84;51;77.7639812165696
0;0;4;153.91;994;43;56.9531409919119
0;0;1;157.17;210;52;59.9916988372211
1;0;5;166.9;175;64;75.9112290018629
0;0;2;159.51;-84;38;64.0787865437711
1;0;5;184.9;665;61;97.9023858134307
1;0;3;181.51;665;48;81.8673345964081
1;0;0;184.32;28;0;81.5655381545294
1;0;6;183.34;252;48;85.2552157867247
1;0;5;179.31;917;44;85.8177000623886
1;0;0;165.69;245;0;69.8204178014257
0;1;2;164.04;-1834;50;57.7982335893652
1;0;6;174.71;-49;56;73.0710974617133
1;0;1;163.43;28;58;69.3285242548904
0;0;2;165.85;742;49;63.5128855852508
0;1;1;173.33;-707;65;76.9250605835087
1;0;5;173.81;-231;54;74.5869601204267
0;1;2;152.6;378;66;54.4255514447911
0;1;2;141.52;-2380;74;34.0100778459413
0;1;0;169.99;-917;0;70.0085787299038
1;0;3;174.19;147;61;73.1125300870247
1;0;2;178.6;1218;54;93.0914220959062
0;1;4;163.91;-714;58;76.6071318932026
1;0;4;176.36;-252;65;79.9728005723766
1;0;4;166.56;-154;56;76.5674160796348
1;0;3;171.7;721;63;72.2464363457156
1;1;0;169.53;-728;0;79.101883438235
1;0;3;173.67;1029;48;80.570175991443
0;0;1;155.2;364;43;58.6474796797709
1;0;2;187.22;-56;49;93.735579652826
0;0;0;168.92;371;0;85.0752107897239
1;0;2;180.81;644;45;93.2591280372068
0;0;3;166.71;455;45;67.5277162744756
1;0;2;163.38;-413;62;66.9517310604049
0;0;3;176.99;-147;43;76.1765005013411
1;0;6;171.77;476;51;78.957300276207
0;0;3;159.72;427;39;55.1255534798074
0;1;4;158.28;-1036;64;56.9116598489653
1;0;1;162.13;1232;49;69.7723859098077
0;0;0;151.48;-98;0;55.278091484344
0;1;2;171.87;-1386;58;73.458456636679
1;0;6;165.41;-749;39;71.2953786426484
0;1;1;157.66;-623;65;61.7212338663147
1;0;4;181.17;-161;47;81.2203192045161
1;0;1;170.37;1022;64;79.0697655008155
0;0;3;163.22;28;40;68.7109375183543
0;1;4;155.28;-280;69;60.0874276008282
0;0;4;148.85;308;51;52.2955512052384
1;0;1;171.61;693;61;80.5755734915858
1;0;1;166.76;539;52;69.9763105843125
0;0;0;163.01;133;0;63.8124097992155
0;1;2;164.65;-1253;54;69.9711094889902
0;0;1;162.4;133;43;68.2982991521164
1;0;2;169.76;112;61;68.8524758651566
1;0;0;171.53;273;0;74.1924492845511
0;1;3;173.2;-784;59;76.3626210237935
0;1;0;150.23;700;0;59.0856212710274
0;0;4;159.45;140;49;53.6323642808517
1;1;6;173.62;-1085;61;70.5173451678242
1;0;5;170.18;987;43;71.8976208875437
0;1;2;173.43;-1274;61;72.3773843619501
0;1;2;168.25;-280;55;72.4503195681588
0;1;1;152.44;224;67;56.3811069465908
1;0;0;170.88;224;0;80.3557769750187
1;1;4;179.01;-1190;67;76.3060570873614
0;0;1;162.55;161;59;61.7793640615419
1;0;4;191.89;1204;61;92.9865040580289
0;0;3;155.41;1204;36;67.064520340811
1;0;6;183.76;63;50;81.7305915526831
1;0;6;182.48;847;42;85.9422235130038
1;0;4;170.46;448;63;70.2036072641587
1;0;5;169.44;1442;49;84.7974313158723
0;0;1;172.82;280;39;77.845150375136
0;0;3;158.36;-196;47;54.5320778497187
0;0;0;162.36;-483;0;67.6176313572353
1;0;4;176.31;-217;51;78.3284678346529
1;0;5;174.68;1295;55;84.2952950106597
0;1;2;166.97;336;52;75.7035573904182
0;1;0;158.95;-140;0;63.0329849361997
0;1;3;150.28;-665;62;47.8652929253182
0;0;4;165.83;-329;49;63.7287172686648
0;0;2;151.69;651;39;62.9286121207054
1;0;2;172.96;609;52;78.9351939024302
1;0;3;172.63;168;56;83.9879253247056
1;0;6;179;742;78;76.9964237594172
0;1;1;153.2;-1995;54;54.2249943150163
0;0;4;160.79;420;43;64.5961643617838
1;0;5;172.07;63;53;77.4160791532804
1;0;3;169.76;-154;45;74.0991140909603
0;0;1;158.86;126;47;63.472795059765
0;0;2;157;1477;49;64.0109239541182
0;0;1;164.51;-462;46;55.2832154499858
0;1;1;152.77;-679;47;55.7794711309554
1;0;0;168.78;-434;0;78.5919633286375
1;0;0;171.52;679;0;78.3428563316955
0;1;3;162.99;-441;63;68.0680166491434
1;0;2;175.92;826;56;82.8757268046609
1;0;0;161.31;735;0;67.4676422632409
0;1;1;159.04;-1932;59;46.241372627102
1;0;3;189.61;357;55;87.6301988677773
1;1;4;178.55;-1057;65;75.2015283784336
0;0;4;167.94;-35;36;72.0039666424646
0;1;4;155.93;-434;59;57.3757107458796
0;1;2;168.26;-427;73;60.4748524290214
1;0;1;176.45;-434;56;77.255511738385
1;0;1;168.63;1302;59;77.7979756474815
1;0;0;173.5;1057;0;76.9576639482085
0;1;1;159.52;-637;56;60.01548946316
0;0;3;158.73;476;31;59.4522133717797
0;0;3;161.68;224;43;61.0636044209522
1;0;3;180.67;-532;65;80.8296576614703
1;0;6;179.87;147;50;87.9393628087429
0;0;0;164.8;1785;0;65.2382297588606
0;0;0;150.26;210;0;53.8884944415587
1;1;2;173.69;-1407;76;81.285673371516
1;0;4;174.85;7;73;69.6035700748451
0;0;3;163.06;1099;47;68.1848400826711
0;0;4;156.11;-756;47;60.7538771935729
1;0;2;167.75;749;51;80.1302352302554
0;0;0;153.66;378;0;66.6558076698508
0;0;0;167.88;-1225;0;66.0908981966196
0;0;3;168.88;644;39;65.1249514554211
0;1;0;173.48;-861;0;63.4581926522191
0;0;1;151.48;679;36;60.6941776631339
1;0;6;164.13;903;54;75.627748669039
1;0;1;179.13;-504;48;84.4680833918238
1;0;3;179.56;308;43;90.987393705338
1;0;4;192.15;84;58;91.3235505146853
1;0;3;187.85;350;47;81.5484207460362
0;0;0;173.63;1610;0;77.074475141449
0;1;4;164.68;-245;64;62.9938195964738
0;1;3;158.37;399;52;64.0043281487005
0;1;0;155.14;-161;0;52.0524859475015
0;1;1;155.67;-875;64;55.7584544163988
0;1;1;156.52;329;66;62.256357612152
0;1;0;159.73;609;0;60.4625350918832
0;0;0;171.58;1771;0;74.6889237357658
0;0;2;154.99;616;37;60.5597425374076
1;0;3;182.53;308;64;88.041965353908
1;0;1;174.01;378;51;80.5655891085954
0;0;1;163.23;-133;38;70.0200093098555
1;0;1;174.81;749;47;88.6847926706208
0;0;2;154.94;504;47;58.3679264048628
0;0;0;167.03;511;0;73.8437450677947
1;0;2;189.16;966;59;81.5126296501927
0;0;1;151.16;133;48;62.2702883928515
0;0;2;162.59;77;48;67.3816429476007
1;0;6;176.29;-833;63;69.7510085489266
1;0;5;187.81;-196;63;88.582937206654
0;1;0;167.63;42;0;74.8636924651574
1;0;3;168.07;266;69;63.2958135094915
0;0;3;156.42;77;46;60.3565153385821
0;1;1;172.21;-707;54;67.8686485103939
1;0;4;178.73;-189;55;83.6067567224361
0;1;2;173.37;-70;35;74.32097343632
0;1;1;155.41;-119;62;55.3043690733289
0;0;2;176.11;1057;38;81.5194736563967
1;0;3;180.42;1015;58;85.0922346307158
1;0;3;180.35;-14;53;83.5892294205219
0;0;1;162.99;1036;48;75.2421077886915
1;0;6;182.46;644;57;80.2104924705307
1;0;6;178.22;847;52;80.5449183514151
0;1;0;171.03;-1673;0;64.2248010053535
0;1;0;150.64;-1666;0;53.3668030773767
1;0;1;180.26;224;44;79.14052941811
0;1;2;168.5;-1323;62;61.1588870185407
1;0;6;181.78;-637;63;79.9843524182883
1;0;0;180.84;504;0;82.8343425898402
1;0;0;180.9;210;0;77.3674134594048
0;1;4;159.05;-336;59;59.5309023124094
1;1;1;181.03;-889;74;90.2274938835763
0;0;0;155.71;1197;0;73.1125787408593
1;1;1;167.72;-714;85;69.8209083645062
1;0;0;184.33;1232;0;81.9384093920951
1;0;2;163.26;385;60;72.273290858651
0;1;1;154.74;-161;71;57.8986603798147
0;0;4;156.46;147;42;70.8702883289815
1;0;5;172.98;-371;49;69.8596914611833
1;0;5;185.6;105;54;91.2528189925854
1;0;3;165.94;357;57;79.0228536591978
0;0;0;167.24;-147;0;74.9427984805719
1;0;2;166.03;406;60;67.8442901159226
1;0;4;181.98;119;72;79.2725139639638
0;1;4;148.56;-1617;56;47.4132668803863
0;1;4;159.27;-287;64;52.5234141624979
1;0;0;176.17;630;0;70.5373912247573
0;0;3;160.63;903;47;63.6036869266092
0;1;3;175.2;-1484;67;66.8242809769383
0;0;0;152.39;7;0;51.702946551424
1;0;6;174.71;455;51;77.2809593956563
1;1;0;178.64;0;0;82.5562499462834
0;1;4;163.32;-406;67;53.80379721812
0;1;4;164.32;-1071;67;65.1637459158504
0;0;3;169.18;1043;50;67.4992430656593
1;0;1;168.53;343;55;69.1078130672508
0;0;3;176.27;1407;47;74.3308794225741
1;0;4;181.99;-420;54;84.0421890183446
1;0;1;170.77;35;46;79.8585561448845
0;1;2;159.54;497;48;60.3074424883536
1;0;5;179.96;-56;59;78.1827157995636
0;0;0;156.63;280;0;69.6689997603818
1;0;6;183.25;427;51;90.7999953356205
1;0;4;189.74;798;49;90.9769500897871
1;0;6;173.02;-28;49;74.2885895155037
0;1;3;178.35;-1547;59;75.8512093703746
0;1;4;159.41;-833;59;68.8191410139094
1;0;4;176.2;952;58;81.4813378119122
0;1;4;162.92;98;61;64.1663598851743
0;0;2;165.56;1645;37;71.8862700937257
1;0;1;173.75;602;58;81.0063513545305
1;0;0;165.36;133;0;70.4496968937964
1;0;2;174.05;875;59;72.8313709936997
0;0;3;168.03;924;48;62.1187959153228
1;0;6;167.57;1848;53;75.4593982543067
1;0;2;174.68;133;49;80.2735367665177
0;1;0;162.17;-588;0;60.1375996914383
1;0;0;179.16;1120;0;73.9480934142275
1;0;3;166.06;1204;51;67.5580193967256
1;1;1;179.29;-1134;66;82.8046648239688
1;0;1;174.38;910;46;72.8099031328797
0;0;3;159.48;595;46;62.1189095772329
0;1;3;163.7;-1533;55;60.5190711699035
0;1;1;159.92;-1701;58;65.0136294032011
1;0;2;182.06;1421;50;82.522584432609
0;0;3;158.79;1624;42;50.7790453340735
0;0;0;169.81;-84;0;67.1538297321922
0;1;3;159.56;161;66;63.978613545514
0;0;0;157.69;-203;0;58.4474968058515
0;1;0;145.4;-350;0;46.6520126657715
1;0;4;177.9;420;52;78.0150991072025
0;1;0;154.85;-1071;0;60.428357303732
1;0;5;183.77;-483;61;82.4491271065628
1;0;0;177.68;938;0;76.8844673080003
1;0;0;172.72;140;0;80.1588646100787
0;1;2;163.01;-448;56;57.0985510607169
1;0;1;176.65;665;46;82.8096402554581
1;0;3;184.68;728;44;85.209528668152
0;1;3;162.3;84;53;70.8933879107274
0;1;2;153.22;-511;65;44.7970391399999
1;0;3;165.66;77;65;67.787598502076
1;0;0;164.73;490;0;78.5629643853674
0;1;0;150.09;-1162;0;48.2038875441015
1;0;2;176.28;749;56;68.1603586901188
1;0;4;170.09;560;56;73.939852518584
1;0;3;169.01;-392;73;74.1843503840457
0;1;2;162.58;-1617;60;65.9514147294294
1;0;6;166.65;-70;54;71.6153067702365
1;0;4;174.13;623;59;75.665522138284
1;0;0;174.65;602;0;75.6202172015889
0;0;0;162.92;0;0;62.4849666217712
1;0;2;174.9;189;66;87.258572095896
0;0;0;151.41;1057;0;53.3606109063234
1;0;5;180.7;-245;61;75.4618980792553
0;1;1;164.75;-210;68;60.8159103453025
1;0;3;176.8;1351;53;79.2862428392279
1;0;2;177.89;84;57;83.6051414847384
0;0;3;161.81;217;40;74.6290518541931
0;1;4;165.82;-483;70;62.5483170230589
1;1;2;168.78;-567;60;72.4709416313889
0;0;0;170.42;-595;0;71.4395543685345
1;0;2;168.83;1295;55;77.3278222255623
0;1;0;163.8;-1862;0;64.4527143918257
0;0;2;149.77;588;51;53.7162327175998
1;0;2;178.85;245;47;77.2504309734466
1;0;1;174.91;784;56;76.9002630101427
0;0;0;153.69;336;0;59.8988314963015
0;0;1;164;119;39;72.1527115555197
1;0;5;174.38;189;56;75.5150528497513
0;0;3;174.66;-329;52;77.0990392250811
0;0;2;155.05;763;42;56.7985111518359
0;1;0;163.33;224;0;64.2109391282966
0;0;4;169.13;721;49;71.8698383563806
0;0;4;159.59;889;41;72.2765262005195
0;0;4;163.48;266;48;75.9861096231014
0;0;4;154.78;385;54;64.2067420412352
1;1;2;178.61;-308;62;75.5026320165047
1;0;6;172.51;854;49;88.6865965915246
1;0;4;171.28;308;52;75.5577958984484
1;0;0;180.06;-91;0;87.3375572096265
1;0;5;167.37;91;52;72.5808584215196
1;0;0;181.8;-1106;0;78.9261263923571
1;0;5;181.28;434;66;84.5609963243248
1;0;1;169.99;357;52;77.1223747463141
1;0;4;174.58;336;68;79.382670007773
1;0;3;166.11;-21;59;67.2203944814184
1;0;0;167.74;203;0;79.326860307668
0;0;3;169.07;567;44;61.1622447718573
1;0;5;188.53;1687;59;96.2569720814205
0;1;2;168.08;-1302;54;69.2805957278936
1;1;0;172.41;210;0;70.338010766042
0;0;1;150.99;119;43;57.0524690055476
0;1;2;165.78;-1113;63;64.2993751288381
1;0;6;180.23;427;46;84.6236494705874
0;0;3;164.98;539;38;72.2567102985618
1;0;3;179.34;-14;63;80.4049659093347
1;0;0;181.88;903;0;79.6222585811938
0;1;2;163.37;-469;54;62.2088456291374
1;0;2;168.63;280;44;80.6934438473655
1;0;0;169.78;924;0;68.5207235658247
1;0;4;189.67;-784;61;83.6492292394759
1;0;6;191.11;294;54;86.1311613314932
1;0;3;160.83;714;55;66.9113125730991
1;0;3;182.29;623;56;83.3607769228958
1;0;4;178.25;-63;68;77.3777220353978
0;0;1;170.39;581;39;65.2471885335213
0;0;3;169.98;-833;50;75.5002676146948
0;0;3;156.04;-658;53;52.0662501443408
1;0;5;178.79;1778;58;79.9943172679357
1;0;1;168.3;371;68;74.6416688355974
1;0;2;171.59;-238;56;79.9276617247141
0;1;4;152.88;21;61;58.0237476934183
0;0;2;165.31;224;47;69.8022335682496
1;0;0;178.35;189;0;82.1958331840292
0;1;1;170.86;-1190;70;70.2971204853382
0;1;2;139.1;-273;73;60.8435902610123
0;1;2;165.58;56;74;61.7933962940423
1;0;1;174.97;1204;51;79.5861178357519
0;1;2;166.31;-1841;60;65.8187680200098
0;0;4;169.94;308;42;66.7190059529107
1;0;4;162.03;658;55;63.2388359015305
0;0;2;170.59;-224;39;66.7144864303557
0;0;3;166.52;644;48;73.9703078517404
1;0;0;165.04;-455;0;78.2326274838807
0;0;0;159.76;329;0;60.2855940949934
0;1;4;167.88;-77;65;75.9334407107919
1;0;1;177.3;539;54;83.7798885912956
0;1;0;165.69;-1750;0;61.8758087934358
1;0;6;162.15;322;52;67.8204140909182
0;1;4;164.14;-952;49;62.8140749834616
0;1;3;166.73;336;67;75.6205313487811
0;0;3;163.11;959;40;65.616731617228
0;1;3;177.11;-665;56;78.7088397790647
1;0;2;180.72;959;47;91.3967756504046
0;0;4;176.79;119;39;75.9658481442211
1;0;1;178.88;616;49;89.4342425127059
0;0;1;160.04;210;39;62.7024018162758
1;0;1;166.66;126;66;75.5630819065125
0;1;1;155.55;-903;52;60.2200471953731
1;0;1;177.1;910;56;82.6387301427998
0;1;2;173.17;-1057;63;63.7262504879143
0;0;0;151.94;504;0;55.573638622555
0;0;3;155.44;770;48;56.0970096814485
0;1;2;171.67;-1631;54;70.4980051481528
1;0;1;178.46;735;48;87.9365574090028
0;1;4;155.28;-315;66;63.094839972927
0;0;2;169.11;161;38;66.259350839078
1;0;4;167.04;-175;54;75.544385501869
1;0;3;170.91;1036;53;81.3004439125096
1;0;0;176.43;819;0;84.1315204190989
0;1;1;172.25;-329;58;70.5996912226318
0;0;4;167.15;-539;52;71.8669032697681
1;0;1;177.93;-399;53;86.244669625796
1;0;6;177.15;133;57;68.4326895530551
1;0;3;174.45;609;53;71.3245356387877
1;0;3;169.68;490;57;76.5186145431904
1;0;5;171.56;665;56;81.9210329395804
1;0;2;166.66;1092;65;74.8002570402687
0;0;3;175.92;-462;40;85.3654696621202
0;1;0;156.33;-21;0;62.9926342061763
1;0;4;164.02;84;43;61.6423311734762
0;1;2;169.6;70;71;63.5252547228264
0;0;1;159.28;343;33;66.8051036371701
1;0;1;159.66;28;60;65.6612481266209
1;0;6;175.16;679;57;76.0643794154941
1;0;6;167.96;469;58;77.6662404568823
0;1;0;157.54;-1491;0;63.3849440766587
0;0;1;167.53;658;39;69.8412775455066
1;0;3;167.36;1127;57;74.7466375883911
0;1;2;165.37;-336;53;61.5664854622672
0;0;0;179.44;455;0;80.0215431518601
0;1;4;159.51;287;61;66.0578767359607
1;0;5;158.49;728;53;58.9758824277076
0;1;2;162.31;-448;73;66.8195147028989
0;0;2;160.72;1113;39;56.1694885370193
0;0;4;163.01;504;49;56.7349918200385
0;1;3;157.34;-448;59;50.7953959272221
0;0;2;172.64;91;53;71.0295254661517
1;0;1;167.66;63;55;63.4080780452767
0;0;0;154.02;546;0;50.1811304362844
1;1;2;182.97;-1358;67;80.3064521693814
1;0;4;174.82;1771;57;82.1927124004182
0;0;2;166.85;560;47;73.9708022195771
1;0;0;174.89;840;0;78.2351501239256
0;1;3;162.39;-546;65;68.9546557437245
1;0;2;190.84;1603;60;95.3130628642884
1;0;6;157.44;938;55;67.9182966152712
0;0;2;168.88;392;44;74.21263487587
1;0;3;168.87;1141;55;77.888367009564
0;0;2;168;406;52;67.8854243356999
1;0;4;168.2;-448;57;69.6630861007234
1;0;4;173.13;-189;47;90.5364345302057
0;1;3;162.42;532;62;66.1474350888746
1;0;5;183.67;-742;62;76.9806635474894
1;0;0;166.99;490;0;70.2895614088448
1;0;3;153.86;364;62;66.5105358015638
1;0;5;173.38;658;55;77.9665281441803
1;0;0;193.33;14;0;81.5495744414768
0;0;4;158.56;1113;45;57.4989044556283
1;0;5;179.22;399;51;76.86809906711
0;1;4;159.25;-665;66;65.3703211841059
0;1;1;169.39;336;45;71.849506753197
0;0;0;158.69;35;0;68.2512219837266
0;0;4;152.97;616;49;54.4048196755917
1;1;1;171.04;-427;71;71.8279980593433
0;1;2;151.44;-2919;52;50.5363622250869
1;0;5;178.47;-217;49;75.470236288311
0;0;4;153.3;28;44;61.5930921177214
0;1;1;159.6;-1071;60;68.0536162155691
0;1;4;163.19;686;62;57.6811107867398
1;0;6;161.98;-364;54;71.9303867060377
0;0;3;172.08;798;46;75.2578977309293
1;0;1;178.7;35;40;83.0928091452508
1;0;1;180.23;889;50;93.5542006620873
1;0;3;161.54;791;63;68.847463999927
1;0;5;179.96;-357;64;79.0870731451583
1;0;4;178.14;840;64;82.4020033757649
1;0;1;178.87;651;60;81.3979115105363
1;0;2;187.42;-266;62;87.1855734814698
1;0;3;186.91;889;52;90.6799794038112
0;0;2;170.56;-315;47;64.9402445241024
1;0;4;169.57;196;56;71.1877197999827
0;0;1;154.07;1183;47;55.5903039926754
0;0;1;158.24;196;40;67.7206134120923
0;0;4;161.4;378;50;64.4283699406749
0;0;2;166.7;-14;46;71.5703531980394
1;0;5;164.62;735;50;65.7432684242766
1;0;6;184.49;882;57;92.0217562742898
0;0;3;164.94;-112;49;63.087212830168
0;1;2;168.92;-49;65;69.9993682270236
0;1;4;166.52;-847;58;66.668191328043
1;0;1;171.42;777;45;75.0016097567732
1;0;5;182.06;-161;56;90.7508161164666
1;0;0;175.53;-602;0;82.186041802404
0;0;0;169.1;49;0;67.7172363826613
1;0;2;182.59;392;53;92.9586641774233
0;1;1;161.02;-868;64;71.6436258404199
0;0;1;162.35;1029;45;75.4953192490412
1;1;1;175.71;-651;66;79.8690198099777
0;0;1;162.37;455;45;68.7711907852639
1;0;1;182.91;-14;44;84.5807923408694
1;0;0;179.62;728;0;82.1661924818912
0;1;3;162.03;-112;49;66.528244176808
0;1;1;158.17;567;66;62.8793477055942
0;1;3;156.48;-1302;64;51.700279984365
1;0;4;174.7;735;44;78.2739867199469
1;0;5;183.66;1582;52;87.6218199865192
1;0;1;174.95;238;47;77.8183766060295
0;1;3;163.03;-1757;61;63.5477338049603
1;0;0;183.04;-371;0;89.6232926422104
0;0;0;150.37;672;0;54.969319105543
1;1;4;179.43;350;58;75.8559801211646
1;0;5;183.66;980;54;90.8562394126698
1;0;5;172.59;140;44;75.9291209616925
0;0;4;151.9;1106;52;63.4578408419098
1;0;4;176.05;-609;57;84.6607475809917
0;0;4;163.86;245;49;65.5794105424749
0;0;2;166.66;1099;49;75.5436525137342
1;0;6;177.52;1400;45;79.4534115776067
1;0;2;176.96;1099;56;81.7342147930409
1;0;3;176.96;70;56;86.385963049529
0;1;3;153.48;203;65;59.6326670818249
0;1;0;139.12;-1456;0;30.5570103848266
0;0;2;148.12;-196;38;45.5666540565937
0;0;4;164.85;-224;42;62.2058975723788
1;0;0;179.12;595;0;85.6717089600404
1;0;1;163.78;658;28;65.9366776017813
0;0;2;155.58;189;52;59.8935665292391
0;0;3;155.4;553;54;47.1168445067085
0;1;4;164.71;-1477;56;67.5789227762373
1;0;2;169.02;581;58;78.4277800064266
1;0;4;176.85;875;54;93.3120001464239
0;0;0;152.66;581;0;54.2544755362649
0;1;1;163.04;441;56;57.5858388406864
1;0;6;172.28;518;56;72.8432724088636
0;0;0;161.28;861;0;65.7806224666991
0;1;4;145.83;-189;67;47.6753596466602
1;0;6;177.64;1736;61;84.6074084306386
1;0;6;177.59;1260;62;84.4183067354961
0;1;2;162.82;-189;51;64.1169856186543
1;0;1;165.77;-119;59;67.2933033196475
1;0;4;169.75;-224;54;69.3652827667336
0;0;0;148.05;21;0;54.7523980233939
0;0;2;167.83;560;50;69.3514589326431
0;0;4;154.08;1148;46;64.8885844476764
1;0;6;183.31;455;54;91.4976472154882
0;1;1;159.63;-126;55;68.3989885330721
1;0;2;177.32;644;51;83.6737390871191
0;0;3;154.79;1057;40;61.4371002526831
1;0;1;175.25;700;53;81.025115493347
1;0;1;170.67;259;47;77.3965144215339
0;0;0;168.38;280;0;69.4406731871358
0;0;1;165.86;161;34;69.2094727963352
0;0;1;165.24;385;48;72.7401875814272
0;1;4;161.31;-1596;46;58.356156388529
1;0;5;178.14;560;44;86.0667800553358
0;0;3;167.32;938;52;70.3733357935145
0;1;3;146.93;-154;56;57.8751087075101
0;0;1;157.08;1001;40;68.1702287578847
1;0;6;163.2;336;52;68.9360449142543
0;0;3;173.33;1295;51;77.8491572871711
0;0;2;156.63;777;51;64.406006254811
0;1;0;166.29;-1540;0;60.8923887243712
0;0;0;158.33;-196;0;62.6282332535986
0;0;3;165.19;567;54;67.5460883911492
1;0;1;177.53;-7;45;83.8876481226406
0;0;1;152.32;308;35;65.1365080320539
0;0;3;150.69;987;40;55.1034793178016
0;0;1;171.58;1421;43;79.6503914418432
0;1;1;155.7;-756;49;57.2274094205615
0;0;2;170.5;-84;40;69.8281724600112
1;0;2;174.61;413;59;71.7598775798726
0;0;3;177.58;1204;44;80.0550585270253
0;1;1;166.62;-392;63;70.0160677698875
1;1;4;179.64;-868;77;79.5887637822922
0;0;1;178.03;161;43;78.4936218189663
0;1;1;158.59;-1764;51;57.8070506842872
1;0;2;176.5;-91;49;76.8296298633246
1;0;2;180.96;21;50;74.970154151509
1;0;4;183.78;560;61;79.4454860116026
0;0;3;162.09;602;46;72.4358934742783
0;1;4;163.84;-1442;59;60.1498891306549
0;0;3;161.75;-546;47;63.7161580259138
0;0;1;151.01;161;53;56.0081280678079
0;0;0;150.88;343;0;58.6840313332449
1;0;6;166.89;-1071;66;65.9747722895347
1;0;1;173.79;721;53;73.1053202645938
0;0;2;155.95;553;37;49.3076490601542
0;1;2;157.01;112;74;62.0981708240102
0;0;1;178.25;-168;42;75.6957104153694
0;1;0;154.74;-70;0;57.2224333491239
1;0;2;168.99;553;47;80.9967136200005
0;0;1;167.93;847;37;64.5790391861567
1;0;2;168.02;147;66;69.6913507957951
0;0;0;160.84;133;0;62.5295165969092
0;0;4;148.65;679;39;58.2543565679531
0;0;2;157.24;-175;41;56.4444080464007
1;0;0;180.17;1015;0;84.9366276461449
0;1;2;167.27;-938;65;64.8168181167894
0;0;0;152.74;238;0;63.4099490975608
0;1;3;170.56;-1190;56;62.8107991282378
0;1;2;152.95;182;59;66.9902097461166
1;1;0;186.63;-756;0;80.6009150467183
0;0;3;153.38;406;46;57.3358555825328
0;0;0;176.3;-350;0;69.6823272281147
1;0;0;167.31;763;0;72.0305094464015
1;0;4;180.67;833;49;78.4903448149946
0;1;2;151.15;-364;60;56.6728594651827
0;1;1;165.41;-1260;64;57.764521103963
0;0;0;159.76;1785;0;61.1859031669658
0;1;2;169.12;-301;64;68.6713320200618
1;0;1;174.14;1673;54;80.3317991875589
0;0;4;161.46;581;52;66.1162614573857
1;0;5;167.61;-434;61;62.6492935153329
0;1;4;167.7;-616;51;67.8264278664151
1;0;1;182.29;-1036;62;87.0383505492825
1;1;6;168.99;238;70;71.6780459813344
0;0;0;162.05;-357;0;68.5096871014382
0;1;3;162.64;-399;57;68.9838907093583
1;0;5;169.07;-189;59;76.6970014789275
1;1;3;184.99;-1708;73;85.6381402350248
1;0;0;184.61;805;0;88.753310262478
1;0;0;188.5;728;0;84.242594973222
1;0;4;183.13;231;47;79.7721608365748
1;0;0;182.63;112;0;83.0685784619918
0;0;1;160.57;511;44;68.8717184572241
1;0;1;169.22;112;56;69.0950346506251
0;1;2;161.04;-2023;64;61.7283449823731
1;0;5;170.71;21;65;67.6564090592387
0;0;3;158.64;490;44;61.9653301098142
0;1;3;162.35;-714;57;67.680028034022
1;0;0;170.41;427;0;74.2994560433697
0;1;2;154.32;-1365;59;45.1935382644103
1;0;5;170.84;1743;64;78.0409679295291
1;1;4;185.85;-2044;71;87.2422369897436
0;0;3;160.78;623;44;70.4301206612295
1;0;1;175.57;735;48;73.5121779622987
0;0;1;150.45;-238;51;44.9264336721672
1;0;5;179.84;217;59;84.2873733299613
1;0;4;175.28;-56;56;80.7780721755765
0;0;1;153.12;210;38;59.1316390570526
0;0;4;164.41;-56;50;73.410552144299
0;1;2;151.1;1225;51;64.1811921260076
0;0;0;168.49;700;0;74.4736031842985
1;0;0;175.69;308;0;81.2247624738722
0;1;4;161.82;-2240;64;63.7958253126687
1;0;2;168.51;231;59;72.3294831881557
1;0;0;181.62;-161;0;85.3798601214851
1;0;2;169.08;308;48;78.8559488039713
1;0;3;171.14;1064;54;76.3260637235711
0;0;1;164.85;301;47;57.1276660580441
0;0;3;160.12;371;37;60.7773806770459
0;0;3;179.83;-525;45;70.5514728955897
1;0;5;179.47;959;66;89.0213628682457
0;0;4;178.49;-98;39;77.7756720236896
0;0;0;164.69;833;0;70.9778861572502
1;0;4;176.32;63;54;84.1239154026408
1;1;1;178.4;-238;73;78.9382367466296
1;0;2;170.57;259;64;73.7054756761131
0;1;3;158.32;-392;49;61.3409599396952
1;0;3;172.22;-875;58;71.491205258691
0;1;2;162.02;-462;56;72.099323690232
1;0;3;182.58;-322;72;76.7587076189714
0;0;4;172.78;238;44;73.9703390276889
0;0;4;147.04;329;52;50.0727427186709
1;0;3;163.97;343;49;64.0086355585541
1;0;0;171.01;483;0;71.6868790040116
1;0;1;178.02;700;58;78.5699675618992
0;1;1;164.15;-1386;55;66.7706581075036
1;0;2;180.97;259;64;79.6219923176762
0;1;4;164.5;931;68;69.2879776290358
0;1;0;164.23;-427;0;63.6900049188244
1;0;3;182.02;791;58;86.971397176459
0;1;2;174.1;-560;72;72.6618311164401
1;0;1;169.03;-196;57;75.4067716434197
1;0;5;181.98;441;53;85.9618964453792
0;1;0;167.11;-1176;0;71.4680730676796
1;0;0;159.57;1085;0;71.6902013679378
1;0;1;172.64;112;52;77.1522210543267
0;1;0;161.13;-413;0;64.7320953059395
0;0;2;167.65;-266;49;70.848042734952
0;0;3;161.48;273;47;60.1181207554883
1;0;3;174.9;-819;65;68.6341784728597
1;0;3;163.93;966;57;71.0792146240471
0;1;1;163.35;-315;63;59.9109061545236
1;0;4;174.55;196;55;79.8345774379927
0;0;2;158.2;-294;49;56.2817257535362
1;0;6;170.5;567;56;79.920677460584
0;1;4;166.01;-672;61;63.3996666664224
0;1;4;159.28;-168;64;52.0842102111898
0;1;4;161.15;49;55;63.9381193695881
1;0;5;175.06;0;49;76.3086822398082
1;0;1;175.07;133;52;83.8687731485579
0;0;1;159.9;231;40;58.000149519368
1;0;4;184.92;700;60;94.7418749581562
1;0;5;176.04;-413;52;76.6930768184073
1;0;0;172.89;364;0;86.1832544064329
0;0;1;163.73;1169;46;66.3312668567869
1;0;5;174.33;-399;47;86.3074201239925
0;0;1;163.83;343;44;63.8290125680341
0;1;1;156.74;-791;71;56.6002050459344
1;0;2;181.58;-98;58;83.1813806556749
0;0;3;167.04;644;52;62.6940855557005
0;1;1;168.3;-385;55;72.7926924354251
0;1;1;166.24;-602;57;58.7312275270509
0;0;4;159.18;679;50;59.7578710753936
1;0;3;174.8;924;56;78.8581335115825
1;0;4;164.39;1148;57;70.819090357593
1;0;5;165.85;245;50;73.011576362925
0;0;0;156.62;189;0;62.9094415064737
0;0;3;164.75;-616;42;61.2726824196323
1;1;2;167.81;-777;78;74.3155655990008
1;0;5;170.63;875;62;72.1719126172879
0;1;2;164.55;-329;61;70.758649096408
1;0;3;176.73;1176;52;87.2359972236395
0;0;2;171.45;413;42;73.6764174822055
0;1;2;159.45;0;58;53.4769815720363
1;0;1;177.44;434;68;78.4109921574957
1;0;3;164.19;210;64;73.0299845971857
0;0;0;158.69;413;0;58.2945689908064
0;1;0;170.38;147;0;69.8784541217303
1;1;1;159.88;-189;77;75.1171649424949
0;0;0;166.78;980;0;67.349350812697
0;0;4;164.66;798;44;70.9351936835966
1;0;4;166.57;1127;50;69.8354415536196
0;0;0;175.07;553;0;77.5541626587873
0;1;4;165.69;-280;64;60.6557049241064
0;0;0;158.2;-294;0;63.682433177645
0;0;1;161.08;616;46;70.7999921743342
1;0;5;171.87;735;51;67.6722265776212
1;0;5;178.19;574;46;84.6545730860993
0;0;1;168.98;-21;47;65.9063472169256
0;1;4;152.07;154;62;56.827454927914
0;1;4;155.56;-1043;67;53.765121188446
1;0;2;174.02;1036;55;82.02895546125
1;0;4;173.8;-434;56;86.974699006749
1;1;4;178.83;-1897;64;68.6432304222721
1;0;0;174.31;196;0;74.2442167053311
0;1;2;161.07;805;56;66.2230367307494
0;1;1;155.67;-287;52;59.7239135829081
0;0;4;159.4;714;39;70.3933979206852
0;0;0;159.58;861;0;63.1490875641259
0;0;4;160.7;490;44;75.9527945681119
0;0;2;162.95;-175;44;53.1607063285754
1;0;3;170.49;1169;54;73.8637159842859
1;0;6;172.98;1064;58;75.9192329905131
1;0;4;181.92;868;47;85.0936712475113
0;0;2;162.99;21;45;67.0783876151081
1;1;1;167.8;-1939;72;70.2168924166201
1;0;0;164.03;1113;0;67.5823515065231
1;0;1;180.32;560;62;83.1718483305309
1;0;0;176.31;287;0;69.1959695046657
0;0;4;149.17;343;37;52.8418474098401
1;0;4;176.78;259;52;80.167982182009
0;1;3;157.4;882;67;53.8116373281263
1;0;5;187.11;112;65;97.8002294755807
0;0;4;161.24;322;41;58.59683946381
0;0;2;177.84;875;50;70.9169452261626
0;0;2;159.69;938;47;75.5111330417731
1;0;6;175.11;378;63;75.5395516946188
0;0;4;165.55;175;36;64.3395259572202
0;0;4;157.36;140;42;57.9973213717374
0;0;1;161.13;917;49;60.4379908016536
1;0;0;182.63;392;0;82.3593688135166
1;0;3;169.69;574;51;81.8037829002688
0;0;0;166.51;532;0;61.6901619580275
0;0;4;151.87;434;46;50.2545694131104
0;0;0;168.83;679;0;77.3801440860869
0;0;0;151.84;-98;0;54.5111208620477
0;0;0;171.17;294;0;73.6577655027749
0;0;2;164.49;119;46;59.1387647287067
0;1;3;175;-1092;71;73.0631199372268
0;0;3;162.19;406;45;70.534986405601
0;0;4;167.88;658;49;70.3321177870222
0;0;2;168;154;48;70.3712519797817
1;0;2;179.33;1512;60;82.8348943171613
1;0;6;174.61;210;60;83.6016137683813
0;1;0;171.73;-882;0;72.3873470251669
0;0;3;157.3;-630;52;65.0984077148977
1;0;6;163.33;63;56;68.196411748514
1;0;5;180.29;1148;39;89.3311756260194
1;0;1;165.92;875;43;71.9834122325317
1;1;3;178.29;-91;71;71.4850501861664
0;0;2;161.08;1099;44;71.0791531824949
1;0;2;172.42;532;60;75.1499271266483
0;1;1;158.47;-140;52;70.9271719272738
0;1;1;167.9;-1484;61;58.2633915604076
0;0;2;145.89;917;38;62.5383407576937
1;0;3;169.48;1204;50;82.7679634237782
0;1;4;163.3;-777;58;68.1702521586079
0;0;1;160.85;-231;34;65.1153258768427
1;0;6;177.27;259;54;88.2372741518242
0;1;2;156.21;329;65;56.7281961230772
1;0;0;169.61;455;0;69.5992400556441
1;0;5;172.23;756;44;73.8187574118851
1;1;1;184.09;-1484;61;86.5552252240236
1;0;5;165.57;1043;55;75.8061850634032
1;0;4;161.56;1372;59;67.5536856550286
0;1;4;166.2;-875;58;63.2250622114584
1;1;5;177.11;-301;71;73.8019054461461
1;0;2;179.09;14;58;82.759083225212
0;0;2;162.41;833;48;60.2520813324557
0;1;1;172.6;-700;50;72.7700078900612
1;0;6;181.8;140;50;95.3127797908548
0;1;3;166.34;-504;63;63.4225555771542
1;0;6;182.26;385;68;86.0129250920695
1;0;4;166.93;1344;56;66.131590123497
0;0;1;170.7;714;40;65.0103480625569
1;0;4;185.64;-14;39;84.6151405621755
1;1;4;169.4;-2100;66;60.9743025729021
0;0;2;167.31;-14;45;71.6310015008997
1;0;1;180.24;1358;59;82.1930743356896
0;0;3;171.45;826;46;78.2613535626538
1;0;6;182.74;119;64;78.1728274659436
1;0;5;174.63;245;51;80.8024316092253
0;0;1;171.18;630;56;66.3895676540504
1;0;6;164.59;1316;51;74.256669962527
1;0;1;181.2;-791;44;84.6913921104229
1;0;2;164.94;721;49;73.3836282618267
1;0;0;172.6;-63;0;78.1096134334859
0;0;2;163.26;728;44;63.8540882067945
0;1;1;163.51;609;62;63.9917005439572
1;0;0;162.68;245;0;74.061801255773
1;0;5;164.93;882;69;68.153189213553
0;0;2;160.48;-266;46;55.7964408264157
0;1;3;160.25;-602;62;63.2476879553411
0;1;4;161.11;-1722;60;55.2790102990665
0;0;3;167.3;175;40;73.517665477308
0;0;3;157.29;700;42;67.1947939807
0;0;2;177.82;371;51;74.8376906707201
0;1;1;156.59;1043;64;64.3564179489036
1;1;6;177.02;-700;54;80.999625751619
1;1;5;176.58;-1106;61;82.309645790603
1;0;0;167.92;-518;0;75.9431637764372
1;0;0;177.2;-7;0;77.6633141150181
1;0;2;174.4;525;53;79.2211480534273
0;0;2;159.27;336;43;61.1351353497127
0;1;0;164.77;-98;0;62.9905176045382
1;0;2;186.26;-21;55;85.4521146556495
1;0;6;170.88;-91;66;71.2982258121192
0;0;1;145.37;322;45;56.546191299529
1;0;0;160.31;518;0;69.7308033659905
0;0;3;170.16;539;53;73.2071589192902
1;0;2;172.11;1127;49;78.6600734030359
1;1;3;180.29;-2142;75;68.0760140126031
1;0;1;168.87;490;59;77.6358490013461
1;0;3;181.2;84;56;84.6445493461121
0;0;3;161.37;-511;39;61.8100954570924
0;0;3;160.73;175;48;62.5918739153228
0;0;1;169.45;392;49;69.2910822275209
0;0;0;166.38;161;0;64.4109411537115
1;0;2;181.74;-1043;52;73.8884006498208
0;1;4;160.67;-385;69;67.70725105961
1;0;2;180.41;182;58;79.9364907518276
1;0;4;175.44;-595;48;76.0289375074687
1;0;4;168.51;-371;47;66.4799208020035
1;0;2;169.28;315;68;79.96699622368
0;1;2;171.29;175;47;77.6173384358689
0;1;0;170.78;-1190;0;73.0096664624169
0;1;4;163.01;-1330;59;52.971727498112
0;0;3;158.89;196;40;74.3372112230188
0;0;4;155.49;441;39;57.2619005111646
0;1;4;153.18;-35;67;58.7724255050243
0;0;2;154.81;1477;50;62.3835115196366
0;0;1;169.8;-392;47;63.7585389354944
1;0;4;171.02;77;53;76.6870651653151
1;0;6;172.57;1197;58;76.0437196570316
1;0;2;179.31;826;53;84.2524007070056
1;0;0;173.77;7;0;74.1389608174189
1;0;6;169.66;525;61;69.7299728178802
0;0;4;154.8;-203;49;60.661024923487
0;1;2;159.23;-1449;52;52.6790258469058
0;1;3;161.72;-448;60;60.2599163551893
0;0;1;151.36;539;53;61.0670908239845
1;0;2;180.2;217;64;77.1049857675051
0;0;3;170.09;392;45;68.5161667509172
0;0;0;149.9;-630;0;53.2069866275561
0;1;3;162.56;-1008;57;66.8982950885162
1;0;5;181.32;791;63;92.3588983198722
1;0;3;174.08;-210;56;73.7006912788558
1;0;5;174.33;1834;72;68.3735806850409
0;1;2;165.38;-714;58;65.3996983145832
1;0;0;181.25;98;0;85.2886340711553
1;0;6;180.81;273;62;82.4441954804843
0;0;2;159.57;84;38;74.0457720393968
1;0;6;164.84;-42;42;72.9318139445423
1;0;0;163.29;721;0;69.1619587785312
0;0;1;153.03;287;48;54.2668842437082
1;0;1;181.63;637;47;76.9828480116287
0;0;4;161.12;14;50;65.9002515121672
1;0;0;164.78;98;0;62.2296572534631
0;1;3;166.98;49;65;65.6515936300243
1;0;0;174.94;217;0;84.5370790491259
1;0;3;168.08;413;51;70.4210545109726
0;0;2;168.27;882;45;70.6231532851504
1;0;4;183.36;427;59;85.6559281093671
1;0;2;179.33;952;42;81.9840871329247
0;0;4;155.99;1393;47;60.6503791527551
1;0;4;168.77;-378;58;66.9276141539556
1;1;3;174.99;-294;70;78.0896065613879
1;1;4;190.01;-469;67;88.1601507328802
0;0;4;160.83;546;41;62.6534248920631
0;0;3;159.21;-294;48;59.8404719723773
0;1;1;161.78;1463;55;67.5320501700004
1;0;3;171.66;315;56;81.5225961657336
1;0;4;169.09;1246;65;78.1428159844206
0;0;3;160.51;-63;51;64.7834278466499
0;0;0;162.74;336;0;79.6551657052288
1;0;3;157.64;-245;58;53.8273555080801
0;0;2;161.06;161;44;64.5466021566865
0;0;0;170.43;28;0;80.1043745918996
1;0;4;175.03;420;53;80.717544248609
0;1;4;159.16;-1204;61;58.1612884483988
0;1;4;154.09;105;66;56.8305467638447
1;0;6;170.96;161;53;72.6535219500427
0;0;2;168.2;-252;45;74.5220451109452
0;0;2;152.92;427;46;58.6578218681695
0;1;4;155.08;-714;51;57.8637221934911
0;0;4;167.35;301;49;72.3146858066307
0;0;3;148.14;707;45;57.0286158208536
0;0;3;167.4;378;46;78.3361978228456
1;0;5;178.69;112;52;80.7462691880551
1;0;3;163.16;63;62;71.9940915159371
1;1;5;182.23;-1260;60;81.4219229388316
1;1;5;178.44;-1085;53;76.4769216300239
0;1;2;154.75;-511;72;54.4545113521538
0;0;1;149.89;-175;49;60.0854197226341
0;0;1;165.14;-308;48;66.5277551917669
0;0;3;156.59;609;41;61.5227087908538
1;0;1;170.08;665;58;76.7081787867817
1;0;3;179.21;-966;62;74.4188957365903
1;0;0;186.22;651;0;89.2394312704783
0;0;1;166.5;1085;40;58.8630224081969
0;1;0;164.56;-126;0;62.3001896142497
1;0;6;176;315;49;81.6072290800628
1;0;4;163.4;280;60;76.6911677350757
1;0;0;178.26;-28;0;81.5300487859511
0;0;4;158.88;658;48;62.1616253948319
1;1;5;182.7;-721;49;71.2363085021161
1;0;0;176.77;931;0;79.9084448721389
1;0;1;183.88;413;55;91.2709439063641
0;0;1;165.99;700;51;73.8572314622533
1;0;2;182.85;301;70;84.6356147205123
1;0;5;184.04;182;54;81.5987962795824
1;0;0;174.51;336;0;70.0387980494838
1;0;1;163.99;476;53;69.9984943046943
1;0;6;181.2;0;59;83.3030949642646
1;0;4;172.69;420;54;71.8265372955511
1;0;2;165.38;154;65;62.2721278882755
1;0;6;174.59;770;55;77.2303999452124
1;0;0;177.32;441;0;79.4364349264671
0;0;1;146.47;917;49;50.1192159229919
1;0;4;172.09;1449;48;70.3315704198913
0;0;2;169.19;1260;44;73.4678382962084
1;0;5;175.34;623;55;79.5997462480417
0;0;4;165.42;728;45;70.8992847433254
0;0;2;165.58;-259;50;61.4602419695587
0;0;0;155.88;-252;0;57.1941448393478
1;0;0;170.76;21;0;76.0576145899203
0;0;1;151.84;1036;42;60.4994729643184
0;1;1;158.85;392;68;57.3473530238718
0;1;2;169.51;-714;75;66.6203034565934
1;0;6;169.19;1183;60;71.5730579581854
0;0;0;155.6;1036;0;64.503282320572
1;0;6;178.11;287;56;85.585175689799
0;0;2;158.66;756;41;69.2551714260139
1;0;0;175.87;161;0;75.0368548852956
1;0;1;165.05;-266;63;64.4293488465916
0;0;3;154.77;763;46;57.456766386884
0;0;2;156.21;-126;48;56.0570332862124
1;0;2;174.2;490;67;78.9209319947848
1;0;5;176.73;315;55;75.3345486692571
1;0;5;181.21;665;58;89.9412474106023
0;1;1;158.97;-1351;62;50.0838897267678
1;0;5;163.17;378;51;71.659590727431
1;0;5;185.96;952;53;87.8211193166466
0;0;1;175.33;-161;46;77.771162020419
0;1;4;171.05;-1463;52;70.4819962017111
1;0;3;179.4;-175;44;87.7811989553789
1;0;1;183.26;-252;60;91.018241754448
0;1;0;161.98;-1407;0;60.2760185952849
1;0;1;183.87;385;59;91.612155170345
1;0;6;180.69;385;56;82.5758902062659
0;0;4;166.14;154;44;67.5241825322359
0;1;0;162.61;-938;0;63.5868442046573
0;0;4;152.72;546;42;56.3470997909556
1;0;2;178.64;-7;47;75.2948499210244
1;0;2;173.6;798;64;81.6892279258463
1;0;0;187.65;-833;0;80.1232230936406
1;0;4;174.77;-525;53;74.2927413972682
1;0;6;178.56;1127;54;79.1327495296888
1;0;1;174.16;959;50;74.7033038338981
1;0;5;173.72;756;53;70.8281473515181
1;0;3;178.96;-252;40;74.848406711376
1;1;1;171.39;-679;53;79.3211141962345
0;0;2;170.42;196;48;64.2232526127236
1;1;5;184.18;-1603;64;85.8653883435418
0;1;1;158.53;14;55;68.3861410135211
1;0;5;155.89;140;48;70.2827604619592
1;0;4;179.45;-833;57;78.3870550019951
0;1;4;161.59;-1015;60;66.068405702218
1;0;0;175.82;637;0;77.499736681675
0;1;1;158.57;70;50;50.9648450930184
0;0;1;168.14;945;45;70.6871994220678
1;0;4;165.53;-84;53;78.5563658166828
0;1;0;181.78;-966;0;83.384924916415
1;0;3;177.31;469;50;80.562002148993
0;0;1;156.21;798;41;64.4737252556958
0;0;4;160.26;469;40;65.25478325381
0;1;0;176.27;-511;0;72.4470001569538
0;1;3;156.29;-938;48;63.0505922042717
0;1;3;155.21;-56;51;57.050923998054
1;0;4;182.05;959;58;83.5556345414037
1;0;3;169.4;-343;49;70.8837781622283
1;0;4;167.62;469;52;73.8181035262636
0;0;2;157.44;-280;42;68.6553429197305
1;0;0;172.74;154;0;68.5425749772764
0;1;1;162.49;-2184;56;61.4805639197314
0;1;0;167.65;-350;0;66.8908691078106
1;0;1;178.18;-504;53;84.1586615234345
1;0;0;172.69;-273;0;67.3769307556073
0;0;3;150.03;630;41;56.9010048543828
0;0;3;168.93;637;45;72.0011938562046
0;0;3;154.36;-287;46;64.2377959548008
0;1;0;179.98;-175;0;73.750645189482
1;0;0;167.28;-70;0;70.6147790102799
0;0;1;164.82;49;43;61.1685202487156
1;0;6;183.54;-126;59;82.296456654826
1;0;6;166.01;147;55;62.5839770825728
1;0;1;171.38;-189;49;80.8313720866471
1;0;5;175.89;287;57;74.032943309307
0;0;4;167.86;-546;49;65.9182060890132
0;0;4;172.04;161;45;75.2004117509028
1;0;4;180.6;1547;52;83.5499253061793
1;0;6;183.02;119;54;86.8420789285491
0;0;3;162.9;714;46;57.1902936831503
1;0;2;178.05;700;58;80.7295851590487
0;1;4;158.57;-1806;60;56.6039169684142
1;1;6;168.63;147;58;71.5865674798092
1;1;2;188.9;-980;70;88.4377263101793
1;0;2;173.48;392;36;81.2163230658495
0;0;4;165.15;266;39;74.7235511839624
0;0;2;151.7;357;45;54.4866520906302
1;0;5;178.64;1351;49;75.6653218444527
0;1;3;157.04;-154;70;62.7823440033786
1;0;1;172.87;77;48;82.2677713353048
1;0;4;169.16;-301;52;76.7710263495941
1;1;5;167.12;-504;75;71.1193373784958
0;0;0;149.58;847;0;57.8124249010394
0;1;4;170.79;-448;50;71.1468800979805
1;0;5;172.68;35;64;72.6360380120805
1;0;3;187.23;-126;57;74.7538167966169
0;0;4;142.24;-392;42;44.3047146838074
0;1;1;165.15;-721;53;69.255951258353
1;0;1;165.04;63;63;70.7988174228876
1;0;4;175.59;126;55;83.3244614622079
1;0;6;173.91;-455;60;69.7757892635635
0;0;3;167.3;728;45;63.7350296962221
0;0;1;153.03;-21;33;63.3948658192613
1;0;6;173.15;-224;61;73.1573895155462
0;1;4;172.58;-882;55;74.3264598726762
0;0;3;164.13;763;40;68.3230119988342
0;0;0;162.63;819;0;69.3930883230752
0;1;1;161.66;-1659;60;58.32947885378
0;1;1;161.23;-910;72;62.6268200789094
1;0;2;177.19;280;64;78.3762576669796
1;0;3;176.67;-217;56;85.0561758992284
0;0;3;159.18;-154;38;63.3066335317838
1;1;0;169.87;-1673;0;66.9203510304581
0;0;1;159.69;7;50;61.1405852035531
0;0;0;168.62;1694;0;71.628368746768
0;1;1;162.9;294;67;62.0779750628679
0;0;1;151.87;238;43;52.424868203442
0;0;1;159.36;483;46;62.7660439468007
0;1;1;153.86;-126;44;54.6729714537943
0;1;1;159;-861;73;62.8571544644042
0;1;2;175.85;-350;59;75.2106568771054
1;1;2;175.64;-1113;80;74.1176612175216
1;0;2;175.5;-98;49;74.1314914544048
1;0;2;180.82;679;52;78.9991955388279
0;0;2;160.51;644;47;60.9915413374708
0;0;1;168.61;-497;47;71.1559461545455
1;0;2;170.15;336;50;86.3982565049542
1;0;0;181.29;1043;0;79.3577607531883
1;0;0;172.53;371;0;78.6860899458481
0;0;1;154.12;-196;49;62.1550846805599
0;0;3;155.91;826;51;65.9827796589467
0;0;2;152.17;-420;42;53.6908417118023
1;0;3;188.39;700;71;89.5727845585955
0;0;3;161.82;-168;42;64.6426866823773
1;0;5;167.81;217;66;67.3172886331092
0;1;3;163.36;238;68;70.4601806376931
0;0;2;157.2;777;42;64.8224011753461
1;0;6;163.66;126;65;77.9518422311231
1;1;0;174.84;133;0;79.5430373329318
1;0;3;186.74;119;55;93.8274951494349
0;1;4;153.61;756;72;59.3078618670715
1;0;2;175.61;245;51;77.8316469744416
0;0;2;173.78;1218;40;73.1869726197323
1;0;5;163.62;322;56;68.466626818646
1;0;5;170.77;399;74;72.1453677203298
1;0;5;171.72;224;59;86.8151848598223
0;1;1;159.06;-609;52;49.4261181273293
1;1;5;180.37;-1246;84;80.8945087404906
1;0;0;178.31;651;0;83.9510577016095
1;0;4;182.52;-497;58;87.4335962596491
0;1;3;164.49;-903;64;62.4505519483938
1;0;6;177.41;-616;61;66.6894188742617
1;0;0;180.32;0;0;81.461000066493
1;0;4;175.81;938;44;73.0746020208643
0;1;2;161.08;-518;51;56.7643517432644
0;1;1;166.59;-203;62;70.1456882500775
0;1;3;158.32;-126;64;60.5353916225872
0;0;1;162.63;427;47;67.3134887431213
0;1;0;156.69;-1400;0;61.6622604171169
0;0;1;156.81;-462;42;56.7508160819057
0;0;1;158.97;1120;49;69.7464866870473
0;0;3;171.77;-168;56;68.6888236254291
0;0;4;165.06;308;46;64.4320904065504
1;0;6;167.8;854;49;64.4959402904763
0;0;1;160.37;-392;42;64.5340194531865
1;0;1;183.73;-42;52;90.7065283400705
0;0;4;165.34;371;54;62.0834326433857
1;0;0;169.72;868;0;74.5641867175868
1;0;5;170.71;448;50;66.739646478003
1;0;2;192.74;378;46;88.2635747956628
0;0;4;159.74;-714;42;63.8649818192606
1;1;3;169.32;-2247;72;72.4017211460659
0;0;4;160.12;-343;51;62.6414505722862
1;0;1;164.92;-427;60;68.4072134232885
0;1;2;156.35;-602;54;55.1643261220489
1;0;2;173.57;308;56;69.0941968704135
1;0;2;182.18;-189;54;79.8374536197944
0;1;0;168.64;-1379;0;67.1032612746092
1;0;5;171.95;854;55;78.6887690011191
0;1;3;146.9;-1554;63;42.9175804575889
0;0;1;157.36;854;45;66.1083631884458
1;0;6;176.79;-273;67;76.0596078731643
0;0;4;165.06;441;36;67.7030470602967
1;0;2;182.61;539;67;87.4132473173324
0;1;3;161.45;-686;67;64.5050730407699
1;0;0;179.88;-210;0;69.6205462930477
1;0;6;169.57;1806;64;79.4281553783074
0;1;0;168.27;-1365;0;76.7537601938716
0;1;4;176.21;-903;70;84.0570012545227
0;0;2;162.67;1456;39;62.9027632224793
0;0;4;161.37;371;39;65.8377964114128
1;0;3;180.4;364;57;83.5116853695095
0;1;3;169.61;-616;55;67.6904886487284
1;0;0;168.33;-1106;0;73.9573819904934
0;1;2;165.56;-1085;67;70.1130415777048
0;1;1;151.61;-868;58;53.9735739312678
1;0;6;192.71;182;42;98.5731522697533
1;0;1;178.32;448;61;86.4321262030529
1;0;5;176.64;154;55;79.6410643835888
1;0;2;174.64;994;61;84.5123339703004
0;0;0;166.41;-266;0;73.6511005649288
0;1;3;161.88;-1407;63;66.4142923512276
0;0;3;169.92;-238;41;67.257777557944
0;0;4;154.55;-7;47;48.61780414892
0;1;3;151.65;182;56;51.4070021871895
1;0;3;179.31;133;65;83.221855216773
0;1;0;164.4;-518;0;75.1615615345325
0;0;3;152.24;-21;43;50.4653427981052
0;0;0;166.67;-252;0;67.9198212973058
1;0;3;172.92;539;55;77.1074392443575
1;0;4;184.96;7;57;81.8202652385826
0;1;3;159.74;119;65;59.3872405704087
1;0;1;171.71;-175;52;74.2669881725484
0;1;4;164.07;-1197;67;66.2294164256402
0;1;0;161.79;-749;0;65.8386263273408
0;1;3;161.39;-42;58;65.0148549657152
0;0;2;150.05;609;47;51.5167884904446
0;1;0;169.5;-609;0;66.9321243880102
0;0;4;156.01;448;52;54.9712227624823
1;0;4;165.45;294;52;63.6846638962232
1;0;1;174.72;-847;62;77.7154056974074
0;0;1;162.76;-287;35;77.7012592241191
1;1;2;168.76;-658;90;82.0069547810477
1;0;3;164.8;-140;56;76.3630663413105
0;1;3;169.68;-994;52;63.4603412959352
0;0;1;149.7;490;44;46.8227897057549
1;0;3;182.8;1085;62;80.5076633089777
1;0;2;186.04;322;48;91.0191853414642
1;0;2;183.18;616;55;88.2606473731928
1;0;5;178.52;1316;66;71.562524879053
0;1;1;166.27;756;67;72.2199607574102
0;0;4;159.25;-259;51;61.0822641565945
1;0;4;177.56;147;52;80.7071940372098
1;0;6;179.49;56;61;85.976866974399
1;0;4;160.86;119;58;63.2684981232262
0;1;0;156.7;-301;0;51.0096818946713
0;1;3;166.56;-1120;56;64.6831573186943
1;0;4;168.63;742;55;74.9244968823038
0;0;1;170.73;385;46;74.1968118946372
0;1;2;154.73;630;62;70.9692646540009
0;0;4;166.47;1169;47;63.2338957180376
0;0;2;156.22;-217;47;62.7882500691206
0;0;3;158.98;21;46;57.6363656711439
0;0;3;154.83;1015;44;61.0826738242389
1;0;2;172.38;-140;62;66.2329168295966
1;0;5;179.05;-1260;70;79.3682048914922
0;0;1;171.31;1491;50;80.5749371096719
1;0;2;167.7;-350;45;78.8930024485426
0;1;2;157.22;1316;57;70.8849119590305
0;1;3;157.72;-1176;53;54.0023980641909
0;1;0;170.87;322;0;73.2691205611214
0;1;3;154.43;-826;56;55.2691417577393
0;0;1;165.2;735;50;78.5408400933292
0;0;4;170.24;427;48;73.139969043787
1;1;1;178.06;-1617;82;68.7885096441039
1;0;4;177.98;833;60;86.7033694274786
1;0;4;166.38;742;49;63.5905683836435
1;1;2;169.63;-1246;86;66.280982849528
0;0;2;156.98;7;43;63.4604135749624
1;0;5;193.1;-245;68;82.116528951623
0;1;1;158.78;-1092;67;65.7114606561427
1;0;4;182.48;1925;55;94.0643178111133
1;0;3;177.05;-140;53;82.4310151822803
1;0;6;181.85;448;48;78.0075740835598
1;0;5;171.55;875;53;70.7972463501707
1;0;1;175.33;182;72;74.9249003168447
0;0;4;158.77;959;38;59.9184635534056
0;0;0;161.04;-301;0;60.0394120516431
0;0;0;168.15;-357;0;67.1114379684807
0;0;0;158.4;1344;0;66.5827418194769
1;0;4;173.52;483;61;76.7163054828585
0;0;1;170.87;245;52;71.3620018946584
1;0;2;173.94;-525;53;72.872184538426
0;1;4;149.36;-1757;50;54.8036846907407
1;0;1;173.47;651;47;76.6462755690509
1;0;6;174.03;931;48;80.9521119758918
0;0;3;157.14;-343;44;57.7233684417041
0;0;0;164.77;497;0;67.5678648178084
1;1;6;179.59;-1211;74;80.2872253621391
0;0;4;166.4;-420;46;63.0337059717928
0;0;4;170.47;0;49;75.2706135376375
0;0;1;159.46;686;43;64.6480247215535
1;0;5;177.26;189;65;84.015538630644
1;0;6;175.56;-294;53;77.7742916743653
0;0;1;164.69;-182;35;57.4848616108585
1;0;2;169.22;0;47;77.2361276318179
1;1;3;167.03;-1330;65;68.2316297788588
0;1;0;155.49;-1078;0;66.0936496196501
1;0;6;176.08;532;68;83.8499315118848
1;0;3;172.66;-196;54;80.5669559659798
1;0;3;189.68;-469;60;87.0970361312361
1;0;1;179.43;-280;45;84.0383210614315
1;0;5;175.46;1414;49;73.2418571663044
1;1;5;173.26;-1092;65;76.0359986027253
1;0;3;171.32;525;47;68.9424684938866
0;1;4;158.66;-1386;64;61.7750913733183
1;0;6;181.35;427;48;86.2030508843553
0;0;3;165.68;917;41;70.7752099866105
1;0;0;183.63;854;0;84.9649650060317
0;0;2;147.89;189;41;56.5081582398086
0;1;2;175.33;-889;51;67.9383798168509
1;0;1;170.71;637;56;81.1183925240962
1;0;0;182.29;-140;0;76.7285592167417
1;0;4;167.82;434;37;73.5869473713684
0;0;0;154.43;518;0;60.1786810527851
1;1;0;166.71;-756;0;74.1014040018583
1;1;5;180.42;-609;70;79.7492232994285
0;0;3;163.17;924;45;63.4538566744126
1;0;5;177.74;-567;62;74.3867593671937
1;0;3;179.87;749;53;85.0312340051985
1;0;2;175.05;-497;54;71.1382539872134
0;0;1;156.82;644;48;65.7267043402694
0;0;1;157.1;553;49;71.6790831002829
0;0;4;147.55;651;35;58.06566080747
0;1;0;165.82;532;0;68.2994440102425
1;0;2;170.86;1246;55;79.0418345741178
1;0;3;176.41;133;54;81.9740322670833
1;0;1;173.3;357;54;82.6830829042968
1;0;0;161.74;-427;0;68.4786648976961
0;0;3;164.91;-168;43;68.7219659434384
1;0;4;176.84;483;69;78.2649622663133
0;0;1;151.28;588;35;57.4293138370198
0;0;3;158.46;1477;45;66.0403064866398
0;0;1;158.61;952;49;58.9331413930293
1;0;5;168.96;448;68;79.5825854102177
1;0;5;179.42;665;59;86.7885868318349
1;0;4;177.71;1029;45;83.2160482440064
1;0;2;174.33;-546;51;77.1926540060464
0;0;4;164.3;35;43;66.6081614817606
0;1;0;144.78;-854;0;55.2271855843115
0;0;1;164.85;161;55;67.5273520569066
1;0;2;177.04;1043;47;79.5461066493768
1;0;4;188.69;133;46;92.7144633991915
0;1;4;155.25;875;64;62.4664860349149
0;0;1;166.11;686;45;79.06474139227
0;0;3;160.36;455;38;66.5975430908621
1;0;2;169.25;-602;55;71.2805666292347
1;0;3;165.11;-840;45;79.4275150346635
0;0;1;157.13;161;50;59.1118955991795
1;0;4;174.53;-273;46;79.4159678155458
0;1;4;164.63;203;56;54.4606509019139
1;0;2;183.62;651;55;89.2139421792998
1;0;2;169.78;-35;66;80.7135728915974
0;1;4;165.99;-1162;64;58.5945279779226
0;1;4;159.49;-1603;55;53.9692985353521
0;0;2;163.79;1029;50;69.3057733208741
0;0;4;166.34;35;49;76.8925704942012
0;1;3;146.92;-1120;54;56.0468878277512
0;0;1;157.2;336;38;61.2349774028121
0;1;1;148.63;-567;68;55.7614313880968
0;0;0;159.82;700;0;62.9802721048404
0;0;3;165.91;77;41;73.0731352038387
1;0;5;174.24;343;46;73.3410865520963
1;0;2;180.59;-35;36;83.6024107294946
0;1;3;153.5;-1743;69;58.0140467096259
0;0;1;153.18;497;46;58.1134629738816
0;0;3;157.83;1309;45;66.0175207025156
0;1;2;165.67;-371;70;62.6792689493467
0;1;3;159.51;-301;61;66.6439999914388
0;0;3;164.67;399;54;69.4652552907873
0;0;3;153.56;385;45;63.8288032253629
1;0;2;179.37;896;52;79.6711976066043
0;1;1;170.91;-546;70;69.0465682834573
1;0;3;168.06;-301;45;66.6948930627443
0;0;3;156.28;595;38;72.4555393781109
1;0;2;167.14;721;56;64.5682609118039
1;0;1;177.91;546;57;78.6345995556383
0;0;1;154.92;560;51;62.5858345637232
0;1;3;151.64;-1225;56;55.9754070253636
1;0;5;170.71;574;56;74.386263711765
0;0;2;163.95;168;40;78.7309926421179
0;0;4;175.81;553;45;78.1733384137099
0;0;4;158.06;-140;51;55.0209655094821
1;0;5;183.29;252;62;89.7118524572962
1;0;4;177.54;112;57;85.926016733634
1;0;0;174.19;525;0;79.0788877757844
0;0;4;166.13;42;44;62.6473642749677
0;1;0;158.22;7;0;66.0236643563063
1;0;3;174.24;784;52;74.6447496136832
0;0;4;158.61;-504;39;60.9638681322389
1;0;2;170.06;-973;46;71.9710225388822
0;1;4;165.6;-1253;52;63.2490839688591
0;1;3;166.25;-959;49;60.7923126488654
0;0;3;161.58;266;51;71.3203814405578
1;1;1;189.79;-1449;63;91.6125473942252
0;0;1;164.44;35;42;59.0936761778508
1;0;2;163.69;574;54;65.4415794601152
0;1;2;169.23;-847;70;65.5383506907424
1;0;3;172.99;-161;48;74.7847181923553
0;0;0;154.72;-462;0;54.32692196741
1;0;2;176.22;1120;47;87.3470328814581
0;1;1;159.32;-378;57;59.3491623702637
1;0;3;180;609;53;85.6404249637115
0;1;0;165.71;707;0;67.9463911834276
1;1;0;174.52;-1029;0;76.300062508689
0;0;4;150.65;-1442;55;52.5026132567435
1;0;1;176.3;-21;55;73.3741708005249
1;0;3;161.11;574;53;70.6929378341153
0;1;0;170.38;-147;0;79.1290645871997
1;0;0;164.08;273;0;65.6146081626395
0;0;2;163.87;-420;46;53.9900595572325
1;0;5;170.85;287;58;73.8957186231299
0;1;0;155.16;1015;0;71.1393665883866
1;0;1;175.08;-763;59;81.1260221800694
1;0;2;172.85;700;68;81.7279203912668
1;0;5;179.61;791;46;76.646968496155
1;0;6;170.47;245;51;72.0107278762191
0;0;4;158.45;49;40;59.2430021496844
1;0;5;182.75;574;49;88.9131961428536
0;1;4;170.66;-1365;55;70.932654650116
0;0;0;149.16;-14;0;58.8335474956249
0;0;4;162.79;-21;51;61.871068153305
0;0;3;160.11;791;37;70.5530503184009
0;0;1;160.92;595;46;62.6381959359984
0;1;2;165.55;-161;65;58.9562548979324
0;1;4;158.96;-784;62;56.3431070979663
1;0;5;182.69;616;64;84.2228420692924
0;1;1;151.24;-1561;59;42.1313789709867
1;0;3;176.94;595;54;67.7059794945203
0;1;3;160.06;-427;49;64.2701214336367
1;0;4;163.8;343;47;65.294724013636
0;1;4;152.02;-1463;69;52.8974023205593
1;0;1;177.63;133;56;82.0750193131865
0;1;4;168.17;-973;63;71.8898244745656
0;0;2;144.8;651;41;51.7285156007069
0;1;2;164.15;-441;55;62.2678748024834
1;0;2;169.21;399;61;77.9830191632495
1;0;4;168.48;1078;47;73.6441205162447
0;1;3;160.08;-707;63;53.9352480353791
1;0;3;181.3;490;42;83.7659920104501
1;0;0;173.45;756;0;81.455888326249
1;1;4;189.99;-798;75;88.4588804590347
1;0;3;169.92;84;57;78.0805271157445
1;1;0;172.76;-1197;0;70.5340916749311
1;0;6;173.71;378;43;74.4298657046842
1;0;5;180.54;280;56;83.818095663927
1;0;5;175.94;987;53;78.8488124220211
1;0;6;172.88;1085;63;75.61406384167
1;0;6;161.78;910;48;63.1632373056527
0;0;0;148.22;-434;0;55.0487988251789
0;0;3;156.98;224;40;65.7939028866964
0;0;3;154.45;616;50;61.3524378441179
0;0;3;154.56;504;43;65.7440924734006
1;0;6;176.45;119;60;78.1290411021085
0;0;4;159.74;392;44;55.1450788380915
0;0;4;158.32;105;41;54.7290725904266
1;0;4;186.19;35;53;86.2930874901307
1;0;1;180.83;1064;54;85.5158701292014
0;0;4;164.11;539;41;71.5863366170311
0;0;0;147.27;119;0;47.251025596291
0;0;3;168.51;490;43;69.6940131266796
0;0;2;152.83;539;43;59.3095231025735
1;0;4;181.17;1463;55;76.7590026836959
0;0;2;156.76;231;47;55.9791948414399
1;0;0;181.41;189;0;89.3364325124764
0;0;3;163.11;238;44;61.0295212792386
1;0;2;174.03;609;56;84.1019572295916
0;1;4;153.68;-2373;62;57.988556420028
1;0;3;171.74;721;59;76.8718510922295
1;0;4;180.55;84;61;78.9861022542964
1;0;0;167.67;1183;0;69.2406320640758
0;1;1;165.08;-770;59;53.5078692716304
1;0;6;176.3;791;60;71.0973921706688
0;0;4;161.6;868;45;65.1369224776486
0;1;1;170.53;-1099;66;66.8671064351451
1;0;2;184.93;-735;52;80.9229646315078
1;0;3;172.5;294;53;82.4520348966849
1;0;6;179.63;-462;46;90.7669587722823
1;0;0;192.43;-343;0;89.93723001632
0;1;1;168.56;826;67;69.4370866459028
0;1;0;153.16;385;0;65.8358991237106
1;0;1;190.21;-448;63;88.7476262085308
1;0;4;186.05;-448;58;84.316038585683
0;0;1;163.69;1533;46;73.6641853679427
1;0;5;171.59;-588;60;68.0853388266633
0;0;0;156.59;399;0;60.0268446195161
0;1;2;160.02;-1232;63;53.5069445223205
1;0;5;183.92;-77;54;86.3974881302635
0;1;0;156.38;-14;0;50.7179800133096
1;0;4;174.14;833;48;83.5663574094051
1;0;4;178.17;959;60;90.8034755453223
0;1;0;163.75;2072;0;65.5133797499986
0;0;0;165.54;-126;0;54.0964872345422
0;1;0;167.72;-651;0;69.6156088156135
0;1;0;162.12;-539;0;62.8990427006388
1;0;5;161.29;364;63;67.7280613520264
0;0;1;150.6;-112;45;48.376246413421
1;0;4;189.09;231;55;94.9459935690431
0;1;4;159.85;693;58;64.2334687533599
0;1;4;169.7;-2282;55;67.8068169445401
0;0;1;150.49;1694;45;60.3128661459737
0;1;2;163.71;-266;52;66.8411476661372
0;1;4;167.4;14;65;81.4828190372209
0;0;4;166.9;1008;40;72.4811482264486
1;0;4;173.23;805;49;87.8465600023791
1;0;6;178.98;161;53;80.2916006217096
0;1;2;165;-770;49;75.1819533519436
1;0;5;175.94;427;50;83.1832726652999
0;0;0;155.78;-329;0;60.8078995503462
1;1;0;171.92;-798;0;75.0782933398358
1;0;0;173.21;182;0;73.1405865357299
0;0;0;153.67;-56;0;59.415818421519
1;0;6;177.29;-805;60;80.3003225677632
1;0;3;171.53;357;50;76.1076762824593
1;0;1;170.76;1624;53;88.2514785209336
0;0;4;167.83;28;48;66.891979172341
0;0;1;153.11;609;47;55.1060172118398
0;0;3;163.73;833;48;68.3752356386598
1;0;6;183.35;-700;68;83.4957551884037
1;0;5;171.75;-301;57;64.7646347967896
1;0;0;177.11;287;0;81.30913296905
1;0;1;175.6;49;53;80.7095182095289
1;0;6;179.22;1029;47;76.220392896516
0;0;1;144.01;154;42;43.3109535056684
0;0;0;163.61;574;0;69.3465715413807
0;0;4;158.69;322;42;60.6278225461239
1;0;4;174.27;588;62;73.2659385278767
0;0;4;159;441;38;60.3620417533642
1;0;1;168.82;875;54;78.5906666988687
1;0;4;178.51;-105;49;84.7894097802187
1;0;0;172.59;903;0;79.8621650669831
0;0;1;148.66;1512;43;50.0802044907712
0;0;1;156.88;441;57;57.479564470027
1;0;5;181.57;-35;57;81.2107128141962
0;1;2;152.22;35;54;50.8392679581603
0;1;1;164.55;-1442;54;63.8224551790282
1;0;4;182.7;7;62;83.7103885711458
1;0;6;177.84;91;55;81.8702312658761
0;1;1;158.15;-42;60;59.7800013885482
0;1;0;145.18;-483;0;48.2360992203277
0;0;1;166.5;-371;45;74.0807545550029
1;0;6;175.69;385;45;88.1291836574126
1;0;6;177.89;504;47;79.7430174344528
0;0;0;156.82;497;0;60.6315139629593
0;0;0;160.08;273;0;63.3266720611877
0;1;2;161.21;-994;59;64.0227205664197
0;0;1;168.06;-35;44;68.6904463224393
0;0;2;171.93;651;41;74.2852791328117
0;0;0;171.52;252;0;76.3356627327951
1;0;0;179.48;518;0;85.8692060087699
1;0;2;175.05;210;53;79.3107099446727
1;0;5;174.33;-28;45;82.9528824043567
1;1;6;174.55;-2975;70;75.1991799462374
1;0;1;162.93;497;46;72.0008837136219
1;1;3;175.85;-336;65;82.7663327124274
0;0;2;161.58;-378;47;61.2329669439922
1;0;2;175.7;-371;55;83.9962958614081
1;0;1;170.51;-609;62;80.9662814139357
1;0;0;175.22;280;0;69.533292930553
1;0;1;176.8;126;57;75.1870518941351
1;0;6;177.71;434;57;82.4457709216058
0;1;4;172.55;-791;59;70.8703677220056
1;0;0;180.34;777;0;76.899366335611
0;1;4;158.28;-1694;48;58.5274090415461
1;0;2;173.3;469;46;77.3441279069429
0;1;2;142.39;-1932;67;57.9446221164457
0;1;3;166.02;511;61;77.5782538453643
1;0;2;162.22;497;57;64.7979640530797
0;0;4;162.66;322;53;68.6422312368259
1;0;4;188.06;-63;58;85.0896907660842
0;1;1;154.4;-196;60;67.7183545025055
0;0;2;161.67;1078;39;71.4399411894225
1;0;4;174.55;854;57;76.139224002492
0;1;4;152.41;-448;60;44.8037186496055
0;1;1;170.35;-735;69;66.0826584048617
1;0;1;177.59;98;51;81.8065734579886
0;0;1;147.61;728;45;56.1693786195815
1;1;2;178.05;-1400;63;78.8098208247685
0;1;4;168.48;238;51;64.7710510231152
0;1;1;174.38;-2002;55;69.6197938649497
1;0;5;169.89;-441;61;67.349590662492
0;0;1;151.4;-154;44;50.2690279305842
0;1;3;171.28;-406;63;64.2369157803973
0;0;2;159.9;742;41;64.4845847168476
0;0;2;163.05;-84;46;61.7941847385611
0;1;2;163.42;-525;55;70.6954477870563
1;0;2;175.68;28;52;81.4150614328
0;0;2;162.64;-427;49;63.7895723811227
0;0;1;158.32;700;49;60.4302398294094
1;0;5;186.64;518;41;93.3938269813948
1;0;4;184.49;350;57;79.4718863558348
1;0;1;180.28;273;54;88.169193734702
0;0;0;170.89;1043;0;75.3005242144997
0;0;1;161.51;154;42;60.162013086929
1;0;6;174.54;-1022;56;76.5912543060466
1;0;2;182.56;21;62;86.463372013524
1;0;3;173.7;525;52;71.6629413532982
0;0;3;165.46;-175;49;65.205870773682
1;1;2;172.74;-1596;63;69.0307651754949
0;0;3;164.26;798;45;70.391066860079
1;0;2;165.63;-707;53;64.9475635425849
1;0;4;177.52;-756;44;73.193648584864
1;0;0;174.75;-161;0;77.3943232516198
0;0;2;165.14;266;44;67.2388517723321
0;1;4;164.31;-1925;57;64.0634290147094
1;0;4;179.09;-14;56;80.2773929644258
1;0;2;165;-1176;51;65.3805249898577
1;0;6;176.23;343;59;72.1239290525768
1;0;1;171.05;-147;41;73.6263857254011
0;0;3;155.78;427;47;49.2557105100868
1;0;4;169.41;623;52;81.814721289216
1;0;0;179.54;889;0;74.7767063326037
0;0;1;177.12;-224;47;76.3252304240126
1;0;1;167.43;224;55;75.3567051606032
1;0;5;157.83;266;61;67.6199351360557
1;0;3;183.87;84;53;89.1519904485798
0;0;1;154.09;1022;42;54.3658681674792
0;0;4;164.56;497;42;61.873821994758
1;0;2;186.02;1568;58;83.6132396789558
0;1;3;152.16;-483;47;61.604449773931
1;0;1;170.01;651;50;76.7145039871174
1;0;0;175.9;434;0;76.7343354138426
1;0;5;185.49;525;59;90.1579016357554
0;0;4;164.69;203;46;66.7809722640068
0;0;1;164.29;693;42;68.9597201348548
1;0;1;178.51;-413;59;75.621677951849
1;0;6;175.18;336;64;74.4228897679073
1;0;1;184.56;378;64;77.6131523747079
0;0;3;160.98;511;46;66.7856337486306
1;0;6;163.27;161;61;69.3067864332823
1;0;2;178.88;847;58;86.1469618757519
0;0;2;173.31;112;50;71.944430740633
1;0;6;172.74;833;45;75.4052634741472
0;0;0;150.43;504;0;56.1878868326053
0;0;4;166.73;259;48;64.7501984118747
1;0;2;182.75;532;54;92.5234761903162
1;0;5;190.2;413;57;93.2104962394334
1;0;6;177.37;665;65;74.4617651968534
1;0;0;170.64;70;0;81.7186410633209
0;1;3;176.2;-2863;53;67.9837993528087
0;1;3;167.57;-567;69;68.9038709788105
0;0;3;162.42;623;41;69.1465516496422
1;0;0;170.39;686;0;73.9545673330102
1;0;2;166.31;532;57;70.8678674057149
1;0;1;165.71;-21;58;69.9227056420365
1;0;6;171.73;679;49;73.3969931098716
0;1;1;161.91;-1281;55;63.4665138591596
1;0;3;164.02;1323;49;66.5570973404852
0;1;2;163.7;-581;56;73.145512754485
0;0;4;164.54;357;47;61.1809447250995
0;1;0;157.19;-651;0;58.3107379842673
0;0;4;167.32;-42;47;68.8197323205791
1;0;3;165.42;70;49;61.4161687171032
1;0;1;176.41;994;62;81.7170425070965
0;1;1;160.93;357;64;63.8056865346534
1;0;5;176.67;126;44;82.189776075382
1;0;5;175.21;672;59;82.0008932128062
0;0;0;171.31;175;0;69.1227651740668
1;0;6;173.66;1001;50;78.9134936632863
0;0;4;175.15;-525;56;69.0602567540978
0;0;0;170.98;532;0;72.3674652226486
1;0;3;166.72;350;55;66.2669274856304
0;0;0;169.95;-196;0;70.9338529030079
1;0;0;177.34;140;0;70.0407713676411
0;0;4;175.43;546;45;75.6622924417611
1;0;5;181.33;294;56;82.6159246482696
0;0;1;172.89;427;47;80.1790350802927
0;1;2;137.92;-1148;56;49.3082790701766
1;0;5;172.59;161;48;69.4600737660877
1;0;2;173.4;861;62;82.0635139515008
0;1;2;173.89;714;68;79.8316483365034
1;0;1;166.91;889;54;84.1097149552506
0;0;1;158.88;959;43;65.6035770899955
1;0;0;181.2;833;0;79.1495436411498
0;0;0;164.89;1050;0;68.7489233481872
0;1;0;158.88;-189;0;67.5309660921446
1;0;3;174.42;882;49;84.5694817597684
1;0;1;177.31;224;64;83.8795805751842
1;0;2;178.92;-182;58;86.0423647505133
1;0;2;174.66;931;55;85.1232719762931
0;0;3;168.07;532;43;68.0254907454459
1;0;1;178.63;413;51;80.0792205331857
1;0;3;176.32;1078;56;80.2874634736779
0;0;2;158.53;973;55;55.7381990106042
1;0;3;175.17;357;60;77.4806278829666
1;0;3;170.79;182;56;73.7068906131864
1;0;3;183.18;-896;60;77.6679773212439
1;0;6;189.54;1001;50;93.5574557116601
1;0;1;175.72;-154;58;79.9482095900282
0;1;2;154.65;-1001;70;58.6689947297016
0;1;3;179.64;294;56;79.8225652636349
1;0;6;162.96;-161;60;67.6255524085528
0;1;3;166.74;-567;56;59.0296814551532
0;1;1;162.97;-63;61;68.6275547978043
0;1;0;166.76;-133;0;69.74964145624
1;0;2;176.96;-77;53;75.8403305200263
0;0;4;172.25;371;40;75.0513505909325
0;0;3;165.57;224;53;66.4333685427176
0;0;2;168.97;357;46;70.3500302358466
1;0;6;176.8;574;63;83.9798144125437
1;0;5;175.96;770;64;69.8555898158071
0;0;1;165.24;294;56;66.902552230588
1;0;0;179.01;-7;0;89.0529908513229
1;0;1;183.48;364;62;85.996067010852
0;0;1;158.73;637;38;68.2451061115434
0;0;4;167.72;371;47;66.3671564129147
1;0;5;175.7;294;49;90.0938092544741
1;0;5;160.9;371;63;65.4873353123061
1;0;3;168.21;238;71;79.4401288221688
1;0;4;176.18;462;42;77.4097091762814
0;0;4;161.3;581;45;62.348891974532
1;0;3;181.04;1036;44;81.8410081496751
0;0;0;151.36;511;0;51.9915485808341
1;0;0;184.46;287;0;87.0000164103185
1;0;1;172.18;112;63;76.1671004456507
1;0;6;167.61;693;51;76.0774516071722
1;1;0;180.79;-455;0;81.1451101019942
1;0;4;172.84;490;67;79.2048729259783
0;0;0;164.18;-210;0;68.0353012630822
0;0;3;162.02;798;48;75.9298839385676
1;1;5;181.18;189;54;82.8586512448025
0;0;3;167.1;742;49;71.1961076263959
0;0;3;157.69;-182;46;52.7756334961067
1;0;2;171.34;385;49;73.0768606891074
0;1;4;159.1;280;49;74.0086479189207
1;0;0;172.84;630;0;75.3505194815014
0;0;2;163.2;490;48;70.1339590168587
0;1;3;166.52;-448;56;79.7457575451213
1;0;0;182.13;-343;0;78.4077048568629
1;0;5;169.56;273;58;82.9165300613221
1;0;2;169.07;245;50;70.5445591798797
0;0;2;154.66;-77;40;55.0519555790609
0;0;3;163.25;-245;45;66.9539779793768
0;0;3;154.44;-14;50;59.1525896300351
0;0;4;161.46;882;45;62.7048836309986
1;0;0;179.94;56;0;77.8923674492245
0;0;1;161.97;847;45;64.3269521928361
1;0;1;177.33;-84;53;80.4616081873025
1;0;0;176.25;364;0;86.8945175054411
1;0;6;169.72;-266;50;74.5856331941279
1;0;4;184.07;-133;46;87.7794481820513
1;0;4;177.82;-42;63;78.9448981946539
0;0;2;165.52;343;52;69.8024669468347
1;0;0;162.32;238;0;67.9123648912951
0;0;0;169.78;-1085;0;60.2072453136996
0;0;2;154.41;1127;46;62.8604752908299
1;0;0;176;210;0;80.0604228411635
0;0;4;166.26;987;42;73.55873666474
0;0;0;159.39;539;0;59.1950898751253
1;0;6;177;91;65;70.0811310423172
1;0;2;169.4;378;52;82.6827663377835
1;1;4;169.68;-301;80;76.8196664905854
1;0;1;178.76;1659;63;81.1675372748248
0;0;0;152.38;203;0;56.3648786148381
0;1;3;154.83;-861;54;60.8904408038252
1;0;4;174.93;245;61;78.4587963486063
0;1;3;163.48;-966;60;74.1757860988499
1;0;4;180.27;917;50;90.3499186634774
0;0;2;153.6;14;45;60.2659972969416
0;1;0;159.63;-735;0;65.188850283718
1;0;3;177.45;1036;53;83.6863335642964
1;0;1;168.93;-749;45;80.5444276272985
0;0;1;156.88;462;47;60.6040949996515
1;0;3;161.57;1638;50;73.9845315386478
1;0;6;184.58;119;59;83.4146847351504
0;1;2;158.43;406;56;59.7496434762128
1;1;4;197.83;-126;76;86.8682360649968
1;0;5;169.99;462;62;67.6481342401744
0;1;0;156.44;-1323;0;61.5467930576514
0;0;0;167.09;217;0;67.8583846650245
1;1;2;172.58;-1953;71;78.248514269526
1;0;3;181.37;546;48;82.1183532983101
0;1;2;170.83;-1113;62;70.34567512439
1;0;4;175.26;343;55;77.7675897503249
0;0;2;161.14;532;46;67.3284368317638
1;0;5;174.21;-196;63;64.7570944559184
0;0;1;172.63;0;39;64.2764285086954
0;0;0;172.76;875;0;66.8231640003806
1;0;4;180.41;70;52;83.7751609067554
1;0;5;188.94;-21;46;85.4811812631916
1;0;1;173.86;-217;54;74.5274185006006
1;0;5;174.21;252;48;81.610773851787
0;0;0;158.65;-308;0;60.8908243708214
0;1;2;173.91;140;76;78.2500542273026
1;0;1;184.45;301;46;81.6427432743572
0;1;4;155.51;-441;61;63.0695833383867
0;0;2;157.33;203;44;59.2393862912246
1;0;0;166.13;945;0;81.8429742857153
1;0;6;186.19;49;50;82.1472731800691
1;0;0;185.33;343;0;93.7733654486539
0;1;2;161.03;-1204;71;66.455123595361
0;1;4;158.41;-147;70;57.9781270327275
0;0;0;150.95;735;0;52.9751885172263
1;0;0;166.54;-322;0;76.4795181864359
1;0;6;176.2;-224;51;84.4216705012503
1;0;4;162.01;1057;53;71.4113623248359
1;0;6;174.51;602;78;72.1004447904628
0;1;3;163.17;140;77;64.8782846775261
1;0;0;163.6;1057;0;66.8512858043682
1;0;3;167.19;-203;56;77.0968362539517
0;0;0;164.24;1267;0;71.6415301409163
0;0;4;153.34;-896;44;51.2563360030728
0;1;2;157.43;-896;57;57.3049387930079
1;0;2;174.83;917;60;73.296158932105
1;0;3;160.77;-721;57;70.544998287529
1;1;3;180.26;-854;61;84.2394780431062
1;1;2;177.61;-455;56;81.53861084805
1;0;6;171.59;462;58;77.8892786719799
0;0;0;168.52;588;0;72.6431119958101
0;0;1;161.07;-588;44;64.8101986116416
1;0;6;163.58;238;69;67.1377332471563
1;0;0;179.22;-651;0;82.6186882583118
1;0;1;176.37;-287;56;76.9587461907133
0;0;1;169.43;1029;47;71.8932258703785
0;0;4;160.13;413;49;69.2669054567561
0;1;4;169.52;-252;57;64.3985034654649
0;1;2;159.7;-483;57;62.3371705079678
0;0;2;155.24;168;43;55.3404604233268
0;1;0;167.77;-210;0;74.7140620944479
0;1;4;149.07;707;50;54.1198628349961
0;0;1;160.75;658;51;65.5915548173152
0;0;1;164.77;273;46;68.0692794718661
1;0;5;170.21;595;59;67.9970877153927
0;1;4;154.81;-2506;50;52.5739297966861
0;1;2;156.66;-875;59;55.8706438485203
0;0;0;153.41;665;0;55.8165852617298
1;0;6;186.07;308;51;90.4070971934075
1;0;5;185.36;700;50;89.2482884514077
0;0;2;153.06;-231;45;59.0879919836882
0;1;4;154.59;476;59;54.2774538369071
1;0;5;167.71;462;61;74.8493367226843
1;0;5;171.68;-532;48;81.3727335541721
0;0;2;163.16;322;51;67.6451481017283
0;1;3;162.96;-1750;55;59.0433694248596
0;1;4;169.7;497;62;69.0706080512815
0;1;0;169.36;-1533;0;61.9542132456415
0;1;1;169.4;553;66;73.9726543726182
1;0;1;183.42;609;62;84.4869866667303
0;0;4;164.26;287;49;61.7981671874726
0;0;0;155.2;-21;0;63.9346303053814
1;0;1;193.84;518;61;80.8012380834216
0;1;3;175.68;-2569;59;66.5759750275185
0;1;0;154.84;-1281;0;59.9941577638127
1;1;0;185.55;-1071;0;81.605219861555
0;1;3;162.32;-42;73;62.6727667084404
1;0;3;178.85;35;56;86.8667585456863
1;0;5;169.54;784;42;72.8153835729929
0;1;1;168.05;-728;67;69.9849711221629
0;1;0;163.89;-2289;0;54.9844206891355
0;1;3;159.78;119;68;57.0614510495042
0;0;1;161.01;-175;46;59.2760932150048
1;0;1;170.12;119;58;68.9531327560124
0;0;4;162.29;217;38;72.0042403110894
1;0;0;166.09;1267;0;71.8936233610637
1;0;4;164.2;-847;56;72.2809880083607
0;0;4;153.81;1148;45;58.2442103197188
1;0;2;173.36;602;51;75.5516822922129
0;1;0;179.85;-2079;0;75.6808377997068
1;0;3;169.5;196;52;65.7207832208802
1;1;0;175.04;-245;0;71.4388399907528
1;0;0;165.28;217;0;76.0129726748669
0;0;3;164.75;735;52;63.272565127594
1;0;6;176.73;161;51;85.8083030824451
1;0;6;169.84;413;38;71.0558629832054
1;0;0;168.69;-49;0;68.5860789233535
0;0;2;167.44;-28;44;67.992738473117
0;1;0;169.42;-910;0;72.5449947319817
1;0;6;178.5;7;65;83.5534812599099
0;0;1;165.52;-441;40;79.4085644892851
0;1;1;173.77;-1099;63;73.3867187236855
0;0;4;166.3;224;45;69.3440950421947
0;0;2;164.05;560;40;72.0160197578946
0;0;4;158.09;665;59;69.2469162560758
0;1;1;163.85;-350;55;62.834886832309
0;0;1;165.22;91;45;72.1994412286394
0;0;3;171;749;44;76.7945271130174
0;0;4;154.77;-623;48;55.8910617916593
1;0;5;173.43;546;62;79.6607793327778
0;0;4;159.59;112;42;56.0991332815161
0;1;3;150.18;-1330;55;50.094565594928
0;1;0;155.85;-938;0;50.3844879063412
1;0;0;187.98;-91;0;84.1155152482489
1;1;2;172.59;-665;79;71.8036676783025
1;0;5;179.2;217;45;84.4442648053141
0;0;4;164.51;805;43;70.5369332770574
0;0;3;157.69;364;39;53.4976579721918
0;1;0;145.82;-1162;0;52.3245992013291
0;1;3;162.67;-665;52;57.5779001189517
1;1;3;164.47;-399;67;64.9381547324932
1;0;1;180.54;560;55;88.3588360659718
1;0;0;181.49;1190;0;90.3723796083538
0;0;0;163.08;364;0;67.469568471431
0;0;3;168.8;7;48;64.4907342296094
0;1;2;167.03;-2037;57;69.9106637428289
1;0;1;161.48;672;56;68.5695902329326
1;1;3;178.65;-1309;74;73.8773916704431
1;1;2;161.71;189;73;69.8298962789635
0;0;2;162.16;217;44;65.9319341729884
1;0;1;172.05;644;57;75.0377753209838
0;0;3;175.68;175;42;83.6170897463862
0;1;2;159.92;-168;60;68.2172800075904
0;1;0;167.98;336;0;72.3773103000464
0;0;3;156.75;-217;39;59.0937352381604
0;0;2;166.47;1183;46;75.3236928132827
1;0;4;180.8;-49;58;82.2055604291622
0;1;3;154.53;-616;63;55.7323243592675
1;0;4;167.59;175;52;62.2961528607949
0;1;1;167.23;-987;69;70.9536804642444
0;0;2;152.03;-224;45;49.5740437359254
0;0;2;171.66;539;57;77.6748172969254
0;0;2;178.97;1141;43;69.9090313878879
0;1;2;164.69;-805;68;65.0035615610517
0;1;0;161.02;-924;0;59.3380315737018
1;0;3;191.57;567;52;96.7893766517783
0;1;1;164.47;-644;63;69.6319075750079
1;0;3;192.24;1589;64;94.3051305994002
1;0;5;169.31;602;42;74.0578214071432
1;0;5;170.94;273;64;77.2515129616201
0;1;4;169.69;-1260;63;66.7572358325714
1;0;4;175.86;483;50;80.6323657634135
0;0;0;149.08;-77;0;54.5587538454268
0;0;2;164.3;924;48;74.4846873511609
0;0;3;161.04;35;42;59.0729021345517
0;1;1;178.05;-21;64;70.8442387248234
1;1;1;172.47;-882;52;76.880607674751
1;0;6;175.63;392;56;77.2108204199092
0;0;1;179.05;-350;35;80.6528896996266
0;0;0;158.98;-623;0;58.2890755630518
0;0;1;156.86;497;47;51.074703423645
0;0;3;148.72;63;45;41.9078975913183
1;0;3;182.32;770;59;80.1444894082063
0;0;2;159.61;672;43;63.9961604614058
1;0;0;178.42;1008;0;73.9714519662865
1;0;5;170.78;525;62;74.1054298650367
1;0;0;173.63;-336;0;80.5744258669936
0;0;0;161.64;1337;0;65.7287563142079
1;0;1;174.92;280;58;71.8807549521078
1;0;4;185.32;385;51;83.1920682008274
0;0;0;167.32;406;0;68.2847291804679
1;0;2;172.68;-28;57;81.3208878189916
0;1;1;161.96;126;55;58.1066435137573
1;1;4;173.84;-567;75;77.083311915754
1;0;5;165.96;-448;57;73.3086590777942
1;0;0;166.13;476;0;73.249965682046
1;0;1;174.64;931;45;74.8337982473958
0;1;3;165.39;-1939;60;61.2759873221707
0;0;1;169.83;-161;47;66.9174436304424
0;1;1;159.35;-266;63;65.0348174799408
0;0;2;159.9;924;37;64.6089782299454
1;1;3;166.8;-637;69;68.4798767790943
1;0;4;173.64;1491;53;72.0801312346983
1;1;3;174.69;-784;85;70.5002291335999
1;0;2;175.07;63;56;76.9268468505764
0;0;4;160.37;238;33;56.8877094270599
1;0;6;182.77;609;59;83.1849767970972
1;0;4;176.33;105;48;78.2403041423137
0;0;1;170.4;378;50;79.0301999341839
1;0;6;185.68;385;58;92.716835437134
0;1;3;166.85;-1085;55;60.5050203994547
0;1;1;159.74;-1330;64;70.7501121145714
1;0;4;175.82;1141;54;70.6202717140972
0;0;3;152.42;301;48;64.2996066284329
0;0;1;150.01;385;39;53.0452787599202
1;0;0;173.78;315;0;68.1670715640513
0;1;0;155.88;-903;0;66.2295984265847
0;0;4;168.27;847;47;63.6986080620478
1;0;1;170.74;448;58;74.759006919757
0;0;1;151.9;-70;42;56.4149316308866
0;0;3;161.76;315;43;55.1919378121824
1;1;2;183.32;112;67;85.4860002934867
0;1;4;160.03;-931;69;66.2751168549722
1;0;4;178.24;-182;59;91.9831901206202
1;0;6;186.43;945;53;93.3076887219431
0;0;2;161.41;693;52;66.1497829733345
0;1;2;160.17;91;56;58.9982589648133
1;0;4;179.72;91;60;84.2800091606932
0;1;2;162.8;-532;64;63.2985023791982
0;1;4;166.36;-308;52;69.0112453506491
0;1;3;166.86;-2037;57;54.9314809135609
1;0;3;176.23;280;47;79.2929926502138
0;1;2;156.97;-490;74;54.5606034716784
0;1;2;162.28;-903;58;58.845021630073
0;0;2;163.24;-126;45;70.0455814030726
0;1;1;158.42;-826;68;62.3295566818714
1;0;0;184.01;287;0;93.8647227624303
0;1;4;155.41;-1099;63;56.482727457552
1;0;4;178.11;56;58;77.9667037665622
1;0;0;174.16;854;0;83.3434020717585
1;0;6;168.59;77;61;79.2961726092749
0;0;3;165.91;623;52;73.3958848356094
0;0;2;159.44;511;40;76.1916904523162
0;1;1;153.28;-833;64;57.2967024126868
1;0;2;169.02;833;67;72.9357697240333
0;0;0;162.85;343;0;66.0977399862251
1;0;6;168.78;847;63;72.0765212047679
0;1;4;152.78;-287;57;54.0065164770271
1;0;5;186.04;406;59;84.9622317860421
0;1;1;163.04;-1337;62;59.572298196887
0;0;1;161.1;1155;45;59.6126470378718
0;0;2;141.04;434;37;42.7402433786901
1;0;1;178.92;-56;56;78.4532875395884
1;0;5;173.84;595;57;77.2908748889073
1;0;1;176.75;112;70;77.4931940022942
1;0;6;169.88;931;60;75.851641005297
0;0;2;156.23;910;49;58.1915143863136
1;0;0;185.57;-742;0;86.8644900036682
0;0;0;155.77;581;0;60.1878183976494
0;1;2;164.34;-1337;53;56.2248862805315
1;0;3;176.24;980;47;81.9812700572066
0;0;0;160.94;413;0;55.4494251198022
1;0;5;175.12;-420;57;68.646817770243
1;0;2;173.38;1330;67;80.0872062606794
1;0;5;163.16;336;44;60.8581610184499
1;0;5;182.04;-875;51;86.685870896359
0;0;3;161.84;168;42;56.4020528575655
1;0;1;183.2;511;45;83.3699219494374
1;0;0;177.28;476;0;75.7470047593219
0;1;1;161.84;-1673;48;67.4715276554222
0;0;3;167.05;84;48;65.1289293945133
1;0;6;180.58;1064;58;88.4983220401281
0;0;1;162.71;189;44;66.0503697448574
0;1;3;165.93;-861;61;63.552531866707
0;0;4;170.14;658;44;71.4919550062959
0;0;0;160.47;1645;0;69.3657118988199
0;0;0;163.99;833;0;61.2608017858941
1;0;6;189.42;196;43;81.716351485162
1;0;4;175.91;140;45;88.7596774616796
0;1;0;163.41;-1218;0;57.7327453069725
1;0;0;169.05;-343;0;79.969356397751
1;1;1;178.4;364;54;76.8639698057106
1;0;2;172.12;84;44;77.8066033904363
1;0;1;181.73;-728;57;79.9819603632235
1;0;1;177.74;1155;45;90.4820237173774
1;0;4;172.91;308;51;84.6695145455515
1;0;2;178.73;581;46;80.4121896966892
1;0;6;183.82;1211;56;88.3851049377938
0;0;4;165.82;917;47;73.0593399347038
0;0;3;167.78;903;44;72.2343362086668
0;1;3;162.52;-1372;60;61.13017952101
1;0;5;165.36;-1015;55;64.3185820245578
0;1;2;172.65;-1358;51;74.0646782141501
0;1;1;164.64;-154;58;60.9955486337087
1;0;3;168.36;84;46;70.610231761757
1;0;3;180.28;588;62;93.8560748672093
1;0;2;159.21;84;52;66.044810220636
0;0;0;159.33;308;0;64.2312217881971
1;0;6;184.11;1400;63;98.1897436520795
0;1;1;153.52;-574;60;54.0683255925419
0;0;3;161.31;-371;52;64.2759465875188
1;0;1;183.34;1428;57;79.9438838037731
1;1;4;167.59;-427;68;69.5817692280572
0;1;3;155.16;-301;51;57.8819222543488
0;1;0;164.59;-224;0;66.2413114806775
0;0;1;156.95;553;52;62.2734977754894
0;0;1;152.46;903;47;67.1599592842174
1;0;3;176.87;-476;58;74.2910501993177
0;1;0;158.07;-714;0;58.7160586904413
0;1;2;153.36;-1022;44;60.3942358015114
0;1;4;157.5;-518;58;59.0215195157239
1;0;5;190.49;462;53;85.9778600931151
0;0;1;166.85;378;49;67.4362190158719
0;0;2;164.07;-112;49;58.430710460842
0;1;4;157.62;-1260;58;52.7896925202965
1;0;3;180.72;126;50;78.5927847855816
1;0;2;164.45;910;52;69.875001350718
0;0;2;165.77;329;42;68.913991704259
0;1;1;163.71;-1022;66;63.221746984267
1;0;4;172.13;833;63;71.2020913540594
1;1;1;178.4;-1869;63;68.5089090614564
0;1;4;168.12;-889;52;68.990464422418
0;0;1;156.02;427;48;64.4631866129737
0;1;4;162.22;161;60;51.6228740441389
0;1;2;162.59;-966;58;58.7457839620176
0;1;4;165.72;-1820;64;55.5654487386733
1;0;1;184.61;70;58;88.1108621908406
1;0;5;176.07;91;40;72.4431357325867
1;0;5;178;147;61;74.072386615724
0;1;4;164.1;-973;57;61.9125485393197
0;0;2;169.4;1281;54;69.8989966143612
1;0;2;183.31;679;60;76.4986668857945
0;1;0;157.43;-910;0;58.0226181851409
1;0;3;177.01;707;65;78.09664993334
0;0;2;168.61;-371;43;74.4223065276082
1;0;0;174.28;665;0;84.1363032117058
0;1;1;157.65;-399;56;49.3790433213922
0;0;2;161.39;217;54;60.8311475708147
0;0;2;178.11;189;47;75.2010252103808
1;0;1;173.45;483;55;85.7704658405742
0;1;3;158.78;-1463;50;52.7554570161159
1;0;1;168.89;154;42;77.891195701929
0;0;0;166.82;490;0;68.3433193832546
0;1;2;173.75;-1449;62;76.4481443795066
1;0;5;172.64;7;57;67.7575533791954
1;0;4;157.63;-91;51;72.6033505103345
0;1;0;167.95;-1484;0;68.6281345664017
0;1;4;149.97;882;53;56.2713037925425
1;0;1;179.11;427;54;75.204722330453
0;0;4;162.29;581;46;57.5922238820698
0;0;0;159.1;-658;0;59.2161903782304
0;1;0;156.65;-1890;0;48.1690325198859
1;0;1;178.41;-14;61;68.5298275221488
1;0;2;171.04;-238;53;69.2762603301192
0;1;1;157.18;336;60;59.886034603632
1;0;5;190.47;-119;70;90.1999605649006
0;0;3;163.47;182;38;66.9072357751334
0;1;4;165.19;-581;64;60.813681378923
1;0;6;178.57;245;64;67.8510435025644
0;0;3;152.12;105;48;51.254650405619
1;0;5;180.04;315;44;81.1097156002757
1;0;6;171.78;-238;56;72.9403320085602
0;0;4;148.84;665;59;48.5214066577808
1;0;5;181.01;210;58;78.8565645377688
1;1;4;178.37;-1288;69;69.9208862066285
0;1;1;167.67;847;56;68.3648940863875
1;1;6;187.68;-350;62;78.3416632362853
0;1;0;155.38;1064;0;66.5103898592183
1;0;1;165.45;-91;58;67.1675181413913
0;0;3;160.86;280;44;62.5486398489214
0;0;4;156.11;315;39;59.8570100432379
1;0;0;175.21;91;0;85.6533305672656
0;1;2;167.11;-651;63;60.0773989000196
0;0;1;160.2;-357;44;62.5975876222361
1;0;2;174.74;-175;55;82.5371389828937
0;0;2;155.68;1071;39;68.2878310587915
1;0;3;173.82;-427;52;82.9585666938412
1;0;5;174.77;-595;60;75.3864736706337
0;0;4;156.12;-84;48;63.6495799236699
0;0;4;170.69;952;48;77.3200879768387
0;0;3;154.27;924;42;53.8706129030425
0;1;2;160.01;-903;53;65.4689745085834
0;0;4;166.7;462;41;73.1098202517239
0;0;0;157.53;133;0;58.9292863181679
0;0;2;169.5;819;46;71.1024657258347
0;1;2;160.93;-1092;65;58.0778751431207
1;0;2;173.37;217;53;74.9538959375234
1;0;5;184.48;245;61;89.8428199939397
1;1;2;173.05;-1106;73;65.5002845556505
1;0;6;170.45;-147;54;73.6568190787727
1;0;2;167.22;973;47;60.9116855892737
0;1;4;166.2;182;56;70.691725383865
1;1;5;184.3;-1316;61;74.2491078310729
0;0;4;169.01;777;44;71.3551140397429
1;0;6;174.97;595;50;81.0121660393884
1;0;0;169;427;0;73.7503692466494
0;1;1;160.32;56;62;63.5473328949064
1;0;1;178.82;609;51;78.1298903528824
1;0;1;173.26;476;68;74.7950953971927
0;1;1;160.11;-245;63;61.2303179991976
0;0;3;163.97;448;50;68.6036470425023
1;0;0;182.11;945;0;96.8476426165223
0;0;0;153.62;1148;0;73.0056313952254
0;1;4;158.02;-658;46;60.2690322971037
0;0;3;158.09;721;40;57.2399495656853
1;0;2;173.33;196;62;88.5635027104825
0;0;1;173.11;1806;46;78.8647458432721
1;0;4;170.48;371;55;68.5403292750919
1;0;6;173.98;840;59;74.3091879430166
0;0;1;149.82;406;45;50.4368952094789
0;0;4;164.47;-728;43;64.4525981530866
1;0;0;171.91;525;0;75.6257886546846
0;0;0;173.52;210;0;84.8018652703676
1;0;2;174.17;-273;55;82.9609858142807
1;0;0;178.43;427;0;85.8320643210125
1;0;4;175.62;483;60;81.2847810521313
1;0;1;178.34;-56;57;80.7796571253395
0;1;0;173.57;-693;0;83.6854173682408
1;0;3;181.32;70;62;86.2199439565522
1;1;4;176.17;455;78;75.5623730601593
1;0;1;168.7;420;56;76.3949525383716
1;0;6;179.73;749;49;78.5397382052426
0;0;0;157.96;140;0;65.2314787414264
1;1;3;180.08;-658;57;80.7399410915352
0;0;3;163.27;819;38;67.4431837365402
1;0;2;175.01;-357;48;78.1043304894203
0;1;0;151.3;56;0;61.465501394901
1;0;6;181.44;917;60;77.5769324704472
0;1;1;154.36;651;71;50.5425206695168
1;0;4;162.16;196;52;80.1102627018707
1;0;4;187.74;273;60;90.3281107080629
1;0;6;172.95;420;46;85.3363375069033
0;1;4;160.91;-1092;48;60.0006247000079
0;0;0;171.35;574;0;68.848419620813
1;0;1;164.27;385;77;67.1055998628704
0;1;4;146.88;-581;56;56.5478444779043
0;0;3;160.05;182;53;62.1752278473652
0;0;2;144.73;553;48;44.1304689020306
0;0;1;150.52;448;52;60.6853882679043
0;0;4;155.69;168;44;57.7968191952483
1;1;2;175.04;-105;58;75.0784558367911
0;0;4;167.05;770;51;66.245925985376
0;1;4;172.53;-1407;63;67.0089398753564
1;0;2;179.6;1036;65;87.0188816145687
0;0;0;157.7;-308;0;64.2386304396322
0;1;3;156.67;42;68;54.7567386226738
1;0;1;179.32;847;58;87.0854345018373
0;0;2;164.42;-126;40;71.6626101431482
1;0;0;173.8;-343;0;78.5726472148129
1;0;6;181.68;651;56;83.9844815705794
0;1;1;172.51;-868;71;66.8747233635884
1;0;1;169.27;812;66;67.6669248279909
0;0;3;171.28;273;34;72.6412465513035
1;0;6;173.84;231;58;71.3039633829739
0;0;4;164.09;-392;45;63.4705572896888
1;0;2;173.41;938;59;81.2690731028232
1;0;4;180.77;-238;57;83.1980381272168
1;0;6;165.68;1379;58;69.7091756962633
0;0;3;152.02;-231;44;46.2305448735398
1;0;3;170.56;126;58;74.2964036692536
1;0;0;180.31;651;0;80.624361761167
1;0;3;173.58;560;43;82.3787779491138
0;1;4;165.41;-644;55;64.0142589781632
0;1;2;162.68;-371;52;57.1087499603859
0;0;1;158.42;77;47;60.7619837468822
0;1;4;161.15;-1575;60;67.0987883326098
0;1;1;156.96;-980;51;61.7635843213839
1;0;2;176.85;-126;51;75.9784296088764
1;1;4;167.31;-1239;68;70.1768275172116
0;1;1;155.2;-147;56;61.4379110381358
0;0;4;152.59;672;48;62.3986932879716
1;0;4;183.66;28;58;85.2800123426128
1;1;1;179.82;-1239;61;82.1962477322076
0;1;2;166.5;189;66;69.8848551723734
0;1;2;158.42;-1099;57;54.8820497949186
1;0;3;171.47;-203;57;69.9468033025326
0;0;1;147.44;-56;49;50.3415293661478
0;0;1;153.08;1379;52;65.3125506008249
1;0;4;171.02;749;59;79.5087680277994
0;1;2;164.98;-497;56;66.1807610377473
0;1;1;157.6;-1477;48;56.4231316133888
0;1;1;164;-203;68;71.6945238201794
0;0;2;151.56;91;40;61.8757275412469
1;0;6;163.88;-56;50;64.7022441946581
0;0;3;167.13;35;40;67.2658591779965
1;0;0;182.75;105;0;84.2869325703251
1;0;3;183.76;-406;60;85.2435454933853
0;0;2;161.59;245;51;63.2725477013084
1;0;1;181.83;-266;48;87.0745107985856
0;0;0;152.56;28;0;57.9286252300653
0;0;2;161.07;469;48;60.798369861956
0;0;2;171.1;322;44;76.0478670459684
1;0;4;180.54;462;57;79.6979221330576
0;0;3;166;511;46;71.8928724317373
0;0;3;159.88;329;45;54.6178619856548
1;0;3;178.33;756;57;80.9740649295475
0;0;4;166.66;126;46;69.1999592993481
0;0;0;158.36;672;0;69.054964731245
1;0;6;175.69;-798;53;76.5737486192324
1;0;1;177.97;714;70;93.9574870708047
0;1;0;169.59;-1295;0;67.1564516421272
0;1;4;153.54;-791;54;50.1590391122088
0;1;3;163.12;203;56;69.6782663822125
1;0;4;177.94;700;61;78.4197524297539
0;0;1;169.08;-245;41;60.7314520798561
1;0;1;173.85;399;67;81.096142543071
1;0;3;175.88;525;57;77.2650799783608
1;0;4;168.53;1638;56;77.6000376559124
0;1;3;162.5;-644;62;59.8590499756376
0;0;2;169.59;147;42;72.8610139624305
0;1;0;154.13;-168;0;59.8506075698594
0;0;0;156.85;-147;0;54.7325610049888
0;1;3;154.01;-966;61;64.7863872034557
0;0;4;154;406;45;62.5581918529829
0;0;2;156.49;959;48;60.2807785248387
1;0;1;179.43;315;54;86.4291857027966
1;0;0;182.57;966;0;83.60182958285
0;0;2;158.21;1120;52;63.4811036358118
1;0;4;178.92;126;59;73.952465012818
0;1;2;168.39;966;67;71.4820460557647
0;0;1;157.42;-623;44;63.1544059042387
0;0;0;149.91;679;0;52.6026750658843
1;0;2;182.3;560;51;78.9067067730485
0;1;1;145.23;-35;47;48.8471626469417
1;0;6;164.02;609;63;59.8073739775497
0;1;3;165.25;1029;63;66.58857176826
0;1;4;163.72;-301;64;65.2452619672399
0;0;3;170.23;-294;45;75.7231055665839
1;0;2;179.08;833;66;83.9879066305883
0;1;4;166.87;-595;60;76.2568612034839
0;1;0;166.14;-1463;0;70.8319943925001
1;0;0;177.06;-56;0;86.5410542902843
0;0;2;167.54;672;42;77.8957088796204
1;0;1;169.28;651;61;72.1066014024205
0;0;3;152.07;945;49;56.24186958171
1;0;1;165.89;882;56;73.3320221110698
0;1;1;149.46;-644;70;60.7958719280076
0;0;4;170.16;952;50;67.1345737663116
0;1;0;169.58;-1372;0;59.4090978765616
0;1;1;156.59;-364;72;67.871677158573
1;0;5;173.83;-399;63;79.4294248254017
0;0;4;153.24;322;39;56.9694237445944
0;0;1;169.91;-280;54;83.7251765665483
0;1;1;165.97;-2072;48;67.5169560622302
1;0;1;186.18;1022;50;87.8712506912119
0;0;2;158.49;77;40;68.7435080363263
0;1;2;169.41;-1386;56;69.8975534988558
1;0;0;177.61;-147;0;87.9376974530717
0;0;4;154.94;469;48;61.5988578697047
1;0;2;174.89;378;44;71.9021956164799
0;1;1;158.92;280;66;69.34974114425
1;0;4;184.65;378;64;87.0469387316972
0;0;3;148.21;763;46;57.0970480794121
0;0;2;164.56;973;45;67.8434090106965
1;0;4;162.41;140;66;72.1251375688171
1;1;6;161.77;-518;75;60.9126265139684
1;0;2;190.57;441;57;87.722190299491
1;0;2;159.53;-273;55;70.2536846648355
0;0;3;161.5;-196;37;57.806745384685
1;0;2;173.32;1134;56;75.2584347592819
0;0;4;174.51;721;41;75.5715624721071
1;1;4;177.06;-259;74;82.4927606740057
1;0;1;179.29;252;47;83.2224917303806
0;1;0;167.54;-161;0;67.8593267383382
1;0;3;178.66;1106;55;77.3574831262836
0;1;3;159.71;-28;62;63.8033533378242
1;0;4;179.35;-644;60;85.2256652614882
0;0;0;157.43;98;0;59.2422449357463
0;1;0;157.92;-2268;0;53.9710893794127
1;0;1;172.22;924;59;73.9475171562499
0;0;3;168.29;1589;40;83.1917376860301
0;1;1;160.28;-637;62;68.9989253968217
1;0;1;174.76;847;41;75.993843933031
1;1;6;174.48;-686;66;69.3017706437452
0;1;3;165.55;-805;57;68.6246771268555
0;1;3;161.04;-203;47;58.6871787850705
1;0;3;183.35;1022;58;85.842379222043
0;0;2;162.08;434;53;67.9283093132978
0;0;2;157.47;322;47;58.2724290067828
0;0;1;164.16;728;44;59.6806699412953
0;1;4;147.12;-847;57;48.9613569187701
0;1;3;157.93;-1414;57;53.7043731311818
0;0;3;158.06;210;51;62.3036462054557
0;1;3;165.07;-1813;59;60.922165145234
0;1;0;153.06;-217;0;59.6259627185679
0;0;2;157.3;112;39;58.5100969000435
1;0;3;170.84;1029;57;79.8513280675464
0;0;1;147.97;259;38;53.296444363585
0;0;2;173.73;721;47;66.9363641188294
1;0;5;168.92;476;51;72.532854442021
0;1;0;166.22;-1323;0;67.416458620462
0;1;2;155.48;-273;75;66.7365645143326
1;0;5;170.45;-182;43;70.8071855436822
0;1;4;167.38;-329;66;72.5832998954497
1;0;6;162.44;1134;68;63.4072668892488
1;0;5;163.85;70;39;66.6659075686143
1;0;5;174.95;728;43;83.6860201469439
0;0;1;160.44;1099;42;66.5735832461208
0;1;0;158.05;105;0;60.2406762038936
1;1;0;175.36;-1260;0;81.1142772985857
0;0;0;161.92;938;0;63.3389093782303
0;1;0;157.87;-2100;0;53.9330562967273
0;1;0;142.35;-1337;0;45.3643315911233
0;0;3;156.04;238;45;55.7870070198553
1;0;0;187.28;588;0;92.6051790066423
0;0;3;151.06;-42;47;51.6487221616053
1;0;4;168.37;805;52;75.8059743242445
1;1;4;179.17;-168;59;80.2023330655921
1;0;4;178.27;-224;55;81.6865748226424
1;0;1;172.22;-154;49;75.4313871050848
1;0;6;169.69;-567;48;63.1721203917236
0;0;1;162.94;658;39;63.1306834087393
1;0;1;184.32;609;51;80.745808380319
1;0;2;170.6;742;51;74.0180951246332
0;1;1;167.58;-812;51;64.988407047673
1;0;4;172.65;-175;48;70.9098938114508
1;0;4;168.49;252;49;65.2272809714235
1;0;3;167.7;140;49;70.6929184382671
1;0;5;169;-280;51;69.8729597686191
0;0;4;177.42;154;48;67.316237416945
1;0;0;185.4;595;0;82.7121363915765
1;0;1;178.32;413;69;77.4604853617783
1;0;2;169.74;49;55;75.0076746327768
1;0;0;169.81;-238;0;81.2596617520294
1;0;5;172.27;-504;56;80.9195881977059
1;0;4;175.47;1106;46;83.9555514805454
1;0;4;185.01;-371;66;79.32986005663
1;0;4;171.07;728;65;81.1223588035254
1;0;6;173.78;1043;54;80.7270275623576
1;0;0;179.93;-567;0;76.7940318187232
1;0;4;171.61;672;52;81.8399448308962
1;0;3;180.92;532;62;89.2391345296174
0;0;2;163.14;1008;43;72.5788669815713
0;1;3;166.63;-1232;60;63.5554692665418
0;0;2;155.59;-70;44;60.7731535070575
0;1;4;157.72;-1533;55;60.4520285372572
0;0;0;166.72;1204;0;80.9922713809284
1;0;2;179.57;931;51;80.3216990808393
0;0;4;148.73;868;44;56.9156953563553
0;1;2;161.46;-1547;70;64.852995785624
0;0;4;163.79;504;44;68.9544017537951
1;0;1;169.58;427;52;69.7004707705321
0;1;1;166.15;-1372;57;61.0091429922545
1;0;5;175.82;1253;42;85.9424441322792
1;0;5;160.8;1169;60;71.3790622560923
1;0;1;171.47;833;52;77.6907642735948
1;0;6;166.31;910;54;68.9249430665091
0;1;3;159.01;441;50;67.8600256029117
0;0;2;156.94;-574;46;50.1294306213549
0;0;3;155.27;637;51;54.5744148181461
1;0;1;176.36;-595;54;82.6562340347219
1;0;5;172.88;154;65;74.848769556488
0;0;3;164.68;-105;53;57.9578925190217
1;0;3;175.32;434;39;79.4376955789914
0;1;4;169.78;-1358;48;77.4048180619173
1;0;1;179.77;105;65;83.6681931757278
1;0;3;171.67;-168;52;66.9461458886311
0;1;1;170.4;-392;47;70.4078274635668
1;0;3;173.69;-21;58;75.770923669315
1;0;5;179.15;-315;48;83.6834803495829
1;1;3;172.49;-441;90;76.760788229872
0;1;4;154.17;-119;51;54.6780995248593
1;0;0;177.63;224;0;71.0857916553208
1;0;1;170.82;1043;56;77.2078207594933
1;0;3;167.66;483;52;74.7799110137268
1;0;5;172.77;1302;56;86.0328534468826
1;1;4;176.73;-896;65;86.490022188016
1;1;1;176.63;-364;63;83.4670326170805
0;0;4;154.68;399;38;64.2676786514005
0;1;0;152.72;-49;0;50.5441027221244
0;0;3;158.84;546;40;69.0845891084354
0;1;4;143.62;-497;60;52.9685947099828
0;0;1;179.37;756;44;81.9973642646705
0;0;2;166.78;35;54;64.2192961096672
1;0;3;179.16;798;58;79.81664367984
1;0;6;176.26;770;62;96.8763463527832
0;0;1;153.38;1099;45;60.8663638548101
1;0;4;177.51;-924;53;80.7637876342282
0;0;1;167.06;-469;40;62.1746484487645
0;0;3;166.95;280;46;64.5279817628086
1;1;5;181.07;-406;69;87.0854943326963
0;0;3;168.46;427;52;67.7388577764896
1;0;0;174.12;644;0;70.3888620206116
1;0;5;181.47;784;54;83.467032453363
1;0;1;170.43;140;51;76.7756377586232
1;0;5;173.13;-707;64;71.995270224162
1;1;4;169.77;-819;56;74.1990339310368
0;1;0;164.65;-714;0;60.7552789927251
1;0;5;171.36;462;48;75.0200839486323
0;0;0;170.86;266;0;77.3233969550085
1;0;5;166.58;112;54;67.6831328981028
0;1;3;139.95;-952;44;45.7668246563206
0;0;4;163.19;189;43;68.3356294307118
0;0;3;164.75;847;50;73.1662126935112
0;1;1;178.64;112;63;84.2869014548926
0;0;1;172.21;336;49;72.2359178894486
1;0;6;174.17;322;51;73.6871537595665
1;0;5;175.64;567;51;86.4830677924034
0;0;4;165.75;287;44;69.4147637932829
1;0;4;184.91;-469;51;83.865485869544
0;0;3;149.39;945;45;53.2875705205669
0;1;3;165.08;-994;67;67.3808113765404
1;0;2;178.93;308;59;81.734981366116
1;0;6;181.59;98;61;77.2199431895055
1;0;4;159.13;539;55;67.3174663029054
1;0;0;168.52;742;0;60.0112204855902
0;0;3;172.19;427;50;85.6661030933048
0;0;1;161.88;1253;44;74.9076133098917
0;0;2;162.43;833;41;63.109128851549
1;0;1;178.92;70;56;81.6507458065956
1;0;3;184.43;1491;47;90.1023419281438
1;0;4;170.7;742;65;72.4374627507626
0;0;3;159.51;994;49;61.3154678349161
0;1;1;149.95;-1274;63;55.9388211467928
1;0;3;173.34;1232;50;84.7512391250048
0;0;1;165.72;518;35;72.2053660939937
1;0;0;166.22;336;0;68.0119182857765
0;0;4;159.54;350;48;67.2109309711847
1;0;2;164.17;-126;48;77.2983568492007
0;0;2;164.38;-462;48;64.1453892817439
0;1;1;164.41;-1162;58;68.2201288124489
1;0;4;173.61;721;60;93.6967986278278
1;0;1;176.29;322;60;70.3654682405028
1;1;0;163.67;-630;0;66.8038907803688
0;0;0;155.83;238;0;60.9309804129134
1;1;3;165.39;-917;69;59.7126882749795
1;0;3;173.04;-217;68;73.7786582524149
0;1;0;171.95;882;0;72.497355044752
0;1;3;163.65;-1449;56;51.5833968063437
0;0;0;137.43;462;0;47.7988791613284
0;0;1;148.4;-455;38;44.3393562857661
0;0;4;154.12;-49;43;58.3591654385548
0;1;4;164.8;-1561;49;64.9433839216696
1;0;4;190.24;-546;52;80.9578393824554
1;0;2;172.62;1155;54;70.4499003693096
1;0;6;168.94;322;49;69.5328918845016
0;0;3;162.34;-301;45;58.0585022608994
1;0;4;174.91;1561;44;90.1994315043494
0;0;0;168.27;-14;0;62.4010587009612
1;0;1;171.52;686;70;80.2498343882508
0;1;3;162.68;-1624;57;61.169500409076
0;0;1;166.03;1064;39;66.7127904854976
0;1;4;160.76;-1162;57;60.2153597406118
0;0;4;163.84;518;48;69.0661646772146
0;1;3;160.14;1162;61;66.5488988375912
0;0;0;163.6;1043;0;63.09273265588
0;1;2;162.36;-1785;60;57.9266843381026
0;0;1;170.27;-259;54;71.4342836187448
0;0;2;160.38;-413;52;67.3970312241278
1;0;0;179.3;707;0;80.6492757610314
1;0;1;172.38;658;46;79.3733472846984
0;0;2;164.62;707;46;67.4554622824319
0;0;2;169.62;497;41;67.7753325333762
1;0;6;179.71;539;45;78.9222384112363
1;0;2;184.3;518;78;83.9152255934006
0;0;2;168.65;371;49;70.868575671568
1;0;5;176.76;574;44;79.6027843240802
0;0;1;160.65;84;42;60.2253197917483
1;0;3;180.97;392;51;84.0502043948655
0;1;2;175.9;-413;71;67.3104102864771
0;0;4;154.97;602;48;58.9679168745044
1;0;2;166.19;504;63;67.2204975118838
0;1;3;166.3;-231;55;67.7414837233894
0;1;2;164.58;-2030;58;64.8706540912571
0;0;0;165.37;273;0;68.3507257266893
0;1;1;154.92;-448;61;54.8867124712144
0;1;1;159.41;1008;60;61.2961495154776
1;0;2;169.09;-112;52;82.5601845890556
1;0;1;172.94;-112;46;67.7359004256643
1;0;4;177.08;1687;59;89.2227111748341
1;0;2;156.36;532;46;71.6123542610227
0;0;2;169.95;1029;48;73.8761152909723
0;0;1;157.68;-525;38;62.5564741146899
1;0;0;162.38;595;0;73.186972098474
0;0;2;159.97;910;44;69.891099556557
1;0;4;181.15;497;46;78.7740174284802
0;1;4;161.27;49;70;65.7796784867558
1;1;2;178.32;-1029;79;76.725727657876
1;0;5;178.35;546;50;79.8109254369399
1;0;2;172.5;161;62;65.1062589568307
0;0;4;166.2;1022;50;65.3523435972526
1;0;1;173.24;245;50;79.9920372230272
0;1;1;153.86;266;57;61.3225063099094
0;1;0;160.8;-595;0;61.3768188678771
0;0;0;161.25;182;0;66.4720095945112
1;0;5;170.33;-994;55;72.8963127388279
0;0;1;163.54;105;48;67.216641616562
0;1;2;159.31;-154;60;61.3682544244853
0;1;4;157.66;-1309;56;59.3740018096424
0;1;0;165.62;-294;0;65.017462423024
0;0;4;161.43;56;42;71.2491298197573
1;0;3;180.95;1036;49;93.3701754570436
1;0;0;163.84;1057;0;69.3245085441907
1;0;1;171.39;518;52;78.9279684732049
1;0;1;178.42;1015;52;84.4027812723356
1;0;0;172.59;112;0;72.8565101804224
0;0;1;161.08;707;45;60.0410627721384
1;0;3;170.66;987;55;79.4749087233325
1;0;1;164.65;238;56;69.3291667337836
1;0;0;179.45;763;0;76.5495393825715
1;0;5;173.66;-35;50;75.6148229399932
0;0;2;152.84;1421;37;67.9281388291745
1;0;3;175.91;-378;59;72.9690130505738
0;0;4;155.19;462;47;56.6835601165382
0;1;4;169.72;-413;55;76.7518748350809
0;0;2;147.51;189;45;46.4856628340701
0;1;0;168.18;-1540;0;70.54490989178
0;1;2;172.55;-2870;66;71.8303712199433
1;0;1;168.11;392;54;76.7731788682587
0;0;3;159.49;-357;43;61.2047943042433
0;1;1;168.66;-378;72;67.7525912016395
0;0;4;158.92;119;44;65.0980606295589
0;0;4;165.61;175;38;65.8038387476202
0;0;2;155.86;868;51;58.1191369173405
0;1;2;179.79;-791;59;78.8002090661699
1;0;6;167.08;-224;63;70.2445590976631
0;0;4;161.38;406;41;70.7690497345283
1;0;4;186.11;77;65;81.647197966984
1;0;6;179.92;-14;63;81.7872294058817
0;0;3;169.21;1015;45;59.1187974207577
1;1;1;178.04;-917;65;78.2272403385583
0;0;4;157.34;196;47;58.212189513183
0;1;1;159.86;-1288;54;62.359035513074
1;0;3;172.82;518;63;76.8146561157672
0;1;1;171.35;-714;76;68.95461705466
1;0;6;180.03;427;61;75.6943619675529
0;1;1;164.93;-1617;56;57.968703373624
0;1;0;166.58;-847;0;58.1531377262705
0;1;0;164.57;-1001;0;51.7295730535698
1;0;5;164.62;315;51;62.3298279918766
0;0;3;157.1;861;41;56.9559256507258
0;0;2;164.41;91;44;65.5043514699895
0;1;2;158.88;-1295;49;58.8758548573845
1;0;0;179;539;0;78.4775686380528
0;1;0;160.3;-483;0;59.1391678447171
0;0;3;151.89;-616;49;60.0286289671638
1;0;3;179.21;441;57;79.3296041218938
1;0;1;171.13;770;59;74.7879135543211
1;0;3;172.67;70;49;79.0971757279573
0;0;2;161.17;-301;38;63.4569388699982
1;0;4;180.6;875;53;79.6007311815593
1;0;5;165.54;168;50;74.0521397160564
1;0;4;168.81;287;53;75.1474732454294
0;1;2;159.38;-1183;52;59.816003184823
0;0;0;160.03;588;0;55.0406385430893
0;1;3;155.37;-756;62;51.2779175387544
1;0;0;174.13;-119;0;70.7900946323918
0;1;2;152.06;-763;57;39.9829026196742
1;0;3;176.12;896;61;75.813855813694
1;1;6;160.66;483;84;71.3030797934954
1;0;5;176.72;7;59;89.0594876112927
0;0;1;163.59;896;43;74.1652714227962
1;0;0;173.62;154;0;82.9590995594253
1;1;1;168.38;-1225;64;72.4895877184526
1;0;6;175.3;-168;52;79.6021145861047
0;0;0;152.17;-42;0;62.6041008361406
1;0;5;182.09;420;56;80.7843992210617
0;0;3;157.18;-14;39;62.0861264289835
1;0;1;169.79;700;41;76.0827465170234
0;0;4;161.63;658;50;65.4404105060499
1;0;5;174.67;462;57;79.5671166225249
1;0;5;179.41;1337;40;91.4667370357285
1;0;6;176.9;532;56;79.9850393413571
1;0;5;170.58;294;36;84.3994071905932
0;0;2;161.41;14;47;67.8128984635618
1;0;6;171.53;35;54;77.6698206781101
0;1;2;154.81;-1456;74;59.7883804009087
0;1;3;171.2;-875;60;57.167571142532
0;0;3;163.39;175;54;55.633260223148
0;0;1;152.85;259;61;56.4220362031091
0;0;4;159.79;1064;47;71.9251527751972
0;0;3;161.51;560;43;70.9533625517957
0;0;2;154.84;518;40;54.0030460717545
1;0;6;180.71;56;55;78.7979394774333
0;1;0;167.21;56;0;67.3502337677029
0;1;1;163.01;-413;70;63.714813077495
1;0;4;175.48;931;58;72.1425414309763
0;1;4;162.92;497;45;69.7358483376614
0;0;3;158.44;763;41;63.5416058164264
0;1;4;164.92;-1722;53;66.4930294473527
1;0;6;174.82;987;47;76.2598291507566
0;0;2;162.96;63;38;63.7386418569865
1;1;2;179.19;-1183;77;83.3635030701946
1;0;1;169.6;224;60;68.4401221982079
1;1;5;172.97;-917;57;81.7381368169549
1;1;4;171.17;-1379;64;76.3549548690784
1;0;5;172.23;882;49;84.4567588551257
0;1;4;166.93;-1085;57;67.2851886785154
0;1;4;164.11;-1463;63;58.0819971912069
1;0;1;183.74;-70;59;84.2711277555849
0;1;3;164.15;1645;52;71.270173520904
1;0;1;183.83;-21;54;87.0531876968325
0;1;3;164.23;-294;62;67.8702143868155
0;0;0;170.6;56;0;78.9663398137761
0;0;0;165.79;-147;0;66.984911036472
1;1;1;174.45;-952;77;78.4075078979806
0;1;1;169.31;-1617;61;74.9573167791937
1;0;5;181.66;455;43;74.7071772913234
0;0;1;152.87;-168;38;63.6483556870829
0;1;0;180.86;-924;0;75.0437085302161
1;0;0;181.56;896;0;88.3614034378855
0;0;2;155.57;826;47;62.7016504293402
0;0;4;163.49;-21;42;64.5977471223334
0;0;4;163.52;-133;45;56.4821217303179
0;0;3;168.58;651;41;76.7270215941409
0;1;1;160.34;-1680;53;53.5543624872812
0;0;2;167.4;406;54;66.4313359990933
0;1;1;153.49;-1596;63;49.9596289811874
1;1;4;174.55;-812;72;74.8813232567355
1;0;3;170.66;364;53;70.952486564629
0;0;1;170.17;630;48;65.8519842795761
1;0;4;169.99;1372;48;76.8138685084444
1;0;0;167.77;91;0;78.595315663874
0;1;0;173.07;-1078;0;64.2125530160951
0;0;2;158.63;1008;55;67.0383290474541
0;1;3;168.48;-469;68;67.4354770178214
1;0;4;173.63;798;53;90.3646505794805
0;0;1;164.19;1288;36;68.5521721534286
1;1;3;175.36;-1239;75;76.3281832602474
1;0;6;185.41;1036;64;88.3341898146077
0;0;0;151.73;-70;0;53.8736721341455
1;0;4;186.5;378;56;88.1243142869555
1;0;6;182.6;455;53;83.5311281148404
1;0;5;182.31;1183;60;89.9421246149391
1;0;4;183.94;567;52;80.1706241414107
1;0;6;164.13;1141;59;78.5698624965993
0;1;3;169.34;287;56;73.094335806759
1;0;6;173.88;994;46;84.9283535942158
1;0;4;176.63;-308;59;76.7313944992321
0;0;0;154.16;490;0;51.0180693703044
0;1;4;162.89;28;45;58.322955269778
0;0;4;163.13;693;40;70.617487503149
1;0;0;181.6;350;0;80.2664779283801
0;1;4;161.63;-2401;63;52.2750265858241
1;0;0;172.86;-266;0;82.117304642618
0;0;2;154.45;959;48;64.5051608081512
0;1;3;163.84;-252;61;66.2315862855688
1;0;2;189.57;875;51;95.1615773281882
1;1;4;176.93;-1470;67;75.1787877702328
0;0;2;169.14;1127;38;69.9434895798593
1;0;4;175.32;1225;55;71.7962500532036
1;0;4;168.51;1078;54;67.9456764381537
0;0;2;163.03;553;56;68.930201831214
1;0;2;182.86;1204;60;79.7405632765545
1;1;2;170.54;826;60;76.0881323876924
0;0;4;159.89;-210;44;67.221452704795
0;0;4;166.58;497;39;67.0846423270028
1;0;5;166.78;140;58;66.2791067924054
1;0;6;167.34;1344;58;82.6768964592211
0;1;0;175.41;238;0;73.7457257497278
0;0;2;165.14;126;44;67.2430967694391
0;0;3;161.66;322;44;67.6854448280066
0;1;2;161.81;539;58;72.7573295737772
1;0;6;175.05;525;49;84.1561088780029
0;0;3;165.17;518;50;60.5722616198717
1;0;4;166.61;-343;50;69.2223217474621
1;0;2;168.5;-574;58;69.8467893963828
1;0;4;171.78;315;52;71.2015574824689
0;0;2;163.15;266;32;61.9146983305876
1;0;2;177.4;441;50;74.7904751572218
0;1;4;164.1;392;54;72.4774337607897
0;0;0;157.86;336;0;61.3299280514638
0;1;3;157.86;-350;59;67.1662466728525
1;0;0;160.99;686;0;67.2635836324279
0;1;3;151.53;112;49;47.5016461022844
1;0;6;171.84;469;47;67.5101093333069
1;0;4;177.13;-714;58;77.6545191317863
1;1;5;170.16;119;71;73.7225316895608
1;0;1;168.44;665;60;66.8638866829015
1;0;3;179.07;1022;48;75.7536339906509
0;0;3;154.72;308;45;46.1680078614913
1;0;5;170.26;-182;53;73.4256305439328
0;1;4;161.37;-1526;52;66.2040830741253
1;0;3;182.63;-70;48;81.1229205222671
0;0;0;163.71;1036;0;69.9305664105681
1;1;1;175.53;-973;54;72.5056483673081
1;0;3;167.19;-280;48;73.7770358819913
1;0;3;177.17;189;50;78.8753256494334
1;0;6;166.69;-70;65;78.6225576141216
0;1;0;155.49;-1106;0;58.5943503552198
0;0;4;152.52;609;47;67.9140655152573
0;0;3;145.65;-343;42;45.3582466046594
1;0;5;183.29;42;67;84.4351574199663
1;0;0;168.6;308;0;72.2455018309582
1;0;5;175.76;406;56;82.474751775767
0;0;4;153.06;728;51;60.4089507014107
0;0;4;162.51;-217;37;73.9046175484108
0;0;3;156.7;707;57;53.422083855845
0;1;1;164.91;-252;54;67.5735277272567
0;1;0;172.81;-1148;0;69.1732017975284
0;1;0;153.43;-1505;0;53.9020364812296
1;0;3;160.14;847;52;67.4978889806574
0;0;3;158.54;-287;53;54.0256066798457
0;1;1;164.89;-1281;62;66.6666457627167
1;0;6;164.46;1302;71;70.5982287424212
1;0;0;174.22;651;0;82.0931528824723
0;0;2;166.41;511;49;65.1083902199433
1;0;3;166.57;840;56;77.0066449541621
0;1;2;158.34;217;60;56.2026870774647
1;0;5;176.11;21;54;79.6987316963466
0;1;4;154.37;-1337;55;51.7952852948474
0;1;1;170.3;-1197;71;64.5755251789962
0;0;3;160.41;728;41;71.3991670233392
0;0;3;177.5;245;42;72.3461802239726
1;0;5;181.37;672;49;75.6278916447874
0;0;3;166.25;84;50;64.7322124262905
1;0;6;172.91;1162;61;85.1374523480835
0;1;3;166.87;-518;63;52.5944725585133
0;1;4;170.76;-763;54;68.3996971208553
1;1;2;178.12;-532;75;84.8494560874341
1;1;0;172.48;-1127;0;76.1506465719065
0;1;2;160.12;161;59;61.3213883118251
1;0;3;182.74;581;62;85.5110302800843
1;0;0;176.47;-189;0;78.6850781838881
1;0;5;157.01;-420;60;53.2917408220137
1;0;4;175.83;-371;52;82.2548680800606
0;0;2;161.33;-133;55;63.0581231349761
1;0;4;171.62;105;44;84.1397299489198
0;1;4;164.14;-140;62;71.3413957480782
1;0;1;172.77;35;55;79.3185033787104
1;1;3;179.3;126;85;84.9190587003318
1;0;3;177.89;644;54;77.9885489733276
1;0;3;175.3;1176;60;78.1313541328045
1;0;2;170.9;21;49;70.0358761575981
0;1;3;160.4;-658;52;67.0264052302138
0;1;0;160.65;-294;0;64.8863528594657
0;1;1;151.81;294;63;64.9476172721237
0;0;0;171.84;-42;0;74.244624271465
0;1;4;163.03;-840;67;67.5557246399487
1;1;1;163.09;-875;62;67.8996640558049
0;1;0;156.71;-1099;0;58.6617316607736
0;1;3;167.36;-952;63;72.5936960599957
0;0;4;158.02;-308;39;58.1427451211576
0;0;0;154.7;1029;0;55.6753904123572
1;0;1;174.7;238;57;73.0450515450721
1;0;1;172.43;1148;64;82.8799018837449
0;0;2;159.03;273;46;52.9583994801767
1;0;3;173.07;532;65;78.4023417735502
0;1;1;169.11;-2121;68;66.4249474493344
1;0;2;182.11;336;57;88.6514401349041
0;0;2;165.55;-154;49;67.7307659011058
0;0;1;158.45;658;43;58.8712422853633
0;1;2;170.51;-196;60;71.3751557519252
0;0;2;159.16;742;48;65.6175599472782
0;0;3;150.34;532;41;53.4253178110841
1;0;2;185.98;84;64;78.6562888931937
0;0;4;165.12;-469;39;67.9390068480745
0;0;4;156.69;14;38;64.092631860434
1;0;2;169.7;532;60;80.2163122379455
1;0;5;181.37;714;44;74.7535982018996
0;0;2;162.21;-490;47;61.6961408240786
0;0;4;164.78;644;48;64.6103960786136
1;0;5;161.17;49;52;62.417294271399
0;0;0;166.02;301;0;66.7818002785613
1;0;2;180.63;-385;55;82.1158091642246
1;0;6;174.47;1232;60;86.8433471499843
1;1;2;186.48;-1316;68;74.3435801036292
0;1;2;160.67;-532;68;62.9440882048266
0;0;4;162.25;476;39;69.8336619317508
1;0;0;173.23;567;0;76.1092776089762
1;0;2;176.47;819;63;79.6181986822808
1;0;3;196.62;294;51;96.0698091108419
1;0;3;186.36;-301;62;83.2034237581268
0;1;3;159.33;-735;56;63.2614403110427
0;0;2;155.54;28;49;62.6285594207933
0;0;4;155.61;847;45;60.6513074722411
1;0;5;177.94;-301;52;78.3870438161032
0;0;4;161;609;41;57.9860264645382
1;0;4;174.05;385;58;80.2830069780932
1;0;5;175.36;301;60;86.7106276246123
0;0;1;172.77;693;42;64.8296851772493
0;0;3;165.23;441;39;73.1816550668092
1;0;1;181.79;504;59;79.6745209157503
0;1;3;170.78;-539;69;71.0915458814395
1;1;4;172.08;-2184;58;66.9066440305298
0;1;1;161.92;273;58;60.8679719071958
1;0;6;185.63;406;65;76.5608266210511
1;0;6;186.05;-693;64;87.5451665109315
1;0;6;175.77;518;61;70.2091457943133
1;1;3;165.78;-1141;71;72.2004490586226
0;0;2;157.62;735;54;57.4403166568462
0;0;2;161.76;567;55;71.8088375843794
0;0;0;158.13;126;0;69.7484266482016
0;0;0;168.28;-91;0;62.0568726912911
0;1;1;165;-791;70;65.8988195241035
1;0;5;171.05;1092;43;77.5342344541369
0;0;0;161.1;-42;0;69.7991299852005
0;0;0;171.66;252;0;80.5802409218628
0;1;1;187.27;-560;64;81.8780118101794
1;0;3;179.38;532;48;77.188913874257
0;0;0;164.79;504;0;62.6532783149407
0;1;4;162.73;-700;58;63.600110235189
1;0;0;171.62;-434;0;71.7000601540152
0;1;4;170.13;-1183;56;70.4243011711721
0;1;3;172.25;-343;54;77.1865512913725
1;0;5;162.86;1008;46;66.5630632724848
1;0;6;174.28;357;53;66.5589039240746
1;0;0;175.97;-231;0;80.5979515721859
1;0;6;181.64;42;58;88.4837691936809
0;0;1;162.86;77;43;73.537920883402
1;0;3;168.43;-42;63;79.5528619340566
0;1;2;164.44;-1708;51;65.918149259354
0;1;2;155.27;931;57;61.1196352751362
1;0;6;179.12;273;53;84.688986988956
0;0;0;152.06;-105;0;47.4990387287688
1;0;6;186.36;-42;53;82.1522909878482
0;0;3;155.35;329;51;63.6821231996569
1;0;4;180.43;294;56;74.9879357656169
1;0;1;186.25;770;57;86.8168255929286
1;0;0;173.77;-231;0;77.5831207940517
1;0;0;171.42;-742;0;71.3362989737305
0;0;0;154.27;-357;0;50.2288391712691
1;0;2;180.88;686;50;79.5587500532961
1;0;4;172.25;896;60;74.8761545655325
0;0;2;161.71;700;39;64.174352859105
0;1;0;152.66;-1554;0;57.0672873901449
1;0;2;181.15;-301;60;77.2054268580697
1;0;4;179.54;-434;59;68.7520888325455
1;1;3;181.84;-126;66;70.228354472775
1;0;3;177.06;1008;59;77.1770620821724
0;0;1;163.86;476;43;64.8978519049947
1;0;5;183.9;-259;56;80.3170947553566
0;0;3;150.87;7;41;52.2259694118145
0;1;3;166.21;-1862;82;63.4152036699031
0;0;2;171.82;1001;38;76.4826922746144
1;0;0;177.69;735;0;84.8577575875271
0;1;3;170.21;-1820;51;67.9609973658307
1;0;4;168.98;231;53;70.3437608453012
0;0;4;147.1;-357;52;53.7915110645566
1;0;3;179.06;238;55;84.286060127046
1;0;5;175.26;329;68;84.4299186789181
0;0;1;164.49;-483;43;62.5154777856677
0;0;1;165.64;105;49;66.3434298266577
1;0;4;184.25;-511;53;77.64039690507
1;0;2;179.42;-189;58;79.4075523020753
0;1;2;170.7;-959;66;82.6497658449287
0;0;4;154.72;119;34;64.0637717324083
1;0;0;174.25;161;0;76.2246190242488
1;0;0;173.35;497;0;84.9953577020743
1;0;1;177.89;-147;60;96.4185880307133
0;0;0;166.73;63;0;62.1089323749759
1;0;0;181.13;-301;0;89.3801961036223
1;0;1;167.36;161;57;67.9296871129285
1;0;4;158.8;294;54;64.8577853426832
1;0;1;178.57;1078;58;91.051588959092
0;0;4;148.95;-658;39;47.9789196395702
1;0;3;168.87;959;53;82.998687573651
0;0;4;155.34;-336;39;54.4577541515072
0;0;2;146.62;434;49;57.7020732188371
1;0;1;178.18;49;63;74.7101619098931
0;1;3;156.48;-1708;54;55.883157773266
0;0;2;157.25;343;48;59.5524993570106
0;0;3;157.03;819;45;55.4998912382967
0;0;0;162.26;1183;0;64.4635279256564
1;0;0;182.38;-140;0;78.3874917247734
1;1;3;168.42;-1757;62;66.388476670814
0;0;2;169.47;1008;44;68.2156985055126
0;1;1;164.23;-434;67;58.6427929519
1;0;3;179.47;-168;63;77.0466723031815
1;1;1;172.28;-2135;73;68.0862063769579
1;0;6;171.19;-105;50;67.5880383683382
0;0;1;171.67;-1022;45;69.9616738694372
0;1;2;159.58;-399;51;63.8901475281608
1;0;5;176.64;266;68;77.1118770607544
0;1;0;165.74;721;0;75.5418932608031
0;1;4;172.59;-1813;67;68.4165112473564
1;1;6;176.11;-1568;84;66.6348985633576
0;0;0;163.34;266;0;64.5910344108325
1;0;6;166.35;1127;55;74.0359274859934
0;0;0;157.64;679;0;68.879178010063
0;0;2;153.67;-105;44;51.0721712851236
1;0;0;186.77;455;0;88.1747678893179
0;0;0;166.12;301;0;73.6912709403821
1;0;3;178.9;1064;57;77.072341719711
0;1;1;161.06;-1008;46;58.4082741158405
0;0;0;164.15;756;0;67.4809398457272
1;0;5;173.82;749;55;82.6999818913473
1;0;0;191.86;938;0;89.8788816245191
1;0;5;175.02;-133;61;79.3627460029242
1;0;3;166.74;77;68;78.2412292720778
0;1;4;165.33;-1778;62;70.6438392673236
1;0;5;176.04;-63;39;84.4456342738225
0;1;4;167.66;-147;58;77.785084047586
0;0;3;173.19;-476;48;75.0392013628454
0;0;0;148.66;-917;0;47.0252832483534
0;0;1;172.53;875;46;68.5083731790599
1;0;1;181.72;1036;61;81.7670455241834
0;1;2;162.17;-854;60;67.3473197349258
1;0;1;172.75;-245;59;72.7681886253509
1;0;2;176.73;175;66;77.148370301816
0;1;4;147.42;-1120;53;62.0398734701441
0;1;2;161.81;-1519;63;63.6278460369075
0;1;2;162.17;-441;66;60.8720101745303
1;0;5;176.3;315;57;70.982280483092
0;0;2;165.18;70;43;66.3743440159407
1;0;5;182.42;420;44;86.0296784661706
1;1;1;161.09;-1722;42;68.0837057448273
1;0;3;168.33;721;54;81.4173634276646
1;0;2;188.94;273;56;89.5357537528369
1;0;3;182.34;343;48;90.6305665384865
1;1;3;172.94;175;86;81.353153358725
0;1;4;162.86;-203;73;63.9444490486966
0;0;4;155.93;1288;50;61.1121450487858
0;0;2;164.97;798;43;75.8494532743017
0;1;0;148.13;-539;0;56.8902582956446
0;0;2;157.88;35;49;70.9166531946846
1;0;3;176.85;203;49;87.0578353508501
0;1;4;166.61;-567;57;63.2007509190133
0;0;4;169.01;441;38;65.5726467197464
1;0;2;181.13;-511;52;89.2350950897536
0;0;1;158.32;469;43;56.2300745714898
1;0;0;182.78;763;0;95.0374500961644
0;0;3;169.64;693;45;58.8513085977267
1;0;0;164.39;518;0;65.5422340743112
1;0;4;191.93;609;71;94.0188175175661
1;0;4;162.01;749;56;67.0812958112495
1;0;4;176.25;238;63;68.4229903892708
1;0;4;181.35;1470;62;88.1552624774349
1;0;1;178.32;721;59;82.5900903334211
0;0;2;163.44;-21;50;69.9687286696735
1;0;6;174.06;-245;64;89.4909844014255
0;0;4;158.47;560;56;62.3267257649547
1;0;2;153.86;1253;46;69.4342848169974
1;0;3;175.83;56;53;76.8148924652365
1;0;2;181.85;1596;52;90.3385785226749
0;0;1;149.63;413;48;53.828852354763
0;0;3;163.98;-357;43;64.0584159903214
0;0;1;148.55;287;44;53.7838550056564
0;0;2;159.93;924;50;63.9386811847734
1;0;1;179.72;1008;57;90.419609480473
0;1;3;163.18;-1708;60;67.3213362185785
0;0;0;163.3;819;0;63.6044084905296
0;0;2;157.06;273;47;59.8957188870991
1;0;5;179.94;-504;45;86.1253726026988
1;0;6;170.01;91;57;68.4202821083575
1;0;1;177.71;707;46;82.3595726605074
0;1;2;164.79;-896;67;61.4984100267165
1;0;5;174.87;427;67;73.384820384991
0;0;4;150;805;46;62.3271335769171
0;0;2;163.11;749;43;72.4804428987718
1;0;1;168.72;693;65;76.3958302458526
1;0;0;180.55;-238;0;78.9688568556364
1;0;4;169.75;175;58;74.2400571777217
1;0;2;168.02;455;49;71.3983135160267
0;0;0;157.66;308;0;55.4397299453577
1;0;3;164.23;-119;57;70.3179839720509
1;0;6;169.87;-679;59;62.9631686994103
0;0;1;153.83;-91;52;60.3009004575193
0;1;2;164.51;224;61;64.5296898632301
1;0;1;181.04;182;56;74.9590350650346
1;0;6;167.78;1008;44;81.0045890497998
0;0;2;150.09;1120;44;56.7075372252928
1;0;1;164.67;266;67;69.0265221184749
0;1;1;164.44;-896;68;61.0980596940043
0;0;4;172.7;-84;42;71.183093999999
1;0;6;177.38;315;58;80.0655544657107
0;0;1;171.86;14;42;74.1920373159779
1;0;4;182.23;-182;68;78.7872820104432
0;1;0;156.04;-448;0;55.708459162875
1;0;1;170.79;77;60;72.2889264374081
1;0;4;173.84;308;59;76.5784048476243
1;0;2;183.57;-406;51;77.9856525464694
0;0;1;151.68;672;50;64.9920596932149
0;1;0;166.82;-140;0;71.3619094370787
0;0;2;163.77;-896;53;64.1247444971049
1;0;5;168.64;98;55;74.0072438664034
1;1;0;162.74;483;0;71.6779092053909
1;0;1;177.98;-609;48;67.5295969926542
0;0;2;164.59;798;43;73.7708317197241
1;0;4;183.91;777;67;88.8672771867571
0;1;4;172.91;-1729;55;73.4329536231118
0;1;4;171.31;896;61;77.259882167388
1;0;1;172.42;98;48;70.3764589703118
1;0;5;175.36;791;60;79.9095488751186
0;0;2;158.66;1155;43;53.9588427263388
0;0;2;169.96;1449;47;84.3120753308104
1;0;2;177.56;105;57;77.481897084678
0;0;1;162.9;-399;34;57.7796663257944
0;1;1;159.74;-679;53;55.343446337705
0;1;2;169.51;-539;62;62.5468380579332
0;0;2;167.25;413;41;63.8941892598129
0;0;0;162.8;511;0;61.9799186646728
1;0;6;174.43;441;49;74.3704762811871
0;1;3;167.87;-1015;64;72.8218507494165
0;1;3;166.56;-1701;61;57.5810328577948
1;0;6;171.74;1015;53;80.6560135655988
0;1;2;163.64;-2142;50;59.8319003191299
0;1;3;169.39;-924;70;71.3760157989643
1;0;2;180.44;441;51;86.1085330742698
1;0;0;168.19;399;0;77.2905729246204
1;0;4;175.9;889;63;87.0363006592672
0;0;3;159.25;-399;36;57.3306601306925
0;0;0;163.91;903;0;67.9105607282012
1;0;6;164.96;868;45;70.0900918020619
0;1;1;169.37;679;69;69.6851195205926
1;0;1;169.51;-224;48;71.4127071148448
1;0;1;177.85;1064;65;88.2242490455918
0;0;1;152.28;1358;51;63.7977472559605
1;1;3;170.92;-756;52;72.3776988142442
1;0;2;184.84;-315;65;82.9990596390806
1;0;0;173;-679;0;80.0101714761607
1;0;2;177.67;168;53;81.1746082948862
0;0;4;170.38;777;50;67.5650000411689
0;1;3;169.56;-728;60;65.3015008279572
0;0;0;169.32;1015;0;74.595569095165
1;0;0;163.65;42;0;69.0833431865806
1;0;0;184.01;-581;0;85.2235150176171
1;0;6;177.54;-175;53;74.9010551638541
0;1;3;159.32;-875;76;60.1513393723718
1;0;1;178.82;518;62;79.2275907480664
0;1;1;160.03;294;63;61.3236483673908
1;1;1;164.27;-7;62;72.5541148920327
0;0;4;166.26;245;42;65.7230614243387
1;0;4;178.3;357;60;77.6857175552972
0;1;1;165.42;-217;74;62.8564892986128
0;0;3;166.58;196;46;61.7716009992942
0;0;1;156;-21;47;58.8509061168529
1;0;6;193.36;1232;49;99.8517128018733
0;0;0;154.32;560;0;57.4190537733231
1;0;5;164.41;728;63;70.9330383659223
0;0;4;163.36;1260;46;61.2468083567762
0;0;0;155.08;-945;0;57.4473328509352
0;1;2;153.39;-1337;54;55.2945743630039
1;0;3;172.75;742;58;82.787556437738
1;0;2;191;833;49;90.3765422733458
0;0;4;161.15;910;53;62.9216890566475
0;1;0;185.06;-1414;0;76.8068199739911
1;0;3;167.06;70;66;71.673177494308
0;0;4;159.75;-693;51;66.4857853006608
1;0;0;172.25;-168;0;82.5124435199867
1;0;3;176.62;679;56;79.2998281902685
1;0;1;171.6;-105;62;74.6037098362381
0;0;2;164.02;196;44;69.8434799396515
1;0;1;165.26;1589;51;73.133051704937
1;0;3;178.41;-448;45;79.1885645883018
0;0;2;164.01;147;47;60.541112990243
0;1;3;170.24;-1071;64;72.2649432857965
0;0;2;172.74;476;52;72.068365446366
0;0;3;146.36;231;50;54.6018737577601
1;0;4;153.47;70;46;54.0629734146538
0;1;2;145.61;357;62;36.8922978134486
0;0;3;148.92;329;40;46.2672280186954
1;0;2;171.25;-518;60;71.7389556624104
0;0;3;161.39;-658;48;60.8886921637541
1;0;1;173.34;532;58;83.3233289742523
0;1;2;169.21;-245;66;74.2073044889398
0;1;1;166.12;-1267;58;60.0331831980137
1;0;3;174.35;791;61;79.925569995783
0;1;0;155.41;-98;0;62.5241325195611
1;0;2;160.14;952;54;66.2317995667986
0;1;4;151.07;-1890;57;50.3314756573252
0;1;3;171.98;749;67;72.1917708973998
0;0;3;172.18;-56;47;67.9879599217478
1;0;1;169.57;35;60;64.1236438608507
1;0;3;185.31;154;61;84.0945460468403
1;0;2;181.98;210;51;76.6836710697988
0;1;0;166.36;294;0;70.7726951272494
0;0;0;169.01;252;0;74.6262860430191
1;0;6;168.74;266;59;73.7557433571457
0;0;2;156.85;1071;47;60.5204922985206
0;0;0;156.36;-308;0;58.8621876892686
1;0;6;183.87;-259;58;90.7569202955206
1;0;4;163.97;924;59;80.5553607555498
1;0;6;176.27;-133;60;69.443759936458
0;0;4;166.98;518;42;74.2081790146978
1;0;5;177.53;483;44;85.7987091131891
0;1;4;169.81;-511;53;65.3219440479562
1;0;4;174.63;217;53;73.5423418686923
1;0;0;166.9;-35;0;65.8155531887377
1;0;4;178.19;525;60;77.4553021793966
1;0;5;180.65;196;53;80.7255592208967
0;1;2;163.71;-161;61;73.4114867452559
1;0;5;174.84;350;57;81.4470461621554
0;1;2;166.4;-1029;66;64.8034863654609
1;0;3;174.28;-273;65;73.5680756342543
1;1;6;170.72;392;78;73.4232573118111
0;1;3;174.79;-1148;64;76.1584321328706
1;0;2;167.69;182;49;65.07684680616
1;0;6;180.83;-616;60;86.9681177435658
0;0;3;166.75;441;51;63.4790519651394
1;0;0;183.85;133;0;86.3063602712936
1;0;6;183.82;574;59;81.1548363054706
0;0;0;158.62;0;0;58.9194961078637
1;0;5;168.32;-224;59;73.5971376408386
0;0;4;168.63;-280;42;68.9685544659441
1;0;0;170.45;483;0;67.8477963592439
1;0;6;168.81;574;57;70.6059113913304
1;0;6;181.36;665;43;84.9510173608849
0;0;1;175.08;728;60;80.099998727165
1;0;1;181.85;133;57;94.3075427011709
1;0;5;166.35;665;42;71.4749800118104
0;0;1;164.89;259;41;64.981022182155
1;1;5;169.83;98;68;76.4642239192918
1;1;1;164.93;-2002;80;65.5152385840075
0;0;3;173.82;1071;45;83.2862599833644
0;1;1;160.99;-1029;51;63.2379075858725
0;0;4;156.85;-126;52;64.5284549873835
0;0;0;160.2;301;0;66.6161282818235
1;0;2;185.97;770;64;81.4494713552488
1;0;6;180.99;-392;58;83.4025402231374
1;0;3;173.75;119;58;70.9972531447609
1;0;6;171.5;476;54;79.5470773929179
0;0;2;156.97;-140;43;59.9377211934609
0;0;4;171.02;-147;42;65.0031045449952
1;1;2;168.12;-700;67;69.8695644576435
0;0;3;166.17;-14;55;65.8956605394701
0;0;2;156.44;476;47;54.6172233384233
1;0;2;181.99;784;59;88.5101891979435
1;1;1;176.4;-1057;73;77.2263132952853
0;0;2;154.82;490;37;59.7303880101436
0;0;4;162.29;1078;56;67.3525224393192
0;1;1;167.36;-1505;58;59.7764312560361
1;1;3;173.71;1169;85;74.1513103373097
0;0;0;148.39;112;0;56.633890921394
0;0;4;160.64;112;42;66.2803362291262
1;0;5;183.43;280;53;93.5475401196542
1;0;6;173.08;-455;42;70.6781463352582
0;1;0;164.95;210;0;63.1903658398597
0;0;0;158.47;-7;0;63.5274141435421
1;1;5;170.39;-259;64;67.5031071618765
1;0;6;167.91;203;66;70.697432577621
0;0;2;160.75;672;53;64.6863437257519
0;0;4;161.5;868;49;63.0350800692271
1;0;2;173.29;994;54;78.3741305254246
0;0;1;170.05;35;37;71.0857925150286
0;0;4;159.22;952;47;61.4425712689952
1;0;6;184.48;-763;47;75.4820916529576
1;0;6;163.26;-91;52;74.3792174397036
1;0;0;175.83;1141;0;78.4483474898397
1;1;4;182.52;-966;69;79.237265880632
1;0;3;183.1;441;55;85.6926424683329
1;0;6;166.14;-308;63;67.4992498220255
0;1;1;163.38;-70;73;68.7315379998379
1;0;2;174.53;959;57;75.4729890652083
1;0;4;174.07;210;72;85.6585563634958
1;0;1;174.73;231;54;80.2612404847156
0;0;4;171.63;189;45;63.6183084068318
1;1;1;173.37;-1974;68;71.0021694145098
0;1;0;169.44;-1232;0;66.8805443445651
1;1;0;184.34;-1330;0;84.8086883573148
1;0;2;167.8;1141;43;71.8356213956716
0;1;3;162.5;-819;56;67.4584416468698
1;1;6;173.46;-525;71;77.687302492739
0;0;0;165.84;-427;0;78.307467418618
1;0;6;164.64;763;60;67.4573427713464
1;0;3;180.1;693;59;86.9327096285833
1;0;4;183.41;1008;44;94.8633092218682
1;0;6;174.06;-70;43;78.4529773258859
0;0;2;166.43;287;41;74.5945506367174
0;0;2;161.32;42;48;67.7673291011269
1;0;2;174;469;64;74.3067934201691
0;0;4;159.85;-231;43;67.0943168683
0;1;2;154.28;-1183;54;56.9799319145595
1;0;1;179.76;889;58;82.6537618435587
1;0;3;173.76;322;61;80.3263748353808
0;0;4;164.65;-448;44;68.7062575327414
0;0;2;158.71;28;43;55.7828202823308
1;0;0;171.91;1498;0;74.1268368137719
0;1;0;155.57;105;0;54.6331768382664
1;0;1;179.27;462;54;80.9410581252226
1;0;0;172.73;217;0;77.1401410613771
1;0;4;173.47;-259;55;68.5523671591679
0;1;2;157.31;-721;62;52.8717829287309
0;0;3;174.2;175;43;65.5056525199958
0;1;2;163.55;-2170;66;51.1993674152393
0;1;0;173.75;-798;0;67.9365053847994
0;0;4;166.92;1344;37;75.5305351416643
1;0;0;175.18;-574;0;68.9556073949396
1;0;4;183.56;854;60;92.686826364263
0;0;3;159.37;168;42;53.1843375336943
0;1;3;163.95;-910;75;51.1740543758374
0;1;2;148.7;105;65;55.4891573814377
0;1;3;157.71;-357;45;57.8945502705039
0;1;3;160.9;-1393;58;65.5662574014745
1;0;5;172.44;1015;63;80.6749881799737
1;0;6;183.46;-224;57;89.1675854476213
0;0;3;163.67;1659;40;74.170966226233
1;1;1;167.98;-938;67;74.9939931294475
0;0;0;157.33;1162;0;63.0648550795902
0;0;2;171.74;140;55;74.0300476699185
1;0;6;180.99;189;54;76.9371879520829
1;0;3;176.13;973;53;84.7334418478154
0;0;3;161.23;252;38;63.0968567450836
1;0;0;168.42;21;0;79.4611630715357
0;0;1;161.99;1029;45;69.5554090141888
0;1;0;159.46;-1022;0;67.619135712757
1;0;3;167.77;329;56;80.0653833179403
1;1;3;179.51;-1855;80;81.1339861474688
0;0;4;162.99;833;55;61.4425150195058
0;1;1;153.16;-1456;48;50.8548344257777
1;0;0;182.4;420;0;83.5937280000631
1;0;5;179.79;602;66;80.8334605462532
1;0;3;170.54;714;55;75.7639703626146
0;1;2;163.14;-980;54;61.8953673630669
1;0;4;184.11;266;49;80.8881208437701
1;0;2;175.29;609;53;97.3836544911163
0;0;4;164.5;616;40;71.586810657285
1;0;5;170.85;-672;55;76.0972734755172
1;1;3;178.64;406;67;79.1937855354547
1;0;0;177.88;1253;0;79.0676110947435
0;0;0;164.48;112;0;64.3713798096561
0;0;2;171.11;1120;39;82.2465198600965
1;0;1;171.82;28;67;78.1991962115185
1;0;4;183.55;147;63;90.6441761169006
1;0;2;169.89;770;69;74.7799021436061
0;0;0;173.8;-959;0;77.9842822673351
1;0;4;169.73;322;48;63.901842818016
0;0;3;152.6;238;43;48.375735914224
0;1;1;174.04;42;69;66.4199480960549
0;1;1;158.32;-1470;65;61.1749430408437
1;0;5;173.33;1106;57;78.6045975777564
0;0;1;166;1386;46;70.1065025240441
0;0;1;179.78;-140;47;81.6139157809533
1;0;5;166.03;371;62;79.6579324496751
1;0;1;174.73;259;50;76.3856500576878
1;0;2;177.32;189;53;73.9475140622376
1;0;3;178.57;301;62;89.6160154958895
0;0;2;156.61;497;49;65.9755312286076
1;0;1;178.88;707;62;83.2975189130413
0;1;1;162.6;-1029;57;55.1386701476434
0;0;1;157.47;651;49;65.7481741130167
0;0;3;154.97;-21;45;62.4758305157674
0;1;4;172.52;-833;56;75.5679319363526
0;0;3;163.28;1050;51;61.9726266764014
1;0;2;167.2;119;62;72.7397484159169
0;1;1;167.62;413;63;71.0401060409862
0;0;3;168.34;-28;50;62.6729894297185
1;0;0;184.31;-560;0;79.3910914884575
0;0;2;163.58;553;45;76.4381997530912
1;1;5;176.57;-1470;55;64.6075017920864
0;0;2;162.12;1120;40;65.1818675805602
0;0;1;158.43;427;55;57.8327172459595
1;0;5;181.95;105;78;80.6970103508388
1;0;0;180.32;-280;0;85.2541161855791
0;0;1;184.2;-434;49;76.4103400572999
1;0;5;181.23;1057;55;87.5317000916936
1;1;0;187.33;-665;0;78.5299873060572
1;0;6;180.93;427;56;80.6264215946621
0;0;0;172.46;595;0;76.3761135543807
0;0;2;168.18;399;36;77.3289374176454
1;0;0;181.67;469;0;77.8983361835614
0;1;4;155.15;-1120;62;51.3919134779432
1;0;4;173.76;504;58;79.3130881786643
0;0;0;158.83;-329;0;68.9763016038691
0;0;0;155.53;-287;0;63.6729777537577
0;0;0;157.7;385;0;62.9256414275486
1;0;4;179.31;476;61;81.7696490308283
0;1;1;166.14;945;57;77.4782687019349
1;0;4;179.43;-35;60;82.1337872518356
0;1;3;157.28;-21;62;57.5871379512797
0;1;3;166.44;-539;59;68.2991644582252
0;0;2;165.02;7;41;65.7409348807854
0;1;0;163.65;-546;0;64.5995402608587
1;0;2;178.01;539;58;73.2124458726628
0;0;0;155.56;1043;0;60.7877029977688
0;0;2;158.1;259;53;61.6673364675883
1;0;5;171.18;476;55;80.3472788235531
1;0;4;180.1;-574;65;79.7695667166545
1;0;2;176.19;406;60;76.8695293758393
1;0;4;180.76;462;57;85.1191274243165
0;1;1;156.9;-1246;42;66.0981841649097
0;0;0;171.02;686;0;73.9685568915441
0;0;1;169.36;553;42;66.8658951695718
0;0;4;158.22;-77;49;54.982554462015
1;0;1;163.58;-7;57;65.5614230968676
1;0;2;171.87;952;55;79.3079591341979
1;0;4;171;714;59;71.9864936531752
1;0;0;173.91;651;0;70.7071261682213
0;0;3;162.04;679;39;70.7887652828028
1;1;6;163.26;-588;59;70.0102191938239
1;0;4;185.24;273;50;81.9052318870732
1;0;4;165.2;322;41;67.406156154059
0;1;2;156.94;-567;58;59.2836055562435
0;0;2;153.61;-154;41;62.8585609051615
0;1;3;149.24;413;63;53.2465477923049
0;0;0;163.13;336;0;68.5374062806425
0;0;3;158.13;-350;42;63.1550926675626
1;1;1;183.28;-476;67;82.6202268269956
1;0;5;175.74;98;55;81.7478069693226
1;0;4;167.91;-546;65;76.8686294488993
0;1;2;151.72;-1260;59;56.6999512445733
1;0;3;172.91;1267;63;76.3133915731459
1;0;1;173.38;770;51;80.343937447197
0;0;1;155.66;-308;48;50.5981065199104
1;1;0;169.64;-1204;0;76.1707589531701
1;0;0;165.19;910;0;69.3330227180687
0;1;2;155.61;-1400;68;57.8101667014982
1;0;2;175.53;1316;49;83.3919588257494
1;0;5;164.14;-91;59;64.3314938992719
0;1;2;173.88;-133;63;72.2002925453287
0;1;2;165.6;-1281;61;67.2422960304728
1;0;6;174.35;-371;54;83.6796461986384
0;0;4;162.24;343;48;61.5831314427842
1;0;1;189.1;504;61;84.8422531035818
1;0;3;182.21;-245;60;87.7941093686217
1;0;6;176.17;728;48;82.0439702794607
1;0;5;179.64;1330;55;80.5317880293502
0;0;0;163.78;-784;0;74.0688375093903
1;0;2;184.67;707;55;88.9024017524544
0;0;3;158.5;231;46;63.2478336013073
0;1;4;166.22;-1533;61;65.402328617609
0;0;4;161.47;224;44;49.9215074308623
0;0;2;173.31;175;36;76.0064456886677
1;0;5;178.09;812;67;85.4351399688418
0;0;0;155.38;1351;0;55.2182169601215
1;0;1;170.08;-175;56;75.753407918483
1;0;0;188.84;-560;0;85.9610768161411
1;0;4;168.94;238;45;73.5399228248507
1;0;6;170.87;105;53;74.2835963965469
0;0;0;158.61;784;0;67.8280709359485
1;0;4;172.88;385;51;68.770958342931
0;0;0;183.99;-175;0;77.3759358723679
0;1;2;154.71;413;61;59.777906575878
1;0;4;172.8;735;64;81.5343966074298
0;1;3;147.15;-826;70;57.4360818492383
0;0;1;168.43;357;38;69.873672397315
0;1;3;161.91;301;57;58.8803528684122
0;0;0;160.94;-224;0;59.4686398745204
0;0;2;169.58;14;40;72.2953335263733
0;1;1;174.11;-630;62;72.3449891167579
0;0;4;164.74;1771;51;71.4101538769104
1;0;0;176.94;-21;0;79.6125753613992
1;0;4;170.58;-70;55;70.2282468267397
1;0;1;173.3;-609;55;77.2967324348622
1;0;5;173.32;42;55;74.4487202056
1;0;2;180.88;679;58;83.6627143673937
1;0;3;175.02;777;58;79.3581878666387
1;0;4;183.76;987;72;79.5904419988563
0;0;1;166.39;770;45;65.2806807060686
0;1;0;156.8;-371;0;68.8987375093545
0;0;1;149.51;448;41;54.0963079485024
0;0;1;158.9;826;41;66.4963788786778
1;0;4;178.05;1169;56;85.913985815945
1;0;1;165.14;1680;59;69.3171594326444
0;0;1;161.24;-413;42;60.7889881617253
0;1;2;146.71;-1099;61;42.6348607673444
1;0;1;177.35;1470;53;88.6304900507827
0;1;0;157.86;-1344;0;58.0455120790112
0;0;3;160.58;1316;45;65.1456400126438
1;0;1;181.58;-182;60;81.0545165375103
1;0;4;174.4;917;71;79.1968626664573
0;0;1;149.33;-224;45;47.1643884252981
0;0;1;160.86;791;45;69.8884556927627
1;1;1;169.97;-700;62;79.7613393791682
1;0;1;190.23;231;42;88.0003802988731
1;0;6;181.34;252;59;95.9657510367128
1;0;1;174.17;119;53;80.9168675618446
0;1;4;167.33;-567;67;66.7246755040596
1;0;0;181.61;301;0;76.2961090969216
1;0;4;181.1;-14;59;72.5011584467736
1;0;4;173.29;231;61;75.7589899958131
1;0;0;176.83;728;0;93.2090715736693
0;1;4;158.02;-1183;71;49.1806658377087
1;0;6;183.09;-1435;48;80.9929142565104
1;0;1;175.75;679;55;87.9236077180933
1;0;5;181.42;413;65;73.7775373833144
1;0;1;176.66;-938;52;73.9225986251894
0;1;2;154.99;-1148;61;64.7103127551449
0;0;4;178.56;630;43;82.4898183384356
0;0;1;173.12;-651;48;75.393208540053
0;0;3;167.35;-77;44;68.0398987433043
0;1;4;158.67;-2450;53;61.2463194297623
1;0;1;173.07;231;41;72.618735086861
1;0;6;179.15;861;50;78.1287234151164
1;0;4;183.23;168;69;87.4208089368074
1;0;1;183.49;455;39;81.1811915487407
0;1;1;164.7;-609;53;76.5363017556353
1;0;2;164.98;-903;63;72.5187832901548
1;0;0;170.08;-112;0;78.6303361286137
0;1;1;173.03;-1050;63;70.2433891369898
1;0;1;180.29;644;62;82.7655592355698
1;0;4;168.52;371;59;72.8071804550057
0;0;3;163.45;721;40;71.6209044371815
1;0;6;161.26;1288;46;74.212813876753
1;0;1;169.39;1645;54;75.0474962363043
0;0;0;161.56;777;0;71.5853446482145
0;1;1;170.41;-70;49;72.8585147467672
0;1;2;164.38;-1855;62;59.4030723959223
0;0;2;182.59;-42;52;77.3115573299202
1;0;4;167.35;-14;63;72.2190400099269
0;0;3;159.54;812;42;64.6491983500707
0;1;2;163.21;-1162;56;66.883870584264
0;1;2;178.17;-826;67;70.7169367047259
0;1;2;160.44;-511;64;61.1303138040725
0;0;3;149.34;679;48;65.870792654178
1;0;4;173.36;518;53;76.2375843934987
0;0;1;168.28;42;48;73.2175452652595
0;1;4;161.67;-91;58;55.1082136240531
1;0;6;192.44;518;57;91.9007436378745
0;0;2;154.15;28;53;54.1196112079969
1;0;2;180.86;63;55;79.1714542132037
0;1;4;164.94;-1659;49;64.292761692004
1;1;5;172.54;-469;66;78.1953621480537
0;0;4;166.14;602;40;72.1621599703648
0;0;1;161.73;525;41;70.5091767415175
0;0;4;164.23;-91;52;65.3925877735504
0;1;4;149.06;-490;56;48.5554105930826
0;1;2;163.35;-1106;64;67.6467553739328
0;0;1;156.41;826;41;58.1445293610116
1;0;1;176.82;959;57;84.6914468409887
0;0;3;163.53;-133;46;63.1161499472971
1;0;6;182.21;525;47;80.9043203379514
1;0;5;179.76;-126;56;76.4402030114574
0;0;3;157.82;1190;40;63.0668325773289
0;1;1;158.94;-1526;56;70.384296018496
1;0;6;190.31;490;50;90.1017857328877
0;1;4;150.15;224;67;57.0102092753041
0;1;3;163.27;147;61;61.0877849688849
0;1;1;173.96;28;65;71.4109167328045
1;0;5;181.23;406;49;90.2370993975797
1;0;2;174.57;357;49;79.6994562540444
1;1;6;178.49;-1484;75;85.2756737647607
1;0;1;172.63;-546;60;71.6587182490791
0;1;2;165.56;-1022;57;65.084803048205
1;0;2;179.49;308;47;83.3822397370185
1;0;6;186.79;-14;60;90.1438387627099
0;0;4;166.41;735;39;59.7516432702088
1;0;2;165.06;-91;54;67.4580921365313
1;0;3;175.61;1022;45;82.7510913154658
0;0;0;155.39;42;0;55.2084968148657
0;0;4;163.37;287;44;66.9396898965906
1;0;4;171.43;-112;57;72.9745936698297
1;0;5;184.95;798;50;80.5697146441299
0;1;2;151.92;-735;52;51.1864246075909
1;0;3;173.22;161;60;72.103527649185
1;0;2;183.84;574;53;89.3755024210042
0;0;1;151.94;441;35;53.4268600190015
1;0;2;173.42;-616;46;68.9028132207482
0;1;3;176.78;-714;65;75.9653578312299
